School name,Grade Level,Year,Principal's name,School web address,# Students,# Teachers,Students per teacher,Average daily attendance,Student mobility,Proficient on state ELA test - Grade 3,Proficient on state ELA test - Grade 3 - Last year,Proficient on state Math test - Grade 3,Proficient on state Math test - Grade 3 - Last year,Proficient on state ELA test - Grade 4,Proficient on state ELA test - Grade 4 - Last year,Proficient on state Math test - Grade 4,Proficient on state Math test - Grade 4 - Last year,Proficient on state ELA test - Grade 5,Proficient on state ELA test - Grade 5 - Last year,Proficient on state Math test - Grade 5,Proficient on state Math test - Grade 5 - Last year,Proficient on state Science test - Grade 5,Proficient on state Science test - Grade 5 - Last year,Proficient on state Science test - Grade 5 - Two years ago,Proficient on state ELA test - Grade 6,Proficient on state ELA test - Grade 6 - Last year,Proficient on state Math test - Grade 6,Proficient on state Math test - Grade 6 - Last year,Proficient on state ELA test - Grade 7,Proficient on state ELA test - Grade 7 - Last year,Proficient on state Math test - Grade 7,Proficient on state Math test - Grade 7 - Last year,Proficient on state ELA test - Grade 8,Proficient on state ELA test - Grade 8 - Last year,Proficient on state Math test - Grade 8,Proficient on state Math test - Grade 8 - Last year,Proficient on state Science test - Grade 8,Proficient on state Science test - Grade 8 - Last year,Proficient on state Science test - Grade 8 - Two years ago,Taking and Passing Algebra 1B by 8th grade,Taking and Passing Algebra 1B by 8th grade - Last year,Proficient on state ELA test - Grade 10,Proficient on state ELA test - Grade 10 - Last year,Proficient on state ELA test - Grade 11,Proficient on state ELA test - Grade 11 - Last year,Proficient on state Math test - Grade 11,Proficient on state Math test - Grade 11 - Last year,9th and 10th graders proficient on the state Biology test,9th and 10th graders proficient on the state Biology test - Last year,9th and 10th graders proficient on the state Biology test - Two years ago,10th graders meeting state testing requirements,10th graders meeting state testing requirements - Last year,9th graders earning sufficient credits,9th graders earning sufficient credits - Last year,9th graders earning sufficient credits - Two years ago,Students graduating in 4 years or fewer,Students graduating in 4 years or fewer - Last year,Students graduating in 4 years or fewer - Two years ago,Students graduating in 6 years or fewer,Students graduating in 6 years or fewer - Last year,Students graduating in 6 years or fewer - Two years ago,Students taking and passing a college-level course by 12th grade,Students taking and passing a college-level course by 12th grade - Last year,Students with fewer than 10 absences per year ,Students with fewer than 10 absences per year  - Last year,Students with fewer than 10 absences per year  - Two years ago,Family perceptions of School-Family Engagement,Family perceptions of School-Family Engagement - Last year,Family perceptions of School-Family Engagement - Two years ago,Family satisfaction with school quality,Family satisfaction with school quality - Last year,Family satisfaction with school quality - Two years ago,Student perceptions of school climate,Staff perceptions of professional environment,Staff perceptions of professional environment - Last year,Staff perceptions of professional environment - Two years ago,Families responding to survey,Families responding to survey - Last year,School demographics: % American Indian,School demographics: % Black,School demographics: % Hispanic,School demographics: % Asian/Pacific-Islander,School demographics: % White,School demographics: % Multiracial/Unknown,School demographics: % Free/Reduced Lunch,School demographics: % English Language Learners,School demographics: % Special Education,School demographics: % AL Eligible,Reading Proficiency: ALL,Reading Proficiency: ALL - Change over last year,Reading Proficiency: American Indian,Reading Proficiency: American Indian - Change over last year,Reading Proficiency: Black,Reading Proficiency: Black - Change over last year,Reading Proficiency: Hispanic,Reading Proficiency: Hispanic - Change over last year,Reading Proficiency: Asian/ Pacific-Islander,Reading Proficiency: Asian/ Pacific-Islander - Change over last year,Reading Proficiency: White,Reading Proficiency: White - Change over last year,Reading Proficiency: Multiracial/Unknown,Reading Proficiency: Multiracial/Unknown - Change over last year,Reading Proficiency: Free/Reduced Lunch,Reading Proficiency: Free/Reduced Lunch - Change over last year,Reading Proficiency: English Language Learners,Reading Proficiency: English Language Learners - Change over last year,Reading Proficiency: Special Education,Reading Proficiency: Special Education - Change over last year,Reading Proficiency: Gifted,Reading Proficiency: Gifted - Change over last year,Math Proficiency: ALL,Math Proficiency: ALL - Change over last year,Math Proficiency: American Indian,Math Proficiency: American Indian - Change over last year,Math Proficiency: Black,Math Proficiency: Black - Change over last year,Math Proficiency: Hispanic,Math Proficiency: Hispanic - Change over last year,Math Proficiency: Asian/ Pacific-Islander,Math Proficiency: Asian/ Pacific-Islander - Change over last year,Math Proficiency: White,Math Proficiency: White - Change over last year,Math Proficiency: Multiracial/Unknown,Math Proficiency: Multiracial/Unknown - Change over last year,Math Proficiency: Free/Reduced Lunch,Math Proficiency: Free/Reduced Lunch - Change over last year,Math Proficiency: English Language Learners,Math Proficiency: English Language Learners - Change over last year,Math Proficiency: Special Education,Math Proficiency: Special Education - Change over last year,Math Proficiency: Gifted,Math Proficiency: Gifted - Change over last year
District - Elementary,ES,2015-16,NA,www.seattleschools.org,27760,-,-,-,-,0.65445,0.62267,0.6881,0.63959,0.66923,0.64945,0.66612,0.6368,0.6925,0.65842,0.60088,0.56166,0.74333,0.71519,0.75979,-,-,-,-,-,-,-,-,-,-,-,-,-,-,-,-,-,-,-,-,-,-,-,-,-,-,-,-,-,-,-,-,-,-,-,-,-,-,-,0.73934,0.74502,0.76738,0.765,0.733,0.77,0.837,0.812,0.829,0.591,0.711,0.721,0.685,0.308,0.25242,0.00418,0.14438,0.11974,0.12972,0.48573,0.11625,0.35616,0.14521,0.11243,0.15303,0.67125,0.02837,0.3871,0.0746,0.34839,0.01048,0.46922,0.01622,0.68676,0.03756,0.81234,0.02482,0.70528,0.02878,0.41975,-0.00127,0.23107,0.02426,0.45058,0.00491,0.94834,0.00743,0.65352,0.03936,0.35484,0.00916,0.35273,0.04316,0.46048,0.05239,0.71938,0.04278,0.77456,0.03006,0.67228,0.02511,0.42218,0.02461,0.32821,0.06758,0.44229,0.03701,0.95448,0.00993
District - High School,MS,2015-16,NA,www.seattleschools.org,10803,-,-,-,-,-,-,-,-,-,-,-,-,-,-,-,-,-,-,-,0.64903,0.63554,0.61557,0.57764,0.66924,0.62452,0.62885,0.60532,0.67821,0.61185,0.61966,0.56433,0.735,0.66548,0.76719,0.46985,0.50507,-,-,-,-,-,-,-,-,-,-,-,-,-,-,-,-,-,-,-,-,-,-,0.65555,0.65814,0.67029,0.666,0.629,0.667,0.745,0.696,0.733,0.456,0.692,0.691,0.661,0.232,0.21152,0.00833,0.16014,0.12469,0.17347,0.45728,0.07609,0.40091,0.08211,0.137,0.26446,0.66513,0.04084,0.37079,0.03745,0.35915,0.04749,0.50346,0.03287,0.73542,0.02497,0.78907,0.04152,0.69307,0.03127,0.46354,0.02052,0.16667,-0.00817,0.33145,0.0019,0.9114,0.06268,0.6214,0.03891,0.38636,0.10376,0.28957,0.00261,0.43596,0.03535,0.7403,0.03254,0.74311,0.04768,0.63772,0.0409,0.41962,0.01266,0.2248,-0.0294,0.27633,0.01678,0.92145,0.05735
District - Middle,HS,2015-16,NA,www.seattleschools.org,14190,-,-,-,-,-,-,-,-,-,-,-,-,-,-,-,-,-,-,-,-,-,-,-,-,-,-,-,-,-,-,-,-,-,-,-,-,0.7878,0.7471,0.77066,0.09728,0.21504,0.06155,0.72434,0.70197,0.73411,0.68123,0.58162,0.86114,0.87344,0.84462,0.76804,0.763,0.741,0.83318,0.808,0.795,0.70131,0.6796,0.48337,0.50507,0.48912,0.643,0.612,0.621,0.729,0.705,0.685,0.529,0.674,0.661,0.684,0.182,0.15853,0.01085,0.17879,0.12438,0.19612,0.42805,0.0618,0.42481,0.0771,0.13354,0.11727,0.7878,0.04144,0.66667,0.14943,0.48545,0.02135,0.65789,0.02293,0.79148,-0.00852,0.93001,0.04884,0.83761,-0.03419,0.59784,0.01713,0.22426,0.00018,0.56906,0.14644,0.99359,0.04673,-,-,-,-,-,-,-,-,-,-,-,-,-,-,-,-,-,-,-,-,-,-
Adams Elementary,ES,2015-16,Timothy Moynihan,adamses.seattleschools.org,544,31,18,0.95943,0.08088,0.73913,0.68605,0.68478,0.60465,0.75862,0.68182,0.63218,0.62121,0.76271,0.69737,0.62712,0.61842,0.84746,0.80263,0.7375,-,-,-,-,-,-,-,-,-,-,-,-,-,-,-,-,-,-,-,-,-,-,-,-,-,-,-,-,-,-,-,-,-,-,-,-,-,-,-,0.77143,0.72973,0.78131,0.785,0.704,0.737,0.871,0.831,0.827,0.608,0.857,0.886,0.883,0.37,0.30179,0.00368,0.04412,0.10294,0.0386,0.70588,0.10478,0.18382,0.06618,0.12684,0.13603,0.7521,0.0635,-,-,0.16667,0.08333,0.5,0.1,0.63636,-0.07792,0.8503,0.04078,0.65217,-0.03204,0.32432,0.00766,0,-0.09524,0.4717,0.02984,1,-,0.65126,0.03723,-,-,0.08333,-0.08333,0.375,0.03214,0.63636,0.06494,0.74251,0.01462,0.56522,-0.01373,0.24324,-0.10676,0.06667,0.01905,0.43396,0.01536,0.9,-
Aki Kurose Middle School,MS,2015-16,Mia Williams,kurosems.seattleschools.org,721,41,18,0.93398,0.10957,-,-,-,-,-,-,-,-,-,-,-,-,-,-,-,0.43023,0.46186,0.47287,0.4958,0.53846,0.50472,0.48511,0.4,0.56744,0.424,0.56481,0.42629,0.59447,0.45344,0.56107,0.3722,0.29502,-,-,-,-,-,-,-,-,-,-,-,-,-,-,-,-,-,-,-,-,-,-,0.59322,0.59767,0.63952,0.825,0.725,0.748,0.857,0.729,0.791,0.464,0.726,0.598,0.546,0.098,0.08911,0.00416,0.32871,0.16782,0.41748,0.0319,0.04993,0.81969,0.23301,0.15257,0.04993,0.50778,0.04646,-,-,0.34874,0.06841,0.33628,0.05057,0.71034,0.03906,0.63636,0.02922,0.425,0.04265,0.4711,0.04777,0.19463,0.00186,0.13483,-0.06057,-,-,0.50494,0.06288,-,-,0.34728,0.06157,0.33628,0.091,0.68385,0.03557,0.63636,0.13636,0.575,0.22206,0.46248,0.05815,0.24667,0.00715,0.20225,0.00685,-,-
Alki Elementary,ES,2015-16,Rena Deese,alkies.seattleschools.org,413,23,18,0.95864,0.05327,0.80556,0.66176,0.79452,0.77941,0.83099,0.8,0.76056,0.78333,0.82258,0.6087,0.72581,0.52174,0.83871,0.6087,0.76596,-,-,-,-,-,-,-,-,-,-,-,-,-,-,-,-,-,-,-,-,-,-,-,-,-,-,-,-,-,-,-,-,-,-,-,-,-,-,-,0.76869,0.70519,0.7759,0.779,0.721,0.771,0.848,0.811,0.84,0.648,0.714,0.912,0.914,0.275,0.22039,0.01211,0.08717,0.09201,0.02179,0.67312,0.1138,0.2155,0.02663,0.11622,0.07264,0.81951,0.12411,-,-,0.77778,0.05778,0.8125,0.12019,-,-,0.83784,0.1137,0.78947,0.17409,0.79487,0.0641,-,-,0.6,0.2129,-,-,0.76214,0.04949,-,-,0.66667,0.10667,0.75,0.28846,-,-,0.77703,-0.01608,0.78947,0.09717,0.5641,0.00641,-,-,0.54286,0.15576,-,-
Arbor Heights Elementary,ES,2015-16,Christy Collins,arborheightses.seattleschools.org,410,25,16,0.95334,0.0561,0.67742,0.61194,0.45161,0.70769,0.5625,0.72881,0.46875,0.63793,0.64516,0.45238,0.31034,0.31707,0.67797,0.5122,0.74074,-,-,-,-,-,-,-,-,-,-,-,-,-,-,-,-,-,-,-,-,-,-,-,-,-,-,-,-,-,-,-,-,-,-,-,-,-,-,-,0.67299,0.73485,0.76441,0.751,0.671,0.786,0.768,0.738,0.819,0.586,0.569,0.522,0.709,0.289,0.26103,0.00488,0.10244,0.1122,0.07073,0.60244,0.10732,0.3122,0.03659,0.19756,0.10732,0.62766,0.01456,-,-,0.33333,-0.07407,0.47826,0.11462,0.66667,-,0.68807,-0.0728,0.875,0.40441,0.5,0.08442,-,-,0.4,-0.16098,-,-,0.41304,-0.17232,-,-,0.125,-0.26786,0.3913,0.08696,0.6,-,0.45714,-0.23851,0.4375,-0.10795,0.30303,-0.11589,-,-,0.28,-0.06146,-,-
B.F. Day Elementary,ES,2015-16,Stanley Jaskot,dayes.seattleschools.org,283,19,15,0.95652,0.12281,0.58537,0.62264,0.53659,0.64151,0.59615,0.57447,0.53846,0.65957,0.69048,0.67925,0.52381,0.56604,0.69048,0.62264,0.67308,-,-,-,-,-,-,-,-,-,-,-,-,-,-,-,-,-,-,-,-,-,-,-,-,-,-,-,-,-,-,-,-,-,-,-,-,-,-,-,0.70915,0.67967,0.7655,0.821,0.697,0.789,0.887,0.743,0.845,0.431,0.575,0.422,0.627,0.39,0.27711,0,0.12721,0.10247,0.08127,0.5689,0.12014,0.34629,0.12721,0.12014,0.10954,0.62222,-0.00523,-,-,0.3913,0.03416,0.35714,-0.06391,0.71429,0.08929,0.73529,-0.01169,0.625,0.16346,0.50909,0.05295,0.29412,0.05412,0.24,-0.16,-,-,0.53333,-0.08758,-,-,0.34783,-0.00932,0.2,-0.32632,0.71429,0.04762,0.61765,-0.08115,0.6,0.13846,0.4,-0.07368,0.27778,-0.16222,0.16,-0.2,-,-
Bailey Gatzert Elementary,ES,2015-16,Greg Imel,gatzertes.seattleschools.org,291,30,10,0.95281,0.24606,0.39583,0.34328,0.64583,0.43284,0.39216,0.36957,0.62745,0.28261,0.23913,0.37931,0.17391,0.36207,0.40426,0.37931,0.5,-,-,-,-,-,-,-,-,-,-,-,-,-,-,-,-,-,-,-,-,-,-,-,-,-,-,-,-,-,-,-,-,-,-,-,-,-,-,-,0.73066,0.77114,0.69658,0.882,0.904,0.88,0.891,0.845,0.858,0.601,0.557,0.637,0.819,0.107,0.09639,0.00687,0.57045,0.18213,0.14777,0.03093,0.06186,0.82474,0.40206,0.17869,0.01718,0.34483,-0.01775,-,-,0.32584,-0.04258,0.16,-0.10471,0.56522,0.09855,-,-,-,-,0.27586,-0.06789,0.11111,-0.05556,0.21212,0.04546,-,-,0.48966,0.12123,-,-,0.46067,0.11331,0.44,0.14588,0.6087,0.07536,-,-,-,-,0.44828,0.09828,0.37778,0.18333,0.36364,0.14141,-,-
Ballard High School,HS,2015-16,Keven Wynkoop,ballardhs.seattleschools.org,1708,84,21,0.92536,0.07909,-,-,-,-,-,-,-,-,-,-,-,-,-,-,-,-,-,-,-,-,-,-,-,-,-,-,-,-,-,-,-,-,0.93204,0.81667,0.86493,0.02151,0.11138,0.00269,0.89545,0.8952,0.9199,0.83678,0.7321,0.92144,0.95139,0.92806,0.90576,0.91,0.875,0.92308,0.932,0.937,0.82086,0.82653,0.589,0.56876,0.53186,0.65,0.605,0.599,0.705,0.671,0.662,0.514,0.651,0.713,0.642,0.214,0.18513,0.01288,0.04274,0.09778,0.06499,0.72482,0.05679,0.1534,0.01581,0.11007,0.11885,0.93204,0.11537,-,-,0.54545,0.14545,0.86957,-0.00223,0.92857,0.01948,0.9541,0.11798,0.94444,0.05556,0.77358,0.20216,0.42857,-,0.83673,0.32391,1,0.09091,-,-,-,-,-,-,-,-,-,-,-,-,-,-,-,-,-,-,-,-,-,-
Beacon Hill International School,ES,2015-16,Katherine Virga,beaconhilles.seattleschools.org,459,33,14,0.97033,0.06972,0.48148,0.42466,0.59756,0.56164,0.52308,0.61842,0.72727,0.67105,0.75342,0.52055,0.57534,0.45205,0.86301,0.71233,0.87179,-,-,-,-,-,-,-,-,-,-,-,-,-,-,-,-,-,-,-,-,-,-,-,-,-,-,-,-,-,-,-,-,-,-,-,-,-,-,-,0.83932,0.85259,0.84016,0.734,0.811,0.838,0.873,0.849,0.862,0.545,0.625,0.636,0.865,0.201,0.20765,0.00654,0.06318,0.37908,0.28758,0.14815,0.11547,0.6122,0.45534,0.08497,0.04357,0.58447,0.06195,-,-,0.52941,0.07941,0.4321,0.10231,0.68116,0.06826,0.77778,-0.06093,0.66667,-0.13333,0.46667,0.10303,0.38144,0.18557,0.21429,-0.09127,-,-,0.62896,0.0659,-,-,0.47059,0.02059,0.37805,0.09081,0.84286,0.03641,0.85185,-0.01912,0.75,-0.05,0.50735,0.10176,0.49495,0.18567,0.31034,0.08812,-,-
Broadview-Thomson K-8 School,ES,2015-16,Robert Sammons,broadviewk8.seattleschools.org,417,46,14,0.95024,0.17293,0.40845,0.44828,0.4507,0.43103,0.49057,0.51807,0.39623,0.58537,0.59155,0.60345,0.42254,0.56897,0.67606,0.65517,0.67532,-,-,-,-,-,-,-,-,-,-,-,-,-,-,-,-,-,-,-,-,-,-,-,-,-,-,-,-,-,-,-,-,-,-,-,-,-,-,-,0.70989,0.76016,0.77397,0.697,0.796,0.794,0.742,0.855,0.796,0.602,0.544,0.536,0.57,0.195,0.16809,0.0024,0.22062,0.21343,0.11031,0.34532,0.10791,0.56115,0.27338,0.13909,0.08393,0.49744,-0.02518,-,-,0.2619,-0.06418,0.31579,-0.00128,0.54167,-0.125,0.69565,-0.06149,0.61905,0.09524,0.29907,-0.08555,0.11765,-0.04144,0.39394,0.00684,-,-,0.42564,-0.10971,-,-,0.28571,-0.11429,0.21053,-0.15533,0.41667,-0.13889,0.6087,-0.09131,0.52381,-0.14286,0.28037,-0.10756,0.13725,0.00089,0.30303,0.01271,-,-
Broadview-Thomson K-8 School,MS,2015-16,Robert Sammons,broadviewk8.seattleschools.org,195,46,14,0.95024,0.17293,-,-,-,-,-,-,-,-,-,-,-,-,-,-,-,0.62264,0.63953,0.49057,0.45349,0.61446,0.59016,0.39759,0.4918,0.76786,0.59259,0.63636,0.48148,0.69091,0.57407,0.67273,0.23214,0.18519,-,-,-,-,-,-,-,-,-,-,-,-,-,-,-,-,-,-,-,-,-,-,0.71014,0.63677,0.64322,0.6,0.648,0.796,0.718,0.655,0.837,0.425,0.544,0.536,0.57,0.137,0.16757,0.01026,0.17436,0.26667,0.13846,0.32308,0.08718,0.61026,0.13846,0.22051,0.10769,0.66146,0.04952,-,-,0.63889,0.15171,0.46,-0.10604,0.69231,0.08517,0.81967,0.09086,0.64706,-0.01961,0.56637,0.04045,0.2069,-0.15025,0.5122,-0.05923,-,-,0.49215,0.01951,-,-,0.42857,0.12088,0.3,-0.05849,0.53846,0.03846,0.67213,0.01112,0.47059,-0.05322,0.38393,0.01356,0.07143,-0.17857,0.31707,-0.02987,-,-
Bryant Elementary,ES,2015-16,Dan Sanger,bryantes.seattleschools.org,592,31,19,0.96633,0.04054,0.90816,0.90698,0.87755,0.87209,0.90588,0.92308,0.85882,0.92222,0.95402,0.86207,0.8046,0.72414,0.97701,0.88506,0.89535,-,-,-,-,-,-,-,-,-,-,-,-,-,-,-,-,-,-,-,-,-,-,-,-,-,-,-,-,-,-,-,-,-,-,-,-,-,-,-,0.80098,0.81803,0.84323,0.731,0.722,0.774,0.806,0.825,0.861,0.589,0.816,0.937,0.908,0.429,0.34932,0.00507,0.01351,0.04561,0.05405,0.77027,0.11149,0.05912,0.03041,0.05574,0.21115,0.92222,0.0245,-,-,-,-,0.875,0.01786,0.85714,0.00714,0.92891,-0.00609,0.92,0.15077,0.82353,0.13932,-,-,0.84848,0.11772,1,0.1579,0.84815,0.00784,-,-,-,-,0.9375,0.22322,0.71429,-0.13572,0.84834,-0.00593,0.88,0.03385,0.64706,-0.03715,-,-,0.60606,-0.11394,1,0.1579
Cascade Parent Partnership,ES,2015-16,Owen Gonder,-,121,8,23,0.99974,0.24294,0.41176,-,0.29412,-,0.25,-,0.33333,-,0.44444,-,0.27778,-,0.44444,-,-,-,-,-,-,-,-,-,-,-,-,-,-,-,-,-,-,-,-,-,-,-,-,-,-,-,-,-,-,-,-,-,-,-,-,-,-,-,-,-,0.99259,0.97521,0.97345,0.842,-,0.837,0.841,-,0.826,0.618,0.904,-,0.818,0.398,-,0,0.05785,0.02479,0.07438,0.59504,0.24793,0.12397,0,0.09091,0.01653,0.38298,-0.22813,-,-,-,-,-,-,-,-,0.36,-0.25538,0.4,-,-,-,-,-,-,-,-,-,0.29787,-0.31324,-,-,-,-,-,-,-,-,0.32,-0.29538,0.33333,-,-,-,-,-,-,-,-,-
Cascade Parent Partnership,HS,2015-16,Owen Gonder,-,30,8,23,0.99974,0.24294,-,-,-,-,-,-,-,-,-,-,-,-,-,-,-,-,-,-,-,-,-,-,-,-,-,-,-,-,-,-,-,-,-,-,-,-,-,-,-,-,-,-,-,-,-,1,0.66667,0.143,0.111,0.125,0.192,0.367,0.25,0.36842,1,0.95455,0.96296,-,-,-,-,-,-,-,0.904,-,-,0.097,-,0,0.03333,0,0.1,0.66667,0.2,0.13333,0,0,0.06667,-,-,-,-,-,-,-,-,-,-,-,-,-,-,-,-,-,-,-,-,-,-,-,-,-,-,-,-,-,-,-,-,-,-,-,-,-,-,-,-,-,-,-,-
Cascade Parent Partnership,MS,2015-16,Owen Gonder,-,29,8,23,0.99974,0.24294,-,-,-,-,-,-,-,-,-,-,-,-,-,-,-,0.21429,-,0.28571,-,-,-,-,-,-,-,-,-,-,-,-,-,-,-,-,-,-,-,-,-,-,-,-,-,-,-,-,-,-,-,-,-,-,-,-,0.97059,0.92308,0.97727,-,-,-,-,-,-,0.739,0.904,-,0.818,0.333,-,0.03448,0.13793,0.10345,0,0.55172,0.17241,0.24138,0.03448,0.31034,0.03448,0.32,-0.14154,-,-,-,-,-,-,-,-,0.4,-,-,-,-,-,-,-,-,-,-,-,0.36,-0.02462,-,-,-,-,-,-,-,-,0.46667,-,-,-,-,-,-,-,-,-,-,-
Cascadia Elementary,ES,2015-16,Rina Geoghagan,applincolnes.seattleschools.org,754,37,20,0.96597,0.01194,0.91525,0.92537,0.92614,0.93284,0.90741,0.94643,0.91975,0.94643,0.93583,0.87429,0.95187,0.88,0.97861,0.98295,0.98667,-,-,-,-,-,-,-,-,-,-,-,-,-,-,-,-,-,-,-,-,-,-,-,-,-,-,-,-,-,-,-,-,-,-,-,-,-,-,-,0.82119,0.81042,0.84027,0.781,0.692,0.73,0.866,0.838,0.826,0.61,0.849,0.905,0.775,0.411,0.44055,0,0.00265,0.02653,0.1366,0.70027,0.13395,0.04244,0.00133,0.05968,1,0.92015,0.00611,-,-,-,-,0.84615,0.14615,0.98462,0.04712,0.9086,-0.00176,0.93243,-0.02211,0.78261,-0.11213,-,-,0.80435,-0.12065,0.92015,0.00611,0.93333,0.013,-,-,-,-,0.84615,0.14615,1,0.03125,0.92722,0.01126,0.91892,-0.0129,0.86957,-0.0778,-,-,0.80435,-0.12065,0.93333,0.013
Catharine Blaine K-8 School,ES,2015-16,Heather Johnson,blainek8.seattleschools.org,530,36,21,0.95643,0.05962,0.91566,0.67045,0.90361,0.73864,0.87209,0.7193,0.87209,0.80702,0.73333,0.85714,0.7,0.75325,0.85,0.90909,0.96,-,-,-,-,-,-,-,-,-,-,-,-,-,-,-,-,-,-,-,-,-,-,-,-,-,-,-,-,-,-,-,-,-,-,-,-,-,-,-,0.68819,0.7251,0.853,0.72,0.709,0.741,0.819,0.797,0.783,0.656,0.823,0.86,0.678,0.34,0.2861,0.00566,0.02453,0.03962,0.03585,0.75849,0.13585,0.06415,0.01698,0.12264,0.11321,0.85153,0.10378,-,-,-,-,0.91667,0.25,-,-,0.87283,0.0778,0.76,0.14462,0.6,0.14167,-,-,0.72093,0.12569,-,-,0.83843,0.07717,-,-,-,-,0.75,0.08333,-,-,0.87283,0.05917,0.84,0.34,0.66667,0.29167,-,-,0.67442,0.07918,-,-
Catharine Blaine K-8 School,MS,2015-16,Heather Johnson,blainek8.seattleschools.org,208,36,21,0.95643,0.05962,-,-,-,-,-,-,-,-,-,-,-,-,-,-,-,0.81818,0.87324,0.74026,0.77465,0.92857,0.75862,0.84286,0.72414,0.68333,0.8254,0.68333,0.80952,0.88333,0.80952,0.84746,0.83333,0.50794,-,-,-,-,-,-,-,-,-,-,-,-,-,-,-,-,-,-,-,-,-,-,0.78505,0.74747,0.75556,0.671,0.667,0.621,0.811,0.773,0.685,0.525,0.823,0.86,0.678,0.236,0.25714,0.00481,0.01923,0.06731,0.06731,0.72115,0.12019,0.09135,0.00481,0.10096,0.19231,0.81643,-0.00649,-,-,-,-,0.92857,-0.07143,0.73333,0.16191,0.82432,-0.03282,0.8,0.01053,0.64706,0.02801,-,-,0.72222,0.17677,1,-,0.75845,-0.01238,-,-,-,-,0.85714,0.07143,0.8,0.15714,0.76351,-0.03649,0.68,-0.05684,0.70588,0.08684,-,-,0.5,0,1,-
Chief Sealth Int'l High School,HS,2015-16,Aida Fraser-Hammer,chiefsealthhs.seattleschools.org,1174,65,18,0.85841,0.14213,-,-,-,-,-,-,-,-,-,-,-,-,-,-,-,-,-,-,-,-,-,-,-,-,-,-,-,-,-,-,-,-,0.60769,0.772,0.82022,0.31013,0.32937,0.06149,0.59712,0.64045,0.6732,0.5089,0.56884,0.80797,0.85324,0.77632,0.76721,0.832,0.797,0.90217,0.876,0.821,0.85953,0.60065,0.35346,0.43516,0.39066,0.501,0.511,0.566,0.588,0.584,0.627,0.424,0.546,0.559,0.495,0.121,0.12169,0.01959,0.20954,0.27598,0.18825,0.24702,0.05963,0.67206,0.11158,0.17547,0.03918,0.60769,-0.16431,-,-,0.36842,-0.30371,0.45588,-0.25181,0.74,-0.08609,0.79412,-0.11968,0.84615,0.06838,0.5,-0.17722,0.11765,-0.25735,0.38889,-0.03968,-,-,-,-,-,-,-,-,-,-,-,-,-,-,-,-,-,-,-,-,-,-,-,-
Cleveland STEM High School,HS,2015-16,George Breland,clevelandhs.seattleschools.org,842,43,19,0.89692,0.08918,-,-,-,-,-,-,-,-,-,-,-,-,-,-,-,-,-,-,-,-,-,-,-,-,-,-,-,-,-,-,-,-,0.71429,0.61395,0.66981,0.06931,0.40952,0.05419,0.74242,0.61187,0.73399,0.68159,0.54091,0.96347,0.96859,0.97748,0.89474,0.868,0.765,0.92265,0.842,0.788,0.76503,0.64322,0.46911,0.48398,0.39185,0.728,0.668,0.74,0.803,0.686,0.745,0.533,0.795,0.612,0.59,0.112,0.10795,0.00594,0.32067,0.09857,0.46793,0.06532,0.04157,0.67221,0.06651,0.09976,0.03444,0.71429,0.10033,-,-,0.53704,0.15899,0.68,-0.04222,0.80645,0.02295,0.91667,0.11667,0.6,-,0.69167,0.10131,0.07143,-0.02857,0.18182,0.01515,-,-,-,-,-,-,-,-,-,-,-,-,-,-,-,-,-,-,-,-,-,-,-,-
Concord International School,ES,2015-16,Norma Zavala,concordes.seattleschools.org,391,28,14,0.95581,0.19431,0.30645,0.39623,0.31148,0.44231,0.36957,0.25373,0.3913,0.22388,0.34848,0.61404,0.25758,0.35088,0.43939,0.57895,0.56818,-,-,-,-,-,-,-,-,-,-,-,-,-,-,-,-,-,-,-,-,-,-,-,-,-,-,-,-,-,-,-,-,-,-,-,-,-,-,-,0.70694,0.67661,0.74851,0.689,0.817,0.704,0.797,0.822,0.76,0.555,0.569,0.548,0.582,0.138,0.17958,0.00767,0.09719,0.63683,0.08951,0.12276,0.04604,0.82864,0.48593,0.12276,0.00256,0.33908,-0.07335,-,-,0.38889,-0.0873,0.22727,-0.09705,0.57895,-0.05263,0.70588,-0.09412,-,-,0.28169,-0.05831,0.10959,-0.08486,0.14815,0.01022,-,-,0.31214,-0.01741,-,-,0.22222,-0.12778,0.22936,0.01314,0.52632,0,0.70588,-0.09412,-,-,0.2695,-0.01238,0.16667,-0.01643,0.25926,-0.05109,-,-
Daniel Bagley Elementary,ES,2015-16,Carla Holmes,bagleyes.seattleschools.org,432,28,15,0.95653,0.07176,0.7069,0.70492,0.74138,0.68852,0.80952,0.76786,0.74603,0.66071,0.76786,0.79167,0.66071,0.72222,0.83929,0.84722,0.94,-,-,-,-,-,-,-,-,-,-,-,-,-,-,-,-,-,-,-,-,-,-,-,-,-,-,-,-,-,-,-,-,-,-,-,-,-,-,-,0.7216,0.73258,0.6974,0.714,0.729,0.708,0.839,0.832,0.809,0.649,0.736,0.546,0.747,0.359,0.273,0,0.04167,0.05787,0.1088,0.6713,0.12037,0.15509,0.03009,0.13426,0.13426,0.76271,0.0061,-,-,-,-,0.7,0.05294,0.75,0.10294,0.82051,0.02686,0.52174,-0.32037,0.58621,0.03065,-,-,0.33333,-0.30556,1,-,0.71751,0.02439,-,-,-,-,0.8,0.21177,0.7,0.05294,0.76923,0.01526,0.43478,-0.0389,0.44828,-0.05173,-,-,0.4,-0.07222,1,-
Dearborn Park Int'l School,ES,2015-16,Angela Bogan,dearbornes.seattleschools.org,371,24,15,0.95596,0.0914,0.46032,0.28571,0.35938,0.27083,0.24,0.44444,0.42,0.57407,0.53061,0.60714,0.57143,0.55357,0.8,0.76786,0.5098,-,-,-,-,-,-,-,-,-,-,-,-,-,-,-,-,-,-,-,-,-,-,-,-,-,-,-,-,-,-,-,-,-,-,-,-,-,-,-,0.71208,0.71429,0.73434,0.751,0.787,0.805,0.85,0.77,0.848,0.539,0.697,0.813,0.949,0.173,0.1635,0.0027,0.32075,0.09434,0.43127,0.07008,0.08086,0.80054,0.31806,0.07817,0.04852,0.41358,-0.03925,-,-,0.24528,-0.00472,0.4,0,0.53165,-0.03798,-,-,-,-,0.3876,-0.06379,0.12195,-0.06555,0.2,0,-,-,0.44172,-0.03297,-,-,0.24528,-0.03131,0.2,-0.26667,0.6375,0.01725,-,-,-,-,0.41538,-0.03916,0.26829,-0.10671,0.33333,-0.06667,-,-
Denny Int'l Middle School,MS,2015-16,Jeff Clark,dennyms.seattleschools.org,864,54,16,0.92687,0.10983,-,-,-,-,-,-,-,-,-,-,-,-,-,-,-,0.51923,0.49498,0.58846,0.50662,0.61594,0.5114,0.58182,0.52443,0.66221,0.6457,0.57333,0.7,0.68771,0.58528,0.67754,0.2053,0.2918,-,-,-,-,-,-,-,-,-,-,-,-,-,-,-,-,-,-,-,-,-,-,0.58595,0.62807,0.63471,0.662,0.712,0.699,0.718,0.727,0.736,0.458,0.789,0.728,0.743,0.115,0.12114,0.01852,0.22222,0.29514,0.17593,0.22454,0.06366,0.72454,0.12384,0.18634,0.06597,0.6024,0.05174,0.4,0.2,0.47191,0.12043,0.54286,0.09039,0.70395,0.01114,0.73684,0.01271,0.6,-0.10833,0.51531,0.07838,0.18269,0.06505,0.29487,-0.03205,0.90909,-0.00758,0.58084,0.00438,0.33333,0.13333,0.43017,-0.00826,0.51639,0.02021,0.71053,-0.02496,0.70526,0.02561,0.63636,-0.0303,0.51104,0.01334,0.27619,-0.06205,0.33974,0.08188,0.90909,-0.00758
Dunlap Elementary,ES,2015-16,Winifred Todd,dunlapes.seattleschools.org,298,27,12,0.94797,0.41311,0.59574,0.38182,0.6383,0.48148,0.34091,0.39655,0.38636,0.37931,0.37736,0.29508,0.26415,0.29508,0.32075,0.27869,0.5,-,-,-,-,-,-,-,-,-,-,-,-,-,-,-,-,-,-,-,-,-,-,-,-,-,-,-,-,-,-,-,-,-,-,-,-,-,-,-,0.68937,0.73978,0.72101,0.727,0.843,0.827,0.782,0.856,0.82,0.555,0.684,0.687,0.726,0.086,0.10227,0.00336,0.44631,0.24497,0.22148,0.02349,0.0604,0.81208,0.44631,0.07718,0.00671,0.4375,0.08118,-,-,0.31884,0.07193,0.41176,0.16176,0.66667,0.0303,-,-,-,-,0.42623,0.08649,0.21951,0.01639,0.3,0.15714,-,-,0.42361,0.04211,-,-,0.34783,0.03919,0.26471,0.03613,0.73333,0.07424,-,-,-,-,0.42623,0.07139,0.26829,0.04954,0.2,0.05714,-,-
Eckstein Middle School,MS,2015-16,Treena Sterk,ecksteinms.seattleschools.org,906,44,21,0.94874,0.07174,-,-,-,-,-,-,-,-,-,-,-,-,-,-,-,0.77816,0.76623,0.73038,0.73955,0.74351,0.6875,0.78317,0.71181,0.8172,0.76364,0.66906,0.67391,0.85663,0.81429,0.8255,0.525,0.42908,-,-,-,-,-,-,-,-,-,-,-,-,-,-,-,-,-,-,-,-,-,-,0.69132,0.67622,0.68578,0.706,0.632,0.66,0.774,0.746,0.714,0.46,0.766,0.669,0.636,0.287,0.28125,0.00331,0.04525,0.06733,0.09492,0.70971,0.07947,0.14459,0.01987,0.10044,0.33996,0.77841,0.03903,-,-,0.28947,-0.02871,0.58621,0.01698,0.82278,0.06237,0.8179,0.03146,0.81538,0.04074,0.48276,0.00477,0.125,-0.05682,0.30864,0.03205,0.97872,0.04122,0.72955,0.01983,-,-,0.18421,0.04785,0.51724,0.09537,0.75949,-0.05051,0.77551,0.00901,0.76923,0.03684,0.38261,0.02412,0.17647,-0.20815,0.3125,0.01463,0.93617,0.02992
Emerson Elementary,ES,2015-16,Andrea Drake,emersones.seattleschools.org,313,24,13,0.93984,0.20571,0.18868,0.30952,0.35849,0.2619,0.37143,0.2963,0.37143,0.2037,0.42,0.26316,0.20408,0.21053,0.44898,0.23684,0.18519,-,-,-,-,-,-,-,-,-,-,-,-,-,-,-,-,-,-,-,-,-,-,-,-,-,-,-,-,-,-,-,-,-,-,-,-,-,-,-,0.62,0.71753,0.68079,0.735,0.626,-,0.688,0.696,-,0.467,0.304,0.543,0.688,0.074,0.08163,0.00319,0.4345,0.16933,0.2492,0.0607,0.08307,0.71565,0.39936,0.16933,0.00319,0.31884,0.0278,-,-,0.16071,0.00687,0.29167,0.025,0.56757,0.03979,-,-,0.25,-,0.27451,0.01558,0.14634,0.01814,0,0,-,-,0.30657,0.08269,-,-,0.09091,0.02937,0.33333,0.06667,0.56757,0.12312,-,-,0.41667,-,0.30392,0.12535,0.21951,0.11695,0.03448,0.03448,-,-
Fairmount Park Elementary,ES,2015-16,Julie Breidenbach,fairmountparkes.seattleschools.org,473,26,18,0.96248,0.09165,0.88043,0.85185,0.91304,0.85185,0.85507,0.86441,0.88406,0.88136,0.93548,0.74194,0.90769,0.6875,0.93651,0.74194,-,-,-,-,-,-,-,-,-,-,-,-,-,-,-,-,-,-,-,-,-,-,-,-,-,-,-,-,-,-,-,-,-,-,-,-,-,-,-,-,0.79352,0.73127,0.73127,0.842,0.819,-,0.916,0.879,-,0.69,0.856,0.92,-,0.44,0.37918,0.00211,0.03383,0.09514,0.04863,0.6723,0.14799,0.12896,0.04017,0.07188,0.5222,0.88789,0.05456,-,-,0.5,0.2,0.6875,-0.14583,0.66667,-0.13333,0.9396,0.0396,0.96875,0.11161,0.54167,0.12061,-,-,0.85714,-,0.9633,-0.02241,0.90265,0.07507,-,-,0.6,0.4,0.875,0.02885,0.8,0.1,0.92763,0.02763,0.9375,0.03274,0.625,0.225,-,-,0.97143,-,0.97248,-0.01324
Franklin High School,HS,2015-16,Jennifer Wiley,franklinhs.seattleschools.org,1308,68,19,0.91117,0.14439,-,-,-,-,-,-,-,-,-,-,-,-,-,-,-,-,-,-,-,-,-,-,-,-,-,-,-,-,-,-,-,-,0.67702,0.6,0.72028,0.25,0.53114,0.20544,0.74383,0.70567,0.74923,0.65325,0.56446,0.86063,0.84393,0.79739,0.80655,0.788,0.785,0.88485,0.835,0.849,0.76877,0.75077,0.53646,0.54558,0.48652,0.684,0.625,0.681,0.757,0.703,0.694,0.491,0.605,0.577,0.658,0.109,0.09519,0.00612,0.27217,0.09862,0.52676,0.06728,0.02905,0.72324,0.17737,0.10398,0.03211,0.67702,0.07702,-,-,0.46154,0.16742,0.42857,-0.0197,0.80791,0.04952,0.8125,-0.11607,0.8,-,0.64414,0.09742,0.27419,0.1655,0.2,0.16875,-,-,-,-,-,-,-,-,-,-,-,-,-,-,-,-,-,-,-,-,-,-,-,-
Frantz Coe Elementary,ES,2015-16,Virginia Turner,coees.seattleschools.org,545,33,17,0.96336,0.04037,0.77083,0.89535,0.6875,0.8046,0.94505,0.83133,0.87912,0.78313,0.84615,0.88889,0.78205,0.77778,0.91026,0.94444,0.93421,-,-,-,-,-,-,-,-,-,-,-,-,-,-,-,-,-,-,-,-,-,-,-,-,-,-,-,-,-,-,-,-,-,-,-,-,-,-,-,0.78929,0.78403,0.8,0.87,0.837,0.825,0.919,0.886,0.848,0.662,0.923,0.846,0.846,0.329,0.255,0.00367,0.02202,0.1156,0.04404,0.72661,0.08807,0.14312,0.07339,0.11927,0.20183,0.85283,-0.01854,-,-,-,-,0.48148,-0.03852,0.78571,-0.03782,0.91414,0.0011,0.94444,-0.05556,0.63333,0.11333,0.35714,-,0.63265,-0.09235,1,0,0.78113,-0.00812,-,-,-,-,0.44444,-0.07556,0.78571,-0.09664,0.83333,0.02252,0.72222,-0.12393,0.46667,-0.0718,0.21429,-0.24026,0.59184,0.01684,1,0
Garfield High School,HS,2015-16,Theodore Howard II,garfieldhs.seattleschools.org,1722,79,22,0.90211,0.11505,-,-,-,-,-,-,-,-,-,-,-,-,-,-,-,-,-,-,-,-,-,-,-,-,-,-,-,-,-,-,-,-,0.84091,0.8118,0.84675,0.01823,0.01081,0.01067,0.72876,0.70447,0.75728,0.76053,0.65591,0.89451,0.92241,0.88624,0.84474,0.846,0.878,0.93424,0.916,0.939,0.87166,0.81717,0.44402,0.45486,0.4829,0.55,0.534,0.6,0.691,0.681,0.682,0.496,0.559,0.633,0.599,0.211,0.17255,0.00581,0.26307,0.08188,0.17538,0.40244,0.07143,0.37689,0.0482,0.07375,0.33566,0.84091,0.03139,-,-,0.55556,-0.17076,0.80645,0.11201,0.85075,-0.05466,0.98462,0.1488,0.91892,-0.02226,0.63415,-0.08926,0.31818,-0.13182,0.55,0.21667,0.98734,0.08538,-,-,-,-,-,-,-,-,-,-,-,-,-,-,-,-,-,-,-,-,-,-
Gatewood Elementary,ES,2015-16,Constance Aleman,gatewoodes.seattleschools.org,430,28,15,0.95161,0.11163,0.68182,0.59375,0.78788,0.57143,0.5,0.63889,0.51515,0.65278,0.63636,0.59649,0.65152,0.51786,0.83333,0.66071,0.76316,-,-,-,-,-,-,-,-,-,-,-,-,-,-,-,-,-,-,-,-,-,-,-,-,-,-,-,-,-,-,-,-,-,-,-,-,-,-,-,0.7011,0.70805,0.74223,0.764,0.794,0.769,0.809,0.83,0.823,0.566,0.54,0.587,0.737,0.318,0.2459,0.00233,0.13023,0.1,0.02558,0.63488,0.10698,0.32791,0.0814,0.13256,0.04884,0.60606,-0.00534,-,-,0.20588,-0.01033,0.46429,-0.05952,-,-,0.74576,-0.00206,0.75,0.05769,0.33333,-0.08772,0.05263,-0.13785,0.425,-0.00357,-,-,0.65152,0.06513,-,-,0.23529,-0.02185,0.57143,0.14286,-,-,0.76271,0.06706,0.91667,0.14744,0.42424,0.03235,0.31579,0.01579,0.5,0.07143,-,-
Genesee Hill Elementary,ES,2015-16,Gerrit Kischner,geneseehilles.seattleschools.org,640,35,19,0.95131,0.05625,0.77966,0.69149,0.81513,0.69149,0.84884,0.77778,0.77907,0.83333,0.7907,0.76,0.68132,0.66667,0.87912,0.76,0.84932,-,-,-,-,-,-,-,-,-,-,-,-,-,-,-,-,-,-,-,-,-,-,-,-,-,-,-,-,-,-,-,-,-,-,-,-,-,-,-,0.66617,0.6129,0.7397,0.727,0.745,0.749,0.784,0.814,0.789,0.572,0.684,0.588,0.621,0.417,0.32594,0.00156,0.03125,0.04844,0.04531,0.75313,0.12031,0.13125,0.00938,0.06719,0.03281,0.80345,0.06214,-,-,-,-,-,-,0.88235,0.18235,0.80631,0.0512,0.78378,0.08378,0.56667,-0.01026,-,-,0.62069,0.22783,-,-,0.76351,0.02992,-,-,-,-,-,-,0.82353,0.02353,0.77193,0.02193,0.7027,-0.0473,0.43333,-0.10513,-,-,0.6,0.17143,-,-
Graham Hill Elementary,ES,2015-16,Deena Russo,grahamhilles.seattleschools.org,352,29,12,0.95627,0.13636,0.4375,0.39216,0.60938,0.31373,0.20833,0.41304,0.41667,0.38298,0.38298,0.42105,0.6875,0.33333,0.60417,0.47368,0.55932,-,-,-,-,-,-,-,-,-,-,-,-,-,-,-,-,-,-,-,-,-,-,-,-,-,-,-,-,-,-,-,-,-,-,-,-,-,-,-,0.74286,0.72155,0.76279,0.855,0.686,0.671,0.87,0.739,0.753,0.596,0.577,0.683,0.64,0.134,0.18677,0.00852,0.3125,0.16193,0.19602,0.19318,0.12784,0.69602,0.375,0.125,0.03125,0.3522,-0.05689,-,-,0.2037,-0.13501,0.31818,0.06818,0.4359,-0.03633,0.59259,-0.15741,0.33333,0.04762,0.27434,-0.02566,0.07407,-0.08382,0.1,-0.33478,-,-,0.575,0.23307,-,-,0.44444,0.15412,0.5,0.3,0.725,0.33611,0.66667,0,0.6,0.38572,0.54386,0.31863,0.43636,0.29601,0.45,0.23261,-,-
Green Lake Elementary,ES,2015-16,Joanne Bowers,greenlakees.seattleschools.org,334,21,16,0.95744,0.17804,0.74576,0.68182,0.75,0.73913,0.52,0.54545,0.6,0.61765,0.625,0.85714,0.525,0.65306,0.82927,0.91837,0.87234,-,-,-,-,-,-,-,-,-,-,-,-,-,-,-,-,-,-,-,-,-,-,-,-,-,-,-,-,-,-,-,-,-,-,-,-,-,-,-,0.7628,0.80062,0.79392,0.82,0.759,0.789,0.877,0.863,0.839,0.689,0.833,0.838,0.886,0.447,0.34052,0.00299,0.02096,0.05689,0.07784,0.73054,0.11078,0.15269,0.03593,0.11078,0.10479,0.63758,-0.0767,-,-,-,-,0.14286,-0.31868,-,-,0.71053,-0.03947,0.8,0.1,0.17391,-0.34461,0.2,-,0.33333,-0.14493,-,-,0.64,-0.03442,-,-,-,-,0.21429,-0.32418,0.4,-,0.72566,0.01432,0.6,0.1,0.21739,-0.30113,0.27273,-,0.44444,0.00966,-,-
Greenwood Elementary,ES,2015-16,Walter Trotter,greenwoodes.seattleschools.org,347,19,19,0.96017,0.09809,0.77465,0.73438,0.77465,0.76563,0.75,0.80488,0.63333,0.7561,0.78261,0.82609,0.58696,0.56522,0.80435,0.81159,0.74,-,-,-,-,-,-,-,-,-,-,-,-,-,-,-,-,-,-,-,-,-,-,-,-,-,-,-,-,-,-,-,-,-,-,-,-,-,-,-,0.7623,0.78646,0.79469,0.825,0.785,0.846,0.897,0.866,0.881,0.674,0.745,0.821,0.793,0.37,0.26007,0.00865,0.07205,0.0951,0.05476,0.66859,0.10086,0.19308,0.01729,0.07781,0.16715,0.76836,-0.019,-,-,0.4,-0.35,0.63636,-0.15311,0.75,-0.0625,0.84545,0.02303,0.8125,0.10662,0.43902,-0.24098,-,-,0.42857,0.02857,-,-,0.67797,-0.00594,-,-,0.26667,-0.06667,0.63636,0.00479,0.58333,-0.16667,0.77273,0.02506,0.625,0.03677,0.36585,-0.01415,-,-,0.39286,-0.10714,-,-
Hamilton International Middle School,MS,2015-16,Tipton Blish,hamiltonms.seattleschools.org,1094,56,19,0.95373,0.03108,-,-,-,-,-,-,-,-,-,-,-,-,-,-,-,0.8,0.74419,0.81546,0.78198,0.76454,0.69132,0.77008,0.74277,0.72699,0.62909,0.75841,0.69455,0.88344,0.82836,0.90934,0.71515,0.63701,-,-,-,-,-,-,-,-,-,-,-,-,-,-,-,-,-,-,-,-,-,-,0.70504,0.70337,0.71238,0.683,0.637,0.649,0.793,0.758,0.746,0.545,0.663,0.636,0.623,0.35,0.28538,0.00366,0.01828,0.05302,0.09324,0.74771,0.0841,0.08501,0.01645,0.09141,0.67459,0.76633,0.07386,-,-,0.2381,-0.11191,0.54237,0.1138,0.68,0.02483,0.81706,0.08075,0.70213,0.05927,0.36905,0.06568,0.16667,-0.03333,0.33684,-0.03302,0.87744,0.06392,0.78329,0.04028,-,-,0.22727,-0.17273,0.60345,0.10345,0.84158,0.09446,0.81459,0.03793,0.71579,-0.01278,0.38824,-0.04997,0.45,-0.15,0.41489,-0.10565,0.89876,0.04095
Hawthorne Elementary,ES,2015-16,Sandra Scott,hawthornees.seattleschools.org,390,25,16,0.95187,0.24872,0.62687,0.35484,0.71014,0.35938,0.44444,0.54,0.41509,0.47059,0.56,0.43182,0.36,0.36957,0.46,0.42222,0.2037,-,-,-,-,-,-,-,-,-,-,-,-,-,-,-,-,-,-,-,-,-,-,-,-,-,-,-,-,-,-,-,-,-,-,-,-,-,-,-,0.67473,0.72072,0.68039,0.824,0.762,0.791,0.857,0.787,0.826,0.505,0.83,0.818,0.693,0.225,0.14236,0,0.28974,0.18462,0.18718,0.2359,0.10256,0.64359,0.26154,0.07692,0.18718,0.54971,0.11381,-,-,0.35849,0.03646,0.48649,0.21726,0.65517,0.08374,0.79412,0.06685,0.61111,0.14957,0.43103,0.0949,0.29412,0.21719,0.14286,0.08403,1,-,0.51744,0.11993,-,-,0.31481,0.06058,0.51351,0.26351,0.62069,0.12069,0.76471,-0.00802,0.5,0.03846,0.39316,0.10284,0.41176,0.29549,0.28571,0.10924,1,-
Hazel Wolf K-8 School,ES,2015-16,Debbie Nelsen,addamsk8.seattleschools.org,477,41,18,0.9489,0.02246,0.74026,0.67606,0.76623,0.61111,0.7125,0.56,0.75,0.62667,0.78049,0.59677,0.68293,0.40323,0.81707,0.70968,0.80597,-,-,-,-,-,-,-,-,-,-,-,-,-,-,-,-,-,-,-,-,-,-,-,-,-,-,-,-,-,-,-,-,-,-,-,-,-,-,-,0.69231,0.73207,0.78082,0.79,0.734,0.792,0.87,0.863,0.84,0.603,0.85,0.837,0.821,0.403,0.33718,0.00419,0.06918,0.10063,0.06499,0.65828,0.10273,0.20964,0.0587,0.08805,0.2348,0.74477,0.13419,-,-,0.33333,-0.09524,0.51724,0.19581,0.57143,0.14286,0.87342,0.13358,0.57895,0.04049,0.4918,0.07514,0.25,0.02778,0.66667,0.18841,0.96552,0.02434,0.73222,0.17719,-,-,0.22222,0.01533,0.44828,0.09113,0.78571,0.5,0.85443,0.14711,0.63158,0.01619,0.45902,0.15346,0.3,0.15185,0.53333,0.2,0.96552,0.02434
Hazel Wolf K-8 School,MS,2015-16,Debbie Nelsen,addamsk8.seattleschools.org,280,41,18,0.9489,0.02246,-,-,-,-,-,-,-,-,-,-,-,-,-,-,-,0.72941,0.72414,0.70588,0.62069,0.74419,0.75926,0.67442,0.68519,0.83019,0.40909,0.74528,0.43077,0.86792,0.71642,0.84,0.52778,0.47761,-,-,-,-,-,-,-,-,-,-,-,-,-,-,-,-,-,-,-,-,-,-,0.62676,0.66312,0.66667,0.738,0.705,0.763,0.816,0.855,0.821,0.508,0.85,0.837,0.821,0.341,0.25941,0.01429,0.08214,0.11071,0.07143,0.65,0.07143,0.23214,0.01786,0.1,0.26429,0.77256,0.11356,-,-,0.66667,0.33333,0.5,0.01613,0.66667,0.11667,0.82418,0.09799,0.89474,0.10526,0.59649,0.1571,-,-,0.62069,0.10456,1,0.16667,0.71119,0.11119,-,-,0.45833,0.23611,0.6,0.11613,0.55556,0.00556,0.78022,0.1076,0.63158,0.07602,0.45614,0.0622,-,-,0.41379,0.09121,1,0.25
Highland Park Elementary,ES,2015-16,Chris Cronas,highlandparkes.seattleschools.org,353,32,11,0.95198,0.2021,0.39683,0.50704,0.42857,0.52113,0.4058,0.18868,0.31884,0.13208,0.26087,0.37736,0.22222,0.30189,0.3913,0.42308,0.55738,-,-,-,-,-,-,-,-,-,-,-,-,-,-,-,-,-,-,-,-,-,-,-,-,-,-,-,-,-,-,-,-,-,-,-,-,-,-,-,0.68475,0.6975,0.69804,0.719,0.644,0.726,0.832,0.682,0.731,0.57,0.543,0.555,0.658,0.11,0.12075,0.0255,0.15864,0.31445,0.2238,0.14731,0.13031,0.83003,0.35694,0.16997,0,0.36517,-0.00771,-,-,0.28571,0.00571,0.22034,-0.01043,0.52,0.0102,0.47368,-0.21382,0.47059,0.00392,0.32639,0.01026,0.16923,0.07664,0.22222,-0.02102,-,-,0.33333,-0.00565,-,-,0.37037,0.09037,0.0678,-0.17836,0.58,0.14863,0.57895,-0.04605,0.23529,-0.09804,0.27972,-0.04286,0.16923,-0.01596,0.15909,-0.00307,-,-
Ingraham Int'l High School,HS,2015-16,Martin Floe,ingrahamhs.seattleschools.org,1239,63,20,0.90095,0.09766,-,-,-,-,-,-,-,-,-,-,-,-,-,-,-,-,-,-,-,-,-,-,-,-,-,-,-,-,-,-,-,-,0.82334,0.87452,0.82748,0.01141,0.04983,0.00746,0.7907,0.73518,0.71368,0.76023,0.63462,0.91118,0.90202,0.84375,0.83088,0.798,0.753,0.84977,0.827,0.842,0.75725,0.7126,0.49073,0.51163,0.48532,0.712,0.625,0.676,0.791,0.723,0.723,0.564,0.791,0.781,0.766,0.204,0.2006,0.00646,0.0904,0.11542,0.15496,0.55932,0.07345,0.29944,0.06618,0.11945,0.30024,0.82334,-0.05118,-,-,0.3,-0.38,0.58824,-0.07843,0.84091,-0.02866,0.92308,-0.01652,0.81081,-0.18919,0.52439,-0.22561,0.17647,-0.0902,0.4,-0.00909,1,0,-,-,-,-,-,-,-,-,-,-,-,-,-,-,-,-,-,-,-,-,-,-
Interagency Academy,HS,2015-16,Kaaren Andrews,interagency.seattleschools.org,362,30,12,0.5739,2.98623,-,-,-,-,-,-,-,-,-,-,-,-,-,-,-,-,-,-,-,-,-,-,-,-,-,-,-,-,-,-,-,-,0.20313,0.23684,0.32639,0.07692,0.01439,0.00769,0.10909,0.09836,0.22727,0.13115,0.04545,0.18182,0.15385,0.29412,0.22581,0.124,0.037,0.22667,0.171,0.196,0.16475,0.15421,0.27802,0.33007,0.33422,0.698,0.661,0.47,0.742,0.724,0.44,0.578,0.702,0.771,0.857,0.042,0.05419,0.04696,0.39227,0.24033,0.08564,0.18232,0.05249,0.81215,0.05801,0.25691,0,0.20313,-0.03372,-,-,0.05263,-0.0764,0.27273,-0.06061,-,-,0.28571,-0.06723,-,-,0.21739,-0.02822,-,-,0.29412,0.16912,-,-,-,-,-,-,-,-,-,-,-,-,-,-,-,-,-,-,-,-,-,-,-,-
Jane Addams Middle School,MS,2015-16,Paula Montgomery,addamsms.seattleschools.org,825,45,18,0.94403,0.07022,-,-,-,-,-,-,-,-,-,-,-,-,-,-,-,0.66883,0.65595,0.64821,0.54984,0.66452,0.6,0.65595,0.54146,0.57,0.69948,0.57813,0.54082,0.5625,0.64583,-,0.56853,0.46231,-,-,-,-,-,-,-,-,-,-,-,-,-,-,-,-,-,-,-,-,-,-,0.69672,0.69767,0.69767,0.688,0.65,-,0.763,0.716,-,0.448,0.597,0.777,-,0.308,0.2844,0.01212,0.09576,0.11636,0.15394,0.53333,0.08848,0.29818,0.07758,0.12485,0.43879,0.64303,-0.00859,0.36364,-,0.1625,-0.1387,0.3871,-0.07957,0.73984,-0.02652,0.75515,0.02763,0.7027,-0.00744,0.28821,-0.14341,0.125,-0.01136,0.27551,-0.10227,0.88396,0.02955,0.63457,0.08962,0.5,-,0.13924,-0.05353,0.32967,0.0402,0.7561,0.0038,0.73563,0.1171,0.76389,0.18418,0.26339,-0.03073,0.19355,-0.01922,0.28866,0.07518,0.90411,0.13016
John Hay Elementary,ES,2015-16,Tami Beach,hayes.seattleschools.org,499,33,15,0.96024,0.12224,0.75309,0.88636,0.6506,0.88506,0.85393,0.83146,0.83146,0.80899,0.93902,0.89655,0.7561,0.80682,0.92683,0.93103,0.93548,-,-,-,-,-,-,-,-,-,-,-,-,-,-,-,-,-,-,-,-,-,-,-,-,-,-,-,-,-,-,-,-,-,-,-,-,-,-,-,0.76534,0.72035,0.75578,0.752,0.714,0.799,0.846,0.76,0.851,0.591,0.606,0.796,0.904,0.336,0.2531,0,0.04208,0.08016,0.13427,0.59319,0.1503,0.14028,0.03808,0.08016,0.1523,0.84921,-0.02201,-,-,0.3,-,0.82759,0.05836,0.88462,0.00962,0.875,-0.04066,0.88571,0.07321,0.56667,-0.04445,-,-,0.81481,-0.04725,1,0,0.74803,-0.08847,-,-,0.3,-,0.65517,-0.15252,0.85714,0.01339,0.77632,-0.12065,0.74286,0.05536,0.48387,-0.07169,-,-,0.51852,-0.2401,1,0
John Muir Elementary,ES,2015-16,Brenda Ball Cuthbertson,muires.seattleschools.org,397,28,14,0.96242,0.09572,0.43284,0.38571,0.4697,0.44286,0.24242,0.40299,0.27273,0.41791,0.5,0.58904,0.38462,0.49315,0.55385,0.64384,0.63291,-,-,-,-,-,-,-,-,-,-,-,-,-,-,-,-,-,-,-,-,-,-,-,-,-,-,-,-,-,-,-,-,-,-,-,-,-,-,-,0.79529,0.75378,0.78395,0.752,0.744,0.796,0.744,0.768,0.808,0.49,0.702,0.591,0.828,0.163,0.17868,0.00504,0.47355,0.10579,0.11587,0.18892,0.11083,0.70025,0.29471,0.06297,0.13854,0.39196,-0.06995,-,-,0.22093,-0.00634,0.26923,-0.14253,0.62069,-0.02217,0.7,-0.12857,0.35294,-0.16558,0.24806,-0.06129,0.12,0.07,0.26316,-0.10526,-,-,0.37563,-0.07675,-,-,0.22619,0.02165,0.23077,-0.12217,0.55172,-0.09113,0.625,-0.14643,0.47059,-0.15904,0.22047,-0.09607,0.12245,0.02245,0.16667,-0.09649,-,-
John Rogers Elementary,ES,2015-16,Sara Mirabueno,rogerses.seattleschools.org,389,25,16,0.95428,0.13625,0.56667,0.42308,0.65574,0.57692,0.6087,0.62222,0.65217,0.57778,0.69388,0.64444,0.5102,0.6087,0.6875,0.84444,0.75,-,-,-,-,-,-,-,-,-,-,-,-,-,-,-,-,-,-,-,-,-,-,-,-,-,-,-,-,-,-,-,-,-,-,-,-,-,-,-,0.72289,0.71208,0.69075,0.766,0.729,0.798,0.828,0.835,0.805,0.603,0.889,0.866,0.951,0.257,0.27237,0.00771,0.11568,0.15938,0.07198,0.51671,0.12853,0.43445,0.16967,0.11311,0.05656,0.61935,0.06302,-,-,0.36842,0.11842,0.375,-0.21324,0.45455,0,0.77778,0.18008,0.63158,0.03158,0.45588,0.00588,0.09091,-0.12338,0.48276,-0.03448,-,-,0.60897,0.02156,-,-,0.31579,-0.01754,0.33333,-0.19608,0.58333,-0.05303,0.76543,0.10634,0.63158,0.23158,0.47826,0.05203,0.21739,0.00311,0.34483,-0.24138,-,-
John Stanford International School,ES,2015-16,Sarah Jones,stanfordes.seattleschools.org,450,26,17,0.96227,0.04,0.78462,0.89655,0.84615,0.93103,0.97674,0.87671,0.90698,0.89189,0.97222,0.77922,0.95833,0.66234,0.94444,0.84416,0.88889,-,-,-,-,-,-,-,-,-,-,-,-,-,-,-,-,-,-,-,-,-,-,-,-,-,-,-,-,-,-,-,-,-,-,-,-,-,-,-,0.76652,0.83368,0.83084,0.783,0.772,0.79,0.879,0.851,0.864,0.589,0.863,0.868,0.919,0.468,0.31138,0.00889,0.00889,0.15111,0.11111,0.53778,0.18222,0.09111,0.07556,0.06,0.15556,0.91928,0.06696,-,-,-,-,0.90909,0.20909,0.95238,0.03934,0.92308,0.04636,0.88235,0.0386,0.69231,0.06731,-,-,0.78261,0.13975,1,0,0.90583,0.0739,-,-,-,-,0.90909,0.10909,1,0.08333,0.89231,0.06354,0.88235,0.06985,0.76923,0.14423,-,-,0.73913,0.09627,1,0
Kimball Elementary,ES,2015-16,James Buckwalter,kimballes.seattleschools.org,429,26,17,0.95972,0.09535,0.63014,0.52239,0.67568,0.57576,0.64706,0.82895,0.61194,0.69737,0.70513,0.53704,0.52564,0.46296,0.67949,0.58491,0.68571,-,-,-,-,-,-,-,-,-,-,-,-,-,-,-,-,-,-,-,-,-,-,-,-,-,-,-,-,-,-,-,-,-,-,-,-,-,-,-,0.75,0.7451,0.77358,0.759,0.717,0.708,0.815,0.801,0.832,0.598,0.859,0.835,0.922,0.224,0.18634,0,0.22145,0.10256,0.34266,0.22378,0.10956,0.57576,0.338,0.08858,0.08392,0.6621,0.01743,-,-,0.4902,-0.02001,0.38095,0.01253,0.74074,0.0572,0.8125,-0.05929,0.72222,0.08586,0.54688,0.00655,0.31148,-0.00334,0.33333,0,-,-,0.60274,0.0109,-,-,0.39216,-0.01601,0.42857,0.11278,0.7284,0.04891,0.70213,-0.09274,0.57895,0.03349,0.47656,-0.04376,0.34426,0.06649,0.23077,-0.0301,-,-
Lafayette Elementary,ES,2015-16,Cynthia Chaput,www.mylafayette.org,481,25,19,0.95779,0.09407,0.5641,0.70526,0.7013,0.72632,0.65934,0.78049,0.7033,0.69136,0.82895,0.83721,0.80263,0.77907,0.86842,0.82558,0.90426,-,-,-,-,-,-,-,-,-,-,-,-,-,-,-,-,-,-,-,-,-,-,-,-,-,-,-,-,-,-,-,-,-,-,-,-,-,-,-,0.73992,0.76226,0.79832,0.642,0.632,0.7,0.733,0.735,0.805,0.506,0.711,0.629,0.458,0.346,0.24194,0.00208,0.08108,0.06445,0.08524,0.6632,0.10395,0.23909,0.02495,0.08316,0.26195,0.68163,-0.09023,-,-,0.375,-0.08654,0.36842,-0.13158,0.77273,0.05051,0.76923,-0.09363,0.56522,-0.14907,0.46269,-0.12065,-,-,0.41935,-0.03519,1,0,0.73361,0.00078,-,-,0.33333,-0.05128,0.61111,0.13492,0.81818,0.0404,0.80128,-0.01015,0.69565,-0.01863,0.5,0.01807,-,-,0.64516,0.19062,1,0
Laurelhurst Elementary,ES,2015-16,Sarah Talbot,laurelhurstes.seattleschools.org,433,27,16,0.9538,0.1709,0.67188,0.55556,0.77612,0.5873,0.71429,0.80556,0.82353,0.84722,0.66667,0.90741,0.82353,0.77778,0.8806,0.7963,0.95122,-,-,-,-,-,-,-,-,-,-,-,-,-,-,-,-,-,-,-,-,-,-,-,-,-,-,-,-,-,-,-,-,-,-,-,-,-,-,-,0.70455,0.70495,0.70852,0.627,0.72,0.815,0.707,0.779,0.874,0.483,0.483,0.606,0.699,0.341,0.27869,0,0.04388,0.05081,0.13626,0.66282,0.10624,0.22402,0.07621,0.11085,0.11778,0.68394,-0.06739,-,-,0.07692,-,-,-,0.76923,0.04701,0.70423,-0.04403,0.88235,0.0362,0.48387,-0.00098,-,-,0.39286,-0.13655,-,-,0.80788,0.06714,-,-,0.38462,-,-,-,1,0.11111,0.82517,0.1049,0.76471,-0.08145,0.5641,0.04895,1,-,0.57143,0.13025,-,-
Lawton Elementary,ES,2015-16,Dorian Manza,lawtonelementary.org,426,25,17,0.96041,0.07042,0.86301,0.8169,0.85135,0.80282,0.82609,0.8125,0.88406,0.67188,0.84375,0.83333,0.6875,0.58333,0.92188,0.9,0.90476,-,-,-,-,-,-,-,-,-,-,-,-,-,-,-,-,-,-,-,-,-,-,-,-,-,-,-,-,-,-,-,-,-,-,-,-,-,-,-,0.75,0.73094,0.76765,0.83,0.735,0.705,0.877,0.827,0.793,0.618,0.905,0.918,0.765,0.43,0.22222,0.00235,0.01408,0.06573,0.06338,0.71831,0.13615,0.10798,0.01408,0.11972,0.18779,0.84466,0.02415,-,-,-,-,0.78571,-0.12338,0.6875,-0.01838,0.91367,0.07194,0.70968,-0.04032,0.36364,-0.27273,-,-,0.82353,0.12353,1,0.07692,0.81159,0.11929,-,-,-,-,0.78571,0.14935,0.625,0.03677,0.85714,0.13772,0.80645,0.13979,0.31818,-0.04546,-,-,0.73529,0.11029,1,0.07692
Leschi Elementary,ES,2015-16,Rhonda Claytor,www.leschischool.com,368,24,15,0.94521,0.11413,0.61765,0.47273,0.67647,0.56364,0.41509,0.38333,0.35849,0.35,0.51064,0.38889,0.29787,0.25926,0.42553,0.40741,0.31373,-,-,-,-,-,-,-,-,-,-,-,-,-,-,-,-,-,-,-,-,-,-,-,-,-,-,-,-,-,-,-,-,-,-,-,-,-,-,-,0.66067,0.72573,0.69779,0.789,0.678,0.766,0.806,0.743,0.806,0.533,0.711,0.72,0.594,0.246,0.2226,0,0.48098,0.07609,0.03804,0.3125,0.09239,0.55163,0.16576,0.1087,0.09783,0.52381,0.10961,-,-,0.3125,0.05963,0.3125,0.02679,-,-,0.84906,0.09296,0.61538,0.08597,0.31522,0.11133,0.23077,0.19077,0.17857,-0.16926,-,-,0.47024,0.07971,-,-,0.2625,0.07859,0.125,-0.23214,-,-,0.83019,0.14726,0.61538,0.02715,0.25,0.05583,0.30769,0.18769,0.25,-0.01087,-,-
Licton Springs K-8 School,ES,2015-16,Roy Merca,pinehurstk8.seattleschools.org,99,12,11,0.89973,0.17391,0.33333,0.36364,0.38889,0.36364,0.26667,-,0.33333,-,0.07692,0.46154,0,0.30769,0.30769,0.61538,0.75,-,-,-,-,-,-,-,-,-,-,-,-,-,-,-,-,-,-,-,-,-,-,-,-,-,-,-,-,-,-,-,-,-,-,-,-,-,-,-,0.43103,0.5914,0.68889,0.75,0.836,0.822,-,0.898,0.895,0.431,0.798,0.943,0.9,0.147,0.15625,0.08081,0.07071,0.20202,0.07071,0.34343,0.23232,0.63636,0.0303,0.27273,0,0.23913,-0.19837,-,-,-,-,0.23077,-,-,-,0.35714,-0.28572,0.09091,-,0.14286,-0.21714,-,-,0.125,-,-,-,0.26087,-0.08288,-,-,-,-,0.30769,-,-,-,0.42857,-0.07143,0,-,0.17857,-0.10143,-,-,0.1875,-,-,-
Licton Springs K-8 School,MS,2015-16,Roy Merca,pinehurstk8.seattleschools.org,39,12,11,0.89973,0.17391,-,-,-,-,-,-,-,-,-,-,-,-,-,-,-,0.38889,0.58333,0.22222,0.33333,0.41667,-,0.33333,-,-,0.28571,-,0.28571,-,0.35714,0.71429,-,0,-,-,-,-,-,-,-,-,-,-,-,-,-,-,-,-,-,-,-,-,-,-,0.34884,0.45,0.44776,-,-,-,-,-,-,0.466,0.798,0.943,0.9,0.257,0.28125,0.07692,0.10256,0.15385,0.05128,0.46154,0.15385,0.61538,0,0.30769,0.02564,0.38462,-0.02715,-,-,-,-,-,-,-,-,0.58824,0,-,-,0.25,-0.06579,-,-,0,-,-,-,0.25641,-0.03771,-,-,-,-,-,-,-,-,0.52941,0.11765,-,-,0.08333,-0.12719,-,-,0,-,-,-
Louisa Boren STEM K-8 School,ES,2015-16,Ben Ostrom,k5stem.seattleschools.org,351,24,17,0.95293,0.03722,0.38889,0.67797,0.38889,0.6,0.72727,0.62264,0.61818,0.56604,0.52083,0.625,0.375,0.4375,0.66667,0.77083,0.80556,-,-,-,-,-,-,-,-,-,-,-,-,-,-,-,-,-,-,-,-,-,-,-,-,-,-,-,-,-,-,-,-,-,-,-,-,-,-,-,0.66947,0.7139,0.77473,0.776,0.698,0.683,0.843,0.783,0.759,0.535,0.75,0.698,0.645,0.378,0.26241,0,0.12536,0.12251,0.08262,0.53561,0.1339,0.2906,0.07123,0.11966,0.09117,0.53143,-0.11232,-,-,0.28571,0.03571,0.20833,-0.25833,0.76923,-0.10577,0.67033,-0.05381,0.44,-0.22667,0.23913,-0.18087,0.2,-,0.33333,-0.04167,-,-,0.45714,-0.08323,-,-,0.2381,-0.06191,0.20833,-0.19167,0.38462,-0.36539,0.58242,-0.00849,0.48,-0.04381,0.21739,-0.08261,0.2,-,0.4,0.2125,-,-
Lowell Elementary,ES,2015-16,Colleen Stump,lowelles.seattleschools.org,315,26,13,0.93836,0.36873,0.44444,0.41667,0.41176,0.27778,0.34375,0.2619,0.25806,0.46341,0.62162,0.35484,0.35135,0.25806,0.55556,0.34483,0.47059,-,-,-,-,-,-,-,-,-,-,-,-,-,-,-,-,-,-,-,-,-,-,-,-,-,-,-,-,-,-,-,-,-,-,-,-,-,-,-,0.67905,0.68267,0.71174,0.677,0.696,0.615,0.738,0.752,0.663,0.523,0.717,0.74,0.745,0.265,0.18386,0.02222,0.29841,0.10794,0.18095,0.26032,0.13016,0.6127,0.22857,0.1873,0.06667,0.47619,0.13674,-,-,0.35897,0.27074,-,-,0.47059,0.07059,0.60714,0.10714,0.7,-,0.38806,0.22139,0.3,0.3,0.42105,0.2729,-,-,0.34314,0.00055,-,-,0.18421,-0.02167,-,-,0.5625,-0.08036,0.37037,0.02037,0.6,-,0.23438,-0.00174,0.31579,0.13932,0.26316,0.07797,-,-
Loyal Heights Elementary,ES,2015-16,Wayne Floyd,loyalheightses.seattleschools.org,427,22,19,0.96052,0.01402,0.89231,0.85333,0.96923,0.92,0.875,0.83099,0.875,0.8169,0.90141,0.76623,0.69014,0.71429,0.98592,0.88312,0.9375,-,-,-,-,-,-,-,-,-,-,-,-,-,-,-,-,-,-,-,-,-,-,-,-,-,-,-,-,-,-,-,-,-,-,-,-,-,-,-,0.75935,0.80044,0.79956,0.761,0.805,0.82,0.841,0.843,0.886,0.633,0.845,0.845,0.878,0.381,0.33634,0,0.02342,0.04684,0.02108,0.80094,0.10773,0.08197,0.00937,0.04918,0.18267,0.88942,0.07328,-,-,-,-,-,-,-,-,0.90476,0.08995,0.79167,0.05482,0.63636,-0.12554,-,-,0.94737,0.63158,1,0,0.84135,0.0252,-,-,-,-,-,-,-,-,0.84524,0.01455,0.83333,0.14912,0.54545,-0.12121,-,-,0.68421,0.31579,1,0
Madison Middle School,MS,2015-16,Robert Gary,madisonms.seattleschools.org,776,38,20,0.93907,0.05928,-,-,-,-,-,-,-,-,-,-,-,-,-,-,-,0.63821,0.76325,0.65041,0.67138,0.71769,0.64348,0.73038,0.69869,0.6,0.62348,0.51046,0.52419,0.62083,0.69636,0.80608,0.32365,0.46429,-,-,-,-,-,-,-,-,-,-,-,-,-,-,-,-,-,-,-,-,-,-,0.60546,0.66502,0.61743,0.546,0.585,0.585,0.635,0.681,0.659,0.458,0.71,0.722,0.66,0.218,0.20461,0.00644,0.11727,0.10052,0.1134,0.57732,0.08505,0.31572,0.03222,0.12242,0.22036,0.65641,-0.02517,-,-,0.33696,-0.12646,0.51807,-0.0231,0.7093,-0.02188,0.73009,-0.00844,0.74603,0.00465,0.45614,-0.05167,0.13333,0.03333,0.38,0.07412,0.93103,-0.01633,0.63753,0.00595,-,-,0.21739,-0.2043,0.45122,-0.0429,0.73256,0.09815,0.74501,0.04386,0.63492,-0.02025,0.39035,-0.04545,0.13333,-0.04167,0.29,0.04294,0.93103,-0.06897
Madrona K-8 School,ES,2015-16,Mary McDaniel,madronak8.seattleschools.org,212,22,14,0.94325,0.15282,0.53333,0.43333,0.65517,0.43333,0.48148,0.09091,0.55556,0.18182,0.35714,0.28571,0.35714,0.32143,0.21429,0.25,0.25,-,-,-,-,-,-,-,-,-,-,-,-,-,-,-,-,-,-,-,-,-,-,-,-,-,-,-,-,-,-,-,-,-,-,-,-,-,-,-,0.61739,0.6383,0.70711,0.675,0.713,0.821,0.752,0.791,0.868,0.469,0.518,0.485,0.671,0.287,0.23718,0,0.41509,0.10849,0.01887,0.29717,0.16038,0.57547,0.10377,0.11792,0.0566,0.47887,0.16003,-,-,0.2973,0.11125,-,-,-,-,0.82353,0.10924,0.66667,-,0.29268,0.09703,-,-,0.28571,0.01299,-,-,0.55714,0.20932,-,-,0.43243,0.24639,-,-,-,-,0.76471,0.05042,0.83333,-,0.4,0.22609,-,-,0.28571,-0.07792,-,-
Madrona K-8 School,MS,2015-16,Mary McDaniel,madronak8.seattleschools.org,77,22,14,0.94325,0.15282,-,-,-,-,-,-,-,-,-,-,-,-,-,-,-,0.23077,0.6087,0.23077,0.375,0.59091,0.4,0.31818,0.58065,0.47826,0.39474,0.34783,0.35897,0.6087,0.44737,0.36842,0.08696,0,-,-,-,-,-,-,-,-,-,-,-,-,-,-,-,-,-,-,-,-,-,-,0.64706,0.52778,0.67925,0.662,-,-,-,-,-,0.436,0.518,0.485,0.671,0.172,0.075,0.01299,0.50649,0.14286,0.01299,0.22078,0.1039,0.72727,0.06494,0.14286,0.06494,0.42254,-0.02801,-,-,0.27027,-0.11749,0.4,0.01539,-,-,0.75,0.01667,-,-,0.28571,-0.08742,-,-,0.3,0.05,-,-,0.29577,-0.1404,-,-,0.16216,-0.23784,0.2,-0.18462,-,-,0.6875,0.02083,-,-,0.16327,-0.25102,-,-,0.2,-0.05,-,-
Maple Elementary,ES,2015-16,Elena Sanchez,maplees.seattleschools.org,480,31,15,0.9642,0.06042,0.58824,0.5125,0.68116,0.575,0.7037,0.74074,0.68675,0.74074,0.72152,0.7375,0.60759,0.51899,0.85,0.75949,0.8625,-,-,-,-,-,-,-,-,-,-,-,-,-,-,-,-,-,-,-,-,-,-,-,-,-,-,-,-,-,-,-,-,-,-,-,-,-,-,-,0.77228,0.74364,0.80376,0.829,0.832,0.839,0.882,0.843,0.868,0.617,0.851,0.781,0.927,0.228,0.19534,0.00208,0.10625,0.1875,0.51875,0.09792,0.0875,0.675,0.38333,0.09583,0.07917,0.67544,0.01154,-,-,0.53333,0.06458,0.57895,-0.0257,0.725,-0.003,0.84211,0.05263,0.65,0.05909,0.58904,0.00571,0.32692,0.09615,0.54545,0.00379,-,-,0.65801,0.04551,-,-,0.48387,0.23387,0.44737,0.07528,0.7541,-0.0219,0.84211,0.21053,0.6,-0.06667,0.58389,0.03898,0.34545,0.07622,0.33333,0.04167,-,-
Martin Luther King Jr. Elementary,ES,2015-16,Christopher Thomas,kinges.seattleschools.org,323,22,15,0.95217,0.13573,0.28571,0.35,0.32759,0.36667,0.42,0.22807,0.41176,0.15789,0.36364,0.45161,0.31818,0.35484,0.40909,0.3871,0.33962,-,-,-,-,-,-,-,-,-,-,-,-,-,-,-,-,-,-,-,-,-,-,-,-,-,-,-,-,-,-,-,-,-,-,-,-,-,-,-,0.72107,0.66998,0.69556,0.658,0.671,0.828,0.775,0.757,0.778,0.567,0.542,0.589,0.603,0.072,0.11647,0,0.40557,0.17028,0.36223,0.01548,0.04644,0.75542,0.41176,0.10526,0.00929,0.35333,0.00697,-,-,0.27586,-0.07708,0.30769,0.02198,0.46429,0.09442,-,-,-,-,0.28571,-0.0355,0.14286,-0.0064,0.11765,0.03431,-,-,0.35294,0.05685,-,-,0.20339,-0.07602,0.33333,0.19048,0.52632,0.14275,-,-,-,-,0.30556,0.01465,0.30508,0.11106,0.17647,0.0098,-,-
McClure Middle School,MS,2015-16,Shannon Conner,mcclurems.seattleschools.org,552,31,18,0.93299,0.0942,-,-,-,-,-,-,-,-,-,-,-,-,-,-,-,0.75429,0.68586,0.57062,0.56021,0.65896,0.73514,0.60227,0.63587,0.74194,0.61446,0.64171,0.46386,0.81283,0.72892,0.81119,0.44385,0.56213,-,-,-,-,-,-,-,-,-,-,-,-,-,-,-,-,-,-,-,-,-,-,0.5945,0.56997,0.60364,0.558,0.494,0.616,0.639,0.53,0.678,0.452,0.706,0.742,0.613,0.259,0.20732,0.00725,0.05435,0.10145,0.10507,0.66123,0.07065,0.19565,0.0471,0.14855,0.26449,0.7191,0.03829,-,-,0.31034,0.02463,0.55357,0.07143,0.70588,0.0905,0.78933,0.03383,0.64865,-0.00849,0.40909,-0.00684,0.13043,-0.02341,0.37975,0.00328,0.9,0.07647,0.60556,0.04918,-,-,0.24138,0.02709,0.41071,0.11981,0.61818,0.02203,0.65642,0.03829,0.67568,0.13282,0.27778,-0.01687,0.27586,0.16048,0.24051,0.02874,0.9,0.07647
McDonald International Elementary,ES,2015-16,Michelle Sushner,mcdonaldes.seattleschools.org,453,28,16,0.95954,0.04194,0.89744,0.8625,0.9359,0.89873,0.85135,0.68293,0.89189,0.70732,0.81081,0.85714,0.72973,0.85714,0.83784,0.78571,1,-,-,-,-,-,-,-,-,-,-,-,-,-,-,-,-,-,-,-,-,-,-,-,-,-,-,-,-,-,-,-,-,-,-,-,-,-,-,-,0.72767,0.76399,0.7904,0.788,0.715,0.832,0.917,0.854,0.891,0.586,0.66,0.768,0.968,0.429,0.42424,0,0.00442,0.11921,0.03753,0.67329,0.16556,0.05077,0.0287,0.06402,0.09713,0.86243,0.05503,-,-,-,-,0.81481,-0.01852,0.7,-,0.88095,0.05804,0.88462,0.05128,-,-,-,-,0.61905,0.30655,-,-,0.87831,0.04249,-,-,-,-,0.92593,0.2037,0.6,-,0.90476,0.03108,0.80769,-0.10897,-,-,-,-,0.80952,0.47619,-,-
McGilvra Elementary,ES,2015-16,Maria Breuder,mcgilvraes.seattleschools.org,275,19,14,0.96089,0.09091,0.80435,0.85455,0.8913,0.87273,0.7451,0.68421,0.76471,0.57895,0.70968,0.85714,0.78788,0.77143,0.78125,0.88571,0.88889,-,-,-,-,-,-,-,-,-,-,-,-,-,-,-,-,-,-,-,-,-,-,-,-,-,-,-,-,-,-,-,-,-,-,-,-,-,-,-,0.75685,0.77333,0.7893,0.759,0.714,0.812,0.833,0.816,0.817,0.601,0.784,0.906,0.96,0.453,0.28889,0,0.06545,0.05455,0.08364,0.65091,0.14545,0.08727,0.00364,0.12364,0.23636,0.75781,-0.04688,-,-,-,-,-,-,0.71429,-0.21905,0.85897,-0.04892,0.68421,-0.06579,0.41176,-0.11455,-,-,0.51613,-0.18387,-,-,0.81538,0.05757,-,-,-,-,0.6,-,0.8,-0.13333,0.85897,-0.00945,0.78947,0.03947,0.61111,0.13743,-,-,0.58065,0.11398,-,-
Mercer Int'l Middle School,MS,2015-16,Christopher Carter,mercerms.seattleschools.org,1101,63,17,0.95214,0.07811,-,-,-,-,-,-,-,-,-,-,-,-,-,-,-,0.65385,0.64249,0.61538,0.57474,0.6581,0.67879,0.62211,0.64478,0.66667,0.72156,0.70091,0.67665,0.81437,0.84337,0.86349,0.43787,0.47164,-,-,-,-,-,-,-,-,-,-,-,-,-,-,-,-,-,-,-,-,-,-,0.69774,0.70552,0.71484,0.775,0.749,0.801,0.853,0.799,0.837,0.505,0.763,-,0.761,0.158,0.16577,0.00182,0.24251,0.17439,0.43143,0.09991,0.04995,0.70572,0.16712,0.12171,0.12534,0.65926,-0.01979,-,-,0.40892,-0.02883,0.55319,0.01647,0.7905,-0.02865,0.83019,-0.04215,0.83019,0.1159,0.56739,-0.04243,0.19101,-0.10252,0.2931,-0.02046,1,-,0.64391,0.01383,-,-,0.3829,0.02949,0.46561,0.04188,0.82151,0.01058,0.79439,-0.05824,0.75472,0.12972,0.56376,0.00407,0.32597,-0.0284,0.19828,0.02031,1,-
Middle College High School,HS,2015-16,Jennifer Kniseley,middlecollegehs.seattleschools.org,117,12,10,0.69942,1.71552,-,-,-,-,-,-,-,-,-,-,-,-,-,-,-,-,-,-,-,-,-,-,-,-,-,-,-,-,-,-,-,-,0.57143,0.75,0.75926,0.175,0.08696,0.05128,0.16667,0.35714,0.1,0.21429,0.45833,0.23077,0.23077,0.2,0.25,0.295,0.31,0.52632,0.603,0.558,0.31707,0.38938,0.14056,0.26087,0.30108,0.603,0.611,-,0.819,0.637,-,0.661,0.713,0.336,0.895,0.133,0.10526,0.01709,0.19658,0.1453,0.11966,0.45299,0.06838,0.40171,0.01709,0.10256,0.02564,0.57143,-0.17857,-,-,-,-,-,-,-,-,0.58333,-,-,-,-,-,-,-,-,-,-,-,-,-,-,-,-,-,-,-,-,-,-,-,-,-,-,-,-,-,-,-,-,-
Montlake Elementary,ES,2015-16,Melissa Gray,montlakees.seattleschools.org,265,16,17,0.95497,0.0717,0.71111,0.8,0.91111,0.8,0.8,0.73913,0.74286,0.84783,0.95556,0.6,0.84444,0.58824,0.93333,0.82353,0.92593,-,-,-,-,-,-,-,-,-,-,-,-,-,-,-,-,-,-,-,-,-,-,-,-,-,-,-,-,-,-,-,-,-,-,-,-,-,-,-,0.69455,0.71042,0.74286,0.758,0.698,0.807,0.842,0.756,0.84,0.624,0.868,0.826,0.525,0.432,0.3587,0,0.05283,0.03396,0.09434,0.66792,0.15094,0.06792,0.02264,0.07925,0.21132,0.824,0.08442,-,-,-,-,-,-,0.93333,0.13333,0.82759,0.03726,0.81818,-,-,-,-,-,0.41667,0.10897,0.92857,-,0.84,0.05429,-,-,-,-,-,-,0.86667,0,0.87356,0.06106,0.90909,-,-,-,-,-,0.41667,-0.04487,1,-
Nathan Hale High School,HS,2015-16,Jill Hudson & Jolene Grimes Edwards,halehs.seattleschools.org,1181,66,18,0.90707,0.11675,-,-,-,-,-,-,-,-,-,-,-,-,-,-,-,-,-,-,-,-,-,-,-,-,-,-,-,-,-,-,-,-,0.89145,0.89272,0.80919,0.01465,0.04815,0.01838,0.88103,0.77256,0.85366,0.75719,0.64789,0.95455,0.9644,0.91667,0.82562,0.844,0.9,0.93773,0.932,0.932,0.92279,0.93061,0.45645,0.48828,0.50528,0.718,0.746,0.699,0.797,0.794,0.761,0.558,0.765,0.776,0.794,0.223,0.20833,0.01355,0.12108,0.11346,0.13802,0.54953,0.06435,0.337,0.05843,0.16765,0.05927,0.89145,-0.00127,-,-,0.59459,-0.11969,0.84848,0.11876,0.85106,-0.08442,0.96914,0.00701,1,0,0.76923,-0.018,0.42105,-0.22895,0.925,0.09891,-,-,-,-,-,-,-,-,-,-,-,-,-,-,-,-,-,-,-,-,-,-,-,-
North Beach Elementary,ES,2015-16,Julie Sturman-Cox,northbeaches.seattleschools.org,294,19,16,0.96036,0.0897,0.68085,0.90476,0.65957,0.88372,0.88372,0.84444,0.74419,0.73333,0.89474,0.94595,0.73684,0.75676,0.89474,0.94444,0.98113,-,-,-,-,-,-,-,-,-,-,-,-,-,-,-,-,-,-,-,-,-,-,-,-,-,-,-,-,-,-,-,-,-,-,-,-,-,-,-,0.76645,0.77451,0.80503,0.808,0.779,0.743,0.848,0.807,0.78,0.597,0.808,0.83,0.85,0.423,0.3018,0,0.0102,0.06122,0.05102,0.72449,0.15306,0.09864,0.0068,0.10544,0.13946,0.8125,-0.08266,-,-,-,-,0.5,-,-,-,0.83908,-0.07671,0.90909,-0.09091,0.6,-0.15,-,-,0.76923,-0.14744,-,-,0.71094,-0.08106,-,-,-,-,0.58333,-,-,-,0.72414,-0.07586,0.72727,-0.18939,0.4,-0.1625,-,-,0.61538,-0.00962,-,-
Northgate Elementary,ES,2015-16,Katrina Pearl,northgatees.seattleschools.org,241,19,13,0.95134,0.55636,0.325,0.37037,0.41026,0.38462,0.60714,0.53125,0.51724,0.40625,0.19231,0.4375,0.25,0.40625,0.23077,0.45455,0.39394,-,-,-,-,-,-,-,-,-,-,-,-,-,-,-,-,-,-,-,-,-,-,-,-,-,-,-,-,-,-,-,-,-,-,-,-,-,-,-,0.74545,0.67949,0.77023,0.736,0.667,0.736,0.759,0.724,0.727,0.607,0.813,0.857,0.482,0.185,0.14286,0,0.21162,0.3361,0.11203,0.21162,0.12863,0.73859,0.39004,0.15353,0.00415,0.37234,-0.07821,-,-,0.2963,-0.13228,0.34211,-0.10951,0.5,-0.04545,0.5,0.04546,-,-,0.33333,-0.13178,0.23529,-0.08824,0.23529,-0.22624,-,-,0.39583,-0.00417,-,-,0.2963,-0.01405,0.38462,0.06204,0.63636,0.03636,0.4,-0.3,-,-,0.35135,-0.02512,0.33333,0.09091,0.25,-0.13462,-,-
Nova High School,HS,2015-16,Mark Perry,novahs.seattleschools.org,344,17,20,0.99668,0.34012,-,-,-,-,-,-,-,-,-,-,-,-,-,-,-,-,-,-,-,-,-,-,-,-,-,-,-,-,-,-,-,-,0.75862,-,0.65476,0,0.04878,0,0.59091,0.46753,0.62264,0.31915,0,0.54762,0.30612,0.41429,0.57831,0.583,0.479,0.86538,0.848,0.805,0.28866,0.34091,0.89474,0.90793,0.89922,0.651,0.566,0.564,0.806,0.707,0.779,0.725,0.874,0.875,0.823,0.256,0.21942,0.01453,0.03198,0.10756,0.05233,0.68895,0.10465,0.34884,0.00291,0.23256,0.02616,0.75862,-,-,-,-,-,-,-,-,-,0.90909,-,-,-,-,-,-,-,-,-,-,-,-,-,-,-,-,-,-,-,-,-,-,-,-,-,-,-,-,-,-,-,-,-
Olympic Hills Elementary,ES,2015-16,Stacy Crum,olympichillses.seattleschools.org,289,22,13,0.9484,0.17868,0.77778,0.83333,0.75556,0.76744,0.77273,0.72727,0.79545,0.72727,0.82353,0.71111,0.67647,0.64444,0.82353,0.64444,0.52941,-,-,-,-,-,-,-,-,-,-,-,-,-,-,-,-,-,-,-,-,-,-,-,-,-,-,-,-,-,-,-,-,-,-,-,-,-,-,-,0.66254,0.69501,0.74425,0.859,0.837,0.861,0.86,0.795,0.914,0.623,0.577,0.7,0.79,0.176,0.19249,0,0.24221,0.28028,0.14533,0.22491,0.10727,0.76471,0.32872,0.16609,0.02422,0.78862,0.03028,-,-,0.71875,0.01875,0.74194,-0.04594,0.85,0.18333,0.95833,0.17262,0.6875,-0.2125,0.74725,0.01321,0.66667,0.03509,0.5,-0.28571,-,-,0.74797,0.03722,-,-,0.65625,0.01109,0.77419,0.19844,0.8,-0.03333,0.91667,0.09524,0.5625,-0.2375,0.7033,0.05067,0.77778,0.1462,0.5,-0.14286,-,-
Olympic View Elementary,ES,2015-16,Andrew Bean,olympicviewes.seattleschools.org,461,26,18,0.96182,0.15033,0.68831,0.57746,0.74026,0.61972,0.69841,0.63793,0.6875,0.57895,0.78333,0.84058,0.61667,0.64706,0.78333,0.8,0.83333,-,-,-,-,-,-,-,-,-,-,-,-,-,-,-,-,-,-,-,-,-,-,-,-,-,-,-,-,-,-,-,-,-,-,-,-,-,-,-,0.78226,0.76566,0.7668,0.779,0.729,0.719,0.872,0.849,0.822,0.684,0.683,0.742,0.785,0.287,0.19597,0.00651,0.15401,0.10412,0.12581,0.49241,0.11714,0.38612,0.21909,0.06508,0.08243,0.72,0.03313,-,-,0.51613,0.19613,0.61111,0.11111,0.68,-0.03875,0.81443,-0.02395,0.77778,0.20635,0.58333,0.13628,0.38235,0.05882,0.5,0.1087,-,-,0.68657,0.06922,-,-,0.45161,0.15995,0.44444,0.19444,0.73077,0.07452,0.79381,0.0183,0.74074,0.16931,0.47059,0.10154,0.4,0.19412,0.45455,0.1502,-,-
Orca K-8 School,ES,2015-16,Tonie Talbert,orcak8.seattleschools.org,289,26,17,0.93565,0.1253,0.52083,0.55769,0.625,0.42,0.64286,0.51923,0.57143,0.40385,0.63636,0.53191,0.38182,0.2766,0.59259,0.57447,0.65455,-,-,-,-,-,-,-,-,-,-,-,-,-,-,-,-,-,-,-,-,-,-,-,-,-,-,-,-,-,-,-,-,-,-,-,-,-,-,-,0.66883,0.64286,0.76807,0.63,0.644,0.657,0.735,0.737,0.718,0.605,0.531,0.478,0.712,0.311,0.23629,0,0.12111,0.05536,0.04844,0.6436,0.13149,0.18685,0.02422,0.07612,0.07266,0.6,0.06358,-,-,0.2069,0.04023,0.54545,0.14545,-,-,0.79268,0.05194,0.5,0,0.25,0.09211,0.09091,-,0.55556,0.32828,-,-,0.51724,0.14811,-,-,0.24138,0.17471,0.54545,0.34545,-,-,0.65854,0.13955,0.375,0.0625,0.25,0.19737,0.09091,-,0.55556,0.4127,-,-
Orca K-8 School,MS,2015-16,Tonie Talbert,orcak8.seattleschools.org,126,26,17,0.93565,0.1253,-,-,-,-,-,-,-,-,-,-,-,-,-,-,-,0.34286,0.26415,0.28571,0.20755,0.42857,0.42373,0.42857,0.23729,0.53704,0.2931,0.32075,0.17241,0.48077,0.22034,0.7,0.83019,0.84746,-,-,-,-,-,-,-,-,-,-,-,-,-,-,-,-,-,-,-,-,-,-,0.52318,0.47159,0.60638,0.553,0.449,0.627,0.671,0.479,0.688,0.231,0.531,0.478,0.712,0.198,0.22667,0.00794,0.44444,0.05556,0.06349,0.31746,0.11111,0.53175,0.03175,0.19048,0.03175,0.45038,0.12097,-,-,0.29825,0.12875,-,-,0.3,-0.05714,0.71053,0.14386,0.44444,0.25397,0.29231,0.12185,0.1,-,0.125,0.03409,-,-,0.34615,0.14027,-,-,0.14286,0.07506,-,-,0.4,-0.1,0.63158,0.29825,0.38889,0.24603,0.1875,0.08523,0,-,0.08333,-0.00758,-,-
Pathfinder K-8 School,ES,2015-16,David Dockendorf,pathfinderk8.seattleschools.org,333,34,15,0.95482,0.0396,0.75,0.71154,0.75,0.66667,0.49123,0.66038,0.70175,0.56604,0.61111,0.66667,0.5283,0.68421,0.79245,0.68421,0.75862,-,-,-,-,-,-,-,-,-,-,-,-,-,-,-,-,-,-,-,-,-,-,-,-,-,-,-,-,-,-,-,-,-,-,-,-,-,-,-,0.75298,0.6967,0.73926,0.772,0.766,0.8,0.881,0.847,0.847,0.516,0.69,0.695,0.764,0.287,0.2623,0.003,0.03604,0.08108,0.03904,0.72372,0.11712,0.15916,0,0.18018,0.04505,0.6135,-0.06552,-,-,-,-,0.6,0,-,-,0.67241,-0.04874,0.41176,-0.42157,0.41379,-0.13383,-,-,0.36111,-0.15171,-,-,0.66049,0.02074,-,-,-,-,0.6,-0.15,-,-,0.71304,0.07227,0.52941,-0.13726,0.51724,-0.078,-,-,0.47222,-0.11752,-,-
Pathfinder K-8 School,MS,2015-16,David Dockendorf,pathfinderk8.seattleschools.org,172,34,15,0.95482,0.0396,-,-,-,-,-,-,-,-,-,-,-,-,-,-,-,0.45763,0.61404,0.38983,0.47368,0.57627,0.58182,0.49153,0.46296,0.67925,0.42105,0.54717,0.27586,0.67925,0.41379,0.83019,0.35849,0.36667,-,-,-,-,-,-,-,-,-,-,-,-,-,-,-,-,-,-,-,-,-,-,0.67213,0.59016,0.71508,0.786,0.735,0.751,0.916,0.769,0.774,0.442,0.69,0.695,0.764,0.236,0.21875,0.01163,0.07558,0.11628,0.09302,0.58721,0.11628,0.31395,0.00581,0.31395,0.05814,0.56725,0.02879,-,-,0.16667,-0.0641,0.55,0.15,0.4375,-0.3125,0.62,0.04308,0.66667,0.13726,0.3617,-0.11103,-,-,0.41071,0.03336,-,-,0.47368,0.07132,-,-,0.08333,0.00641,0.5,0.35,0.5,-0.16667,0.51,0.05808,0.52381,-0.0056,0.25532,0.00077,-,-,0.32143,0.03841,-,-
Queen Anne Elementary,ES,2015-16,Janine Roy,www.queenanneelementary.com,427,23,18,0.95742,0.05152,0.75714,0.69333,0.71429,0.66667,0.7619,0.78261,0.71429,0.6087,0.87805,0.11538,0.63415,0.11538,0.90244,0.88,0.81481,-,-,-,-,-,-,-,-,-,-,-,-,-,-,-,-,-,-,-,-,-,-,-,-,-,-,-,-,-,-,-,-,-,-,-,-,-,-,-,0.73733,0.74146,0.71839,0.825,0.745,0.833,0.9,0.835,0.894,0.63,0.822,0.723,0.938,0.394,0.34185,0,0.01874,0.0726,0.05621,0.71429,0.13817,0.07728,0.00234,0.11475,0.19204,0.78736,0.16831,-,-,-,-,0.61538,0.36538,-,-,0.82258,0.20096,0.71429,-,0.35714,-0.02747,-,-,0.54286,0.1967,1,0.18182,0.6954,0.14438,-,-,-,-,0.61538,0.28205,-,-,0.73387,0.1663,0.66667,-,0.28571,0.05495,-,-,0.48571,0.1011,1,0.18182
Rainier Beach High School,HS,2015-16,Keith Smith,rainierbeachhs.seattleschools.org,673,45,15,0.84828,0.25406,-,-,-,-,-,-,-,-,-,-,-,-,-,-,-,-,-,-,-,-,-,-,-,-,-,-,-,-,-,-,-,-,0.60274,0.53333,0.61074,0.2268,0.18881,0.12371,0.34437,0.46853,0.41414,0.35897,0.3662,0.83158,0.87349,0.77083,0.8,0.841,0.793,0.90099,0.821,0.765,0.74453,0.6791,0.2996,0.35944,0.33564,0.653,0.673,0.856,0.676,0.686,0.806,0.483,0.609,0.741,0.864,0.096,0.07193,0.00594,0.48588,0.13373,0.28826,0.03863,0.04755,0.82318,0.21248,0.17831,0.0104,0.60274,0.06941,-,-,0.5443,0.12639,0.64706,0.12074,0.625,-0.04942,-,-,-,-,0.54128,0.04563,0.25,0.05,0.62963,0.10582,-,-,-,-,-,-,-,-,-,-,-,-,-,-,-,-,-,-,-,-,-,-,-,-
Rainier View Elementary,ES,2015-16,Anitra Pinchback-Jones,rainierviewes.seattleschools.org,230,14,16,0.9498,0.18777,0.48649,0.73529,0.63158,0.73529,0.72727,0.85,0.8125,0.85,0.73913,0.78261,0.6087,0.6087,0.52174,0.69565,0.7037,-,-,-,-,-,-,-,-,-,-,-,-,-,-,-,-,-,-,-,-,-,-,-,-,-,-,-,-,-,-,-,-,-,-,-,-,-,-,-,0.65306,0.63033,0.62996,0.652,0.7,0.794,0.728,0.725,0.761,0.655,0.582,0.766,0.786,0.119,0.10769,0.01739,0.38696,0.13913,0.26522,0.06957,0.12174,0.77826,0.24348,0.12174,0.02609,0.63441,-0.14481,-,-,0.48485,-0.19515,0.53333,-0.25238,0.80645,-0.06855,-,-,0.63636,-0.06364,0.58571,-0.17235,0.38462,-0.30769,0.46154,-,-,-,0.68817,-0.0391,-,-,0.4375,-0.0825,0.8125,0.02679,0.83871,-0.03629,-,-,0.72727,0.02727,0.6338,-0.092,0.5,-0.26923,0.53846,-,-,-
Roosevelt High School,HS,2015-16,Brian Vance,roosevelths.seattleschools.org,1725,83,21,0.92437,0.09803,-,-,-,-,-,-,-,-,-,-,-,-,-,-,-,-,-,-,-,-,-,-,-,-,-,-,-,-,-,-,-,-,0.95433,0.90867,0.93424,0.04208,0.46353,0.16377,0.92621,0.90509,0.92051,0.89639,0.82448,0.9603,0.96135,0.94737,0.87321,0.883,0.89,0.95285,0.934,0.906,0.96474,0.90521,0.56766,0.56742,0.56476,0.658,0.601,0.579,0.733,0.696,0.671,0.57,0.681,0.733,0.72,0.264,0.21517,0.00464,0.04812,0.08406,0.11652,0.67536,0.0713,0.14145,0.01159,0.08812,0.13101,0.95433,0.04778,-,-,0.84211,0.09211,0.88889,0.07808,0.92453,0.00616,0.97786,0.04227,0.94444,0.07488,0.82353,0.12512,-,-,0.80645,0.16543,1,0,-,-,-,-,-,-,-,-,-,-,-,-,-,-,-,-,-,-,-,-,-,-
Roxhill Elementary,ES,2015-16,Tarra Patrick,roxhilles.seattleschools.org,300,28,11,0.94902,0.12712,0.39583,0.17544,0.61224,0.35088,0.25,0.36364,0.34091,0.30909,0.48889,0.43478,0.2,0.15217,0.31111,0.17391,0.39216,-,-,-,-,-,-,-,-,-,-,-,-,-,-,-,-,-,-,-,-,-,-,-,-,-,-,-,-,-,-,-,-,-,-,-,-,-,-,-,0.69753,0.74092,0.7521,0.698,0.77,0.837,0.755,0.779,0.84,0.504,0.659,0.626,0.861,0.143,0.18819,0.00333,0.27333,0.37333,0.14667,0.12667,0.07667,0.82667,0.32333,0.18667,0.00667,0.37956,0.06311,-,-,0.19355,0.03799,0.36842,0.02467,0.7,0.27143,0.5625,0.0625,0.08333,-,0.3125,0.03006,0.21053,0.12889,0.24324,-0.05676,-,-,0.3913,0.11282,-,-,0.25806,0.08029,0.42105,0.1398,0.45,0.06905,0.4375,0.15972,0.38462,-,0.37168,0.13504,0.26316,0.09989,0.27027,0.09527,-,-
Sacajawea Elementary,ES,2015-16,Rachel Friesen,sacajaweaes.seattleschools.org,232,20,13,0.95666,0.19691,0.48485,0.76316,0.60606,0.57895,0.62162,0.42424,0.52632,0.45455,0.43333,0.55814,0.36667,0.44186,0.56667,0.81395,0.89744,-,-,-,-,-,-,-,-,-,-,-,-,-,-,-,-,-,-,-,-,-,-,-,-,-,-,-,-,-,-,-,-,-,-,-,-,-,-,-,0.71371,0.73092,0.69084,0.798,0.706,0.786,0.799,0.757,0.844,0.553,0.717,0.673,0.817,0.355,0.30645,0,0.0819,0.09483,0.09483,0.60776,0.12069,0.31034,0.06897,0.18966,0.0819,0.52,-0.06772,-,-,0.2,-0.07273,0.36364,-,-,-,0.57143,-0.07241,-,-,0.28571,-0.1659,0.18182,-,0.35484,-0.2523,-,-,0.50495,0.01372,-,-,0.2,0.2,0.45455,-,-,-,0.53968,-0.03566,-,-,0.2069,-0.01891,0.27273,-,0.51613,0.01613,-,-
Salmon Bay K-8 School,ES,2015-16,Neil Gerrans,www.salmonbayschool.org,319,37,18,0.94946,0.01339,0.71698,0.48077,0.69811,0.5,0.53571,0.58182,0.5,0.50909,0.71429,0.57143,0.53571,0.51786,0.82143,0.78571,0.91071,-,-,-,-,-,-,-,-,-,-,-,-,-,-,-,-,-,-,-,-,-,-,-,-,-,-,-,-,-,-,-,-,-,-,-,-,-,-,-,0.73913,0.72866,0.75915,0.671,0.635,0.721,0.795,0.804,0.787,0.599,0.763,0.707,0.554,0.395,0.416,0.00627,0.00313,0.04702,0.05016,0.76176,0.13166,0.07837,0,0.13166,0.06897,0.65455,0.10853,-,-,-,-,0.5,-,-,-,0.66929,0.11204,0.82353,0.18717,-,-,-,-,0.52632,0.04245,-,-,0.57576,0.06656,-,-,-,-,0.4,-,-,-,0.5748,0.06335,0.76471,0.12834,-,-,-,-,0.44737,0.02801,-,-
Salmon Bay K-8 School,MS,2015-16,Neil Gerrans,www.salmonbayschool.org,353,37,18,0.94946,0.01339,-,-,-,-,-,-,-,-,-,-,-,-,-,-,-,0.65546,0.59483,0.53782,0.33621,0.69231,0.78992,0.51282,0.61345,0.82353,0.78761,0.63025,0.55752,0.89916,0.76991,0.80172,0.4958,0.56637,-,-,-,-,-,-,-,-,-,-,-,-,-,-,-,-,-,-,-,-,-,-,0.61798,0.65449,0.71781,0.757,0.66,0.739,0.811,0.743,0.786,0.487,0.763,0.707,0.554,0.32,0.29052,0.00567,0.03399,0.08215,0.04816,0.76487,0.06516,0.13598,0.00567,0.22096,0.07082,0.72394,-0.00019,-,-,0.58333,-,0.68966,0.02299,0.76471,0.20915,0.73162,-0.02119,0.69565,0.07065,0.65,-0.00116,-,-,0.46835,-0.07282,-,-,0.56056,0.05769,-,-,0.16667,-,0.48276,0.14943,0.64706,0.25817,0.59926,0.05619,0.34783,-0.02717,0.45,0.07791,-,-,0.31646,0.04587,-,-
Sand Point Elementary,ES,2015-16,Kristen Roberts,sandpointes.seattleschools.org,255,22,12,0.95573,0.27007,0.79545,0.53333,0.72727,0.66667,0.6129,0.54286,0.72727,0.54054,0.54545,0.38889,0.38235,0.31579,0.58824,0.52941,0.5,-,-,-,-,-,-,-,-,-,-,-,-,-,-,-,-,-,-,-,-,-,-,-,-,-,-,-,-,-,-,-,-,-,-,-,-,-,-,-,0.76817,0.71753,0.74832,0.774,0.81,0.815,0.87,0.876,0.879,0.553,0.546,0.716,0.734,0.285,0.25123,0,0.16471,0.1451,0.12549,0.36471,0.2,0.45882,0.19608,0.12549,0.12157,0.66667,0.16064,-,-,0.3,0.10952,0.38462,0.0989,0.72727,0.02727,0.7561,0.1161,0.95652,0.11037,0.41304,0.13304,0.28571,0.05844,0.43478,-0.00272,-,-,0.62162,0.0823,-,-,0.33333,0.10606,0.42857,0.14286,0.75,-0.11667,0.63415,-0.04585,0.91304,0.22074,0.39583,0.09395,0.35294,-0.0915,0.43478,0.05978,-,-
Sanislo Elementary,ES,2015-16,Erika Ayer,sanisloes.seattleschools.org,273,21,13,0.95122,0.17949,0.34694,0.29545,0.31915,0.38636,0.42105,0.28205,0.28947,0.4359,0.51429,0.35294,0.28571,0.23529,0.48571,0.32353,0.6,-,-,-,-,-,-,-,-,-,-,-,-,-,-,-,-,-,-,-,-,-,-,-,-,-,-,-,-,-,-,-,-,-,-,-,-,-,-,-,0.74359,0.69767,0.71895,0.825,0.772,0.836,0.824,0.793,0.859,0.486,0.784,0.877,0.879,0.195,0.14433,0.01465,0.22711,0.21612,0.23077,0.20147,0.10989,0.71429,0.18315,0.14286,0.01832,0.41803,0.11034,-,-,0.27778,0.17064,0.31818,0.05152,0.46429,0.15179,0.7,0.25,0.46154,-0.03846,0.31915,0.0747,0.21429,0.0989,0.36,0.16,-,-,0.3,-0.05897,-,-,0.08333,-0.13095,0.40909,0.07576,0.34615,-0.09135,0.5,0.05,0.30769,-0.0812,0.21739,-0.0715,0.08333,-0.22436,0.2,-0.1,-,-
Seattle World School,HS,2015-16,Oksana Britsova,sws.seattleschools.org,160,18,11,0.89515,1.04926,-,-,-,-,-,-,-,-,-,-,-,-,-,-,-,-,-,-,-,-,-,-,-,-,-,-,-,-,-,-,-,-,0.03226,0.01613,0.12903,0,0.11765,0,0.02326,0.02778,0.18605,0,0,0.43284,0.52439,0.56731,0.05882,0.069,0,0.31034,0.067,0,0,0,0.5256,0.55482,0.68942,-,0.909,0.676,-,0.876,0.806,0.709,0.739,0.85,0.804,0.06,0.15603,0,0.325,0.3,0.3125,0.05625,0.00625,0.975,0.975,0.03125,0,0.03226,0.01639,-,-,-,-,-,-,0,-0.09091,-,-,-,-,0.03226,0.01639,0.03226,0.01613,-,-,-,-,-,-,-,-,-,-,-,-,-,-,-,-,-,-,-,-,-,-,-,-,-,-
Seattle World School,MS,2015-16,Oksana Britsova,sws.seattleschools.org,43,18,11,0.89515,1.04926,-,-,-,-,-,-,-,-,-,-,-,-,-,-,-,-,-,-,-,-,-,-,-,-,0,-,0.1,-,-,-,0.08,0.09524,-,-,-,-,-,-,-,-,-,-,-,-,-,-,-,-,-,-,-,-,-,-,0.98925,0.93519,0.98214,-,-,0.773,-,-,0.785,0.535,0.739,-,-,0.047,0.14516,0,0.30233,0.39535,0.30233,0,0,0.95349,1,0,0,0,0,-,-,-,-,-,-,-,-,-,-,-,-,0,0,0,0,-,-,-,-,0.2,0.14445,-,-,-,-,-,-,-,-,-,-,-,-,0.2,0.14445,0.2,0.14445,-,-,-,-
South Lake High School,HS,2015-16,Laura Davis Brown,southlakehs.seattleschools.org,96,11,9,0.49102,1.61053,-,-,-,-,-,-,-,-,-,-,-,-,-,-,-,-,-,-,-,-,-,-,-,-,-,-,-,-,-,-,-,-,0.35294,0.26087,0.23077,0.12903,0,0,0.25,0.32,0.27273,0.15,0.17241,0.07143,0.35714,0.07692,0.18605,0.302,0.16,0.52941,0.447,0.44,0.21277,0.15,0.03784,0.04188,0.03922,-,-,-,-,-,-,0.442,0.729,0.854,-,0.025,0.04587,0.01042,0.48958,0.30208,0.11458,0.03125,0.05208,0.95833,0.09375,0.21875,0,0.35294,0.09207,-,-,0.3,0.11818,-,-,-,-,-,-,-,-,0.42857,0.15584,-,-,-,-,-,-,-,-,-,-,-,-,-,-,-,-,-,-,-,-,-,-,-,-,-,-,-,-
South Shore K-8 School,ES,2015-16,Kristin DeWitte,southshorek8.seattleschools.org,365,44,14,0.95221,0.09347,0.38596,0.53968,0.40351,0.56452,0.44828,0.44776,0.58621,0.52239,0.42857,0.3662,0.4058,0.43662,0.42029,0.50704,0.53333,-,-,-,-,-,-,-,-,-,-,-,-,-,-,-,-,-,-,-,-,-,-,-,-,-,-,-,-,-,-,-,-,-,-,-,-,-,-,-,0.72105,0.78519,0.83617,0.643,0.69,0.684,0.671,0.756,0.72,0.49,0.401,0.626,0.605,0.151,0.14449,0.01644,0.41644,0.10959,0.22192,0.10959,0.12603,0.62192,0.23562,0.11781,0.01918,0.42162,-0.02614,-,-,0.2439,0.00861,0.36364,-0.03636,0.60526,-0.04691,0.84211,0.08211,0.47619,-0.19048,0.27966,-0.01399,0.10256,0.00954,0.33333,0.1,-,-,0.46196,-0.04304,-,-,0.29268,0.01887,0.45455,0.01455,0.7027,-0.12338,0.73684,0.01684,0.52381,-0.07619,0.29915,-0.08486,0.21053,-0.0918,0.5,0.23333,-,-
South Shore K-8 School,MS,2015-16,Kristin DeWitte,southshorek8.seattleschools.org,257,44,14,0.95221,0.09347,-,-,-,-,-,-,-,-,-,-,-,-,-,-,-,0.32099,0.28049,0.30864,0.18293,0.2963,0.39326,0.2716,0.5618,0.54023,0.44706,0.54023,0.49412,0.54023,0.33333,0.51948,0.65909,0.80233,-,-,-,-,-,-,-,-,-,-,-,-,-,-,-,-,-,-,-,-,-,-,0.68284,0.76325,0.80159,0.53,0.553,0.806,0.596,0.65,0.776,0.37,0.401,0.626,0.605,0.106,0.12442,0.00778,0.50195,0.10895,0.24125,0.05837,0.08171,0.69261,0.14786,0.1751,0.02724,0.38956,0.01456,-,-,0.2439,0.0839,0.2963,-0.2037,0.65574,0.00709,0.75,0.125,0.35,0.08333,0.31902,-0.00406,0.08333,0.03333,0.19565,0.0737,-,-,0.37751,-0.04046,-,-,0.17886,-0.07714,0.33333,-0.125,0.68852,0.05339,0.8125,0.1875,0.3,-0.03333,0.31902,-0.04508,0.08333,-0.01667,0.15217,-0.09173,-,-
Stevens Elementary,ES,2015-16,Brian Fitch,stevenses.seattleschools.org,338,24,14,0.96092,0.09467,0.61667,0.57895,0.65,0.49123,0.5,0.6129,0.44,0.59677,0.43137,0.65,0.37255,0.5641,0.5098,0.7,0.56818,-,-,-,-,-,-,-,-,-,-,-,-,-,-,-,-,-,-,-,-,-,-,-,-,-,-,-,-,-,-,-,-,-,-,-,-,-,-,-,0.78889,0.73766,0.73148,0.507,0.575,0.735,0.665,0.69,0.832,0.573,0.363,0.547,0.612,0.436,0.28467,0.00592,0.20118,0.09172,0.04734,0.54734,0.10651,0.35503,0.07396,0.1213,0.2071,0.52174,-0.08832,-,-,0.25,-0.11364,0.38889,-0.13743,-,-,0.65823,-0.07254,0.73333,-0.0359,0.26984,-0.13596,0,-0.21739,0.27273,-0.18881,0.66667,-0.33333,0.49689,-0.05374,-,-,0.325,-0.03864,0.27778,-0.24854,-,-,0.59494,-0.02844,0.73333,0.04103,0.31746,-0.05935,0,-0.21739,0.27273,0.0035,0.66667,-0.33333
The Center School,HS,2015-16,Barbara Casey,centerhs.seattleschools.org,270,15,18,0.88378,0.15926,-,-,-,-,-,-,-,-,-,-,-,-,-,-,-,-,-,-,-,-,-,-,-,-,-,-,-,-,-,-,-,-,0.94366,0.94737,0.92188,0,0,0,0.58824,0.92188,0.54545,0.90411,0.26984,0.77273,0.82667,0.875,0.98039,0.891,0.857,0.91525,0.902,0.842,1,0.98276,0.31119,0.44138,0.37829,0.673,0.591,0.547,0.773,0.768,0.633,0.552,0.597,0.629,0.5,0.281,0.24664,0.00741,0.06296,0.1,0.04444,0.70741,0.07778,0.2,0.0037,0.17778,0.08519,0.94366,-0.00371,-,-,-,-,-,-,-,-,0.95745,-0.04255,-,-,-,-,-,-,1,-,-,-,-,-,-,-,-,-,-,-,-,-,-,-,-,-,-,-,-,-,-,-,-,-
Thornton Creek Elementary,ES,2015-16,John Miner,thorntoncreekschool.org,416,30,14,0.9601,0.03365,0.32692,0.11429,0.34615,0.08571,0.65217,0.42254,0.49275,0.42254,0.60294,0.30612,0.60294,0,0.70588,0.89796,0.92593,-,-,-,-,-,-,-,-,-,-,-,-,-,-,-,-,-,-,-,-,-,-,-,-,-,-,-,-,-,-,-,-,-,-,-,-,-,-,-,0.75772,0.75303,0.80759,0.887,0.834,0.899,0.937,0.888,0.93,0.727,0.913,0.888,0.953,0.408,0.31667,0.0024,0.00721,0.06731,0.04327,0.73317,0.14663,0.06971,0.00721,0.15865,0.05288,0.54497,0.26603,-,-,-,-,0.47368,0.18797,-,-,0.52308,0.21425,0.58065,0.39546,0.4,0.24615,-,-,0.34286,0.06508,-,-,0.49206,0.30259,-,-,-,-,0.47368,0.2594,-,-,0.47692,0.28575,0.51613,0.29391,0.4,0.24615,-,-,0.34286,0.17619,-,-
Thurgood Marshall Elementary,ES,2015-16,Katherine May,marshalles.seattleschools.org,526,33,16,0.96136,0.07505,0.82524,0.875,0.8835,0.89423,0.88034,0.84524,0.86325,0.79762,0.80851,0.87037,0.82979,0.80556,0.87234,0.85981,0.85217,-,-,-,-,-,-,-,-,-,-,-,-,-,-,-,-,-,-,-,-,-,-,-,-,-,-,-,-,-,-,-,-,-,-,-,-,-,-,-,0.77022,0.78613,0.79764,0.805,0.772,0.799,0.845,0.839,0.874,0.592,0.798,0.795,0.874,0.274,0.27249,0.0019,0.18061,0.06654,0.173,0.44297,0.13498,0.29848,0.09316,0.08175,0.62167,0.84076,-0.0241,-,-,0.5122,-0.01281,0.70588,-0.02745,0.8,-0.1,0.95513,0.01282,0.85,-0.09118,0.55263,-0.04157,0.0625,-0.10417,0.72,-0.02286,0.96341,-0.00119,0.85987,0.02541,-,-,0.60976,0.13476,0.70588,0.10588,0.8,0,0.96154,0.01923,0.875,-0.06618,0.61842,0.14016,0.1875,0.10417,0.76,0.04572,0.95935,-0.00968
TOPS K-8 School,ES,2015-16,Amy Schwentor,www.topsk8.org,318,27,18,0.95448,0.04124,0.65385,0.44444,0.67308,0.51111,0.73214,0.50877,0.71429,0.49123,0.69643,0.64286,0.625,0.42857,0.78571,0.8,0.7963,-,-,-,-,-,-,-,-,-,-,-,-,-,-,-,-,-,-,-,-,-,-,-,-,-,-,-,-,-,-,-,-,-,-,-,-,-,-,-,0.77329,0.72274,0.78932,0.782,0.703,0.744,0.833,0.756,0.783,0.52,0.791,0.485,0.601,0.32,0.25424,0.00314,0.12579,0.06918,0.20126,0.46541,0.13522,0.28931,0.06918,0.14151,0.08176,0.69512,0.15715,-,-,0.55172,0.18135,0.6,0.2,0.66667,-0.00901,0.78571,0.23016,0.66667,0.16667,0.52941,0.07941,-,-,0.56667,0.36667,-,-,0.67073,0.19605,-,-,0.44828,0.18902,0.4,0,0.71795,0.12335,0.75714,0.24325,0.73333,0.31667,0.60784,0.27451,-,-,0.53333,0.25333,-,-
TOPS K-8 School,MS,2015-16,Amy Schwentor,www.topsk8.org,167,27,18,0.95448,0.04124,-,-,-,-,-,-,-,-,-,-,-,-,-,-,-,0.74,0.375,0.58,0.48214,0.51786,0.41379,0.48214,0.46552,0.68519,0.30357,0.39623,0.23214,0.60377,0.59322,0.68421,0.96296,0.94915,-,-,-,-,-,-,-,-,-,-,-,-,-,-,-,-,-,-,-,-,-,-,0.61628,0.71271,0.62842,0.758,0.733,0.781,0.784,0.791,0.855,0.465,0.791,0.485,0.601,0.25,0.16667,0.01198,0.1976,0.06587,0.17964,0.49701,0.0479,0.28144,0.0479,0.16168,0.08383,0.64375,0.27905,-,-,0.51613,0.36613,0.63636,0.23636,0.68966,0.16188,0.67073,0.27833,-,-,0.41026,0.24662,-,-,0.40909,0.26623,-,-,0.48428,0.09016,-,-,0.29032,0.11532,0.36364,-0.03636,0.67857,0.20635,0.5,0.03165,-,-,0.38462,0.2028,-,-,0.13636,-0.00157,-,-
Van Asselt Elementary,ES,2015-16,Monique Manuel,vanasseltes.seattleschools.org,511,36,14,0.95768,0.16047,0.53012,0.29885,0.80723,0.4375,0.39759,0.45783,0.43373,0.5122,0.5122,0.31081,0.59756,0.25676,0.5119,0.41892,0.55056,-,-,-,-,-,-,-,-,-,-,-,-,-,-,-,-,-,-,-,-,-,-,-,-,-,-,-,-,-,-,-,-,-,-,-,-,-,-,-,0.74688,0.71477,0.70819,0.751,0.742,0.774,0.835,0.741,0.788,0.556,0.592,0.798,0.508,0.121,0.13506,0.00196,0.37965,0.10372,0.4227,0.0411,0.05088,0.82192,0.4501,0.1546,0.02153,0.47984,0.12328,-,-,0.21429,0.07635,0.34615,0.04986,0.68696,0.14567,0.63636,-,0.45455,0.14685,0.42051,0.10276,0.23256,0.02668,0.16216,0.06216,-,-,0.6129,0.20612,-,-,0.38824,0.20966,0.6,0.32,0.8,0.18889,0.63636,-,0.36364,-0.13636,0.55897,0.19183,0.48276,0.20276,0.38889,0.29514,-,-
View Ridge Elementary,ES,2015-16,Terri Skjei,viewridgees.seattleschools.org,592,34,17,0.96324,0.0625,0.83158,0.77778,0.82105,0.7551,0.92391,0.86022,0.8587,0.88172,0.8913,0.87912,0.8587,0.84615,0.96739,0.9011,0.90722,-,-,-,-,-,-,-,-,-,-,-,-,-,-,-,-,-,-,-,-,-,-,-,-,-,-,-,-,-,-,-,-,-,-,-,-,-,-,-,0.77888,0.79112,0.82287,0.753,0.665,0.732,0.836,0.792,0.834,0.683,0.78,0.701,0.795,0.354,0.32118,0.00338,0.02027,0.04899,0.14189,0.65709,0.12838,0.09628,0.0473,0.09122,0.32601,0.88172,0.04427,-,-,-,-,0.93333,0.23333,0.88235,0.15822,0.86935,-0.00929,0.95833,0.17573,0.82353,0.29412,-,-,0.66667,0.16667,1,0,0.84588,0.01964,-,-,-,-,0.93333,0.18333,0.88235,0.05477,0.85427,0.01525,0.79167,-0.03442,0.47059,-0.09191,-,-,0.59259,0.04087,1,0
Viewlands Elementary,ES,2015-16,Michelle Ota,viewlandses.seattleschools.org,383,25,16,0.94808,0.18782,0.5,0.59524,0.53623,0.58537,0.54054,0.36364,0.45946,0.43243,0.51429,0.65517,0.29412,0.58621,0.6,0.68966,0.57895,-,-,-,-,-,-,-,-,-,-,-,-,-,-,-,-,-,-,-,-,-,-,-,-,-,-,-,-,-,-,-,-,-,-,-,-,-,-,-,0.65542,0.71922,0.69464,0.86,0.748,0.802,0.912,0.813,0.819,0.554,0.79,0.789,0.742,0.33,0.2449,0.01305,0.09138,0.2141,0.08877,0.47781,0.11488,0.48042,0.2141,0.12794,0.02872,0.51429,-0.02418,-,-,0.375,0.01786,0.36842,-0.06015,0.25,-0.38636,0.64912,0.04912,0.71429,0.01429,0.36842,-0.08612,0.16129,-0.13038,0.36667,-0.1718,-,-,0.45714,-0.07557,-,-,0.375,0.08929,0.28947,-0.06767,0.25,-0.25,0.59649,-0.10351,0.57143,-0.12857,0.26316,-0.21736,0.16129,-0.26728,0.3,-0.11667,-,-
Washington Middle School,MS,2015-16,Susan Follmer,washingtonms.seattleschools.org,1080,56,19,0.94277,0.06568,-,-,-,-,-,-,-,-,-,-,-,-,-,-,-,0.69459,0.55278,0.59079,0.53463,0.68715,0.5779,0.60278,0.59773,0.69318,0.52038,0.63173,0.52998,0.72727,0.57452,0.71429,0.46197,0.49403,-,-,-,-,-,-,-,-,-,-,-,-,-,-,-,-,-,-,-,-,-,-,0.64375,0.59983,0.62275,0.604,0.589,0.621,0.689,0.666,0.726,0.377,0.471,0.49,0.552,0.217,0.21227,0.00833,0.28426,0.08241,0.18333,0.35648,0.08519,0.46759,0.09074,0.10556,0.45463,0.69167,0.14299,0.4,-,0.37171,0.13053,0.58333,0.16575,0.77157,0.08379,0.90585,0.14938,0.79348,0.15062,0.46407,0.12596,0.20792,0.09125,0.36667,0.1359,0.97151,0.1071,0.60813,0.05553,0.6,-,0.26144,0.04967,0.40476,-0.01282,0.73232,0.02192,0.85242,0.05708,0.63736,0.06089,0.35174,0.03868,0.14423,-0.00453,0.23333,0.00256,0.96286,0.0363
Wedgwood Elementary,ES,2015-16,Douglas Ouellette,wedgwoodes.seattleschools.org,482,26,18,0.96306,0.03942,0.84615,0.74603,0.89744,0.85714,0.91803,0.92105,0.86885,0.92105,0.93151,0.95833,0.84932,0.91667,0.9589,0.95833,1,-,-,-,-,-,-,-,-,-,-,-,-,-,-,-,-,-,-,-,-,-,-,-,-,-,-,-,-,-,-,-,-,-,-,-,-,-,-,-,0.80573,0.7567,0.8202,0.779,0.756,0.728,0.862,0.859,0.822,0.62,0.709,0.728,0.758,0.434,0.37234,0,0.02697,0.08921,0.14938,0.57469,0.15975,0.09336,0.0332,0.07469,0.28838,0.89623,0.02457,-,-,-,-,0.75,-0.06818,0.86486,-0.0469,0.9322,0.04525,0.90323,0.1641,0.70588,-0.0084,-,-,0.77778,-0.0117,1,-,0.87264,-0.02575,-,-,-,-,0.6,-0.12727,0.94595,0.00477,0.91525,0.01091,0.83871,-0.07433,0.58824,-0.19748,-,-,0.55556,-0.28655,1,-
West Seattle Elementary,ES,2015-16,Pamela McCowan-Conyers,westseattlees.seattleschools.org,415,33,13,0.94177,0.26724,0.58065,0.53125,0.59677,0.67692,0.51667,0.56897,0.7,0.74138,0.41818,0.34783,0.4,0.3617,0.50909,0.48936,0.61667,-,-,-,-,-,-,-,-,-,-,-,-,-,-,-,-,-,-,-,-,-,-,-,-,-,-,-,-,-,-,-,-,-,-,-,-,-,-,-,0.66734,0.68944,0.68694,0.712,0.787,0.717,0.809,0.806,0.733,0.661,0.867,0.796,0.772,0.099,0.07774,0.00723,0.61687,0.13253,0.10602,0.09639,0.04096,0.85783,0.4,0.16145,0.00723,0.50847,0.01443,-,-,0.45192,0.00748,0.48,-0.03724,0.69565,0.12899,0.57895,-0.06391,-,-,0.46429,-0.02273,0.30909,0.06909,0.15789,-0.01858,-,-,0.57062,-0.04114,-,-,0.50962,-0.11676,0.48,-0.05333,0.82609,0.12609,0.73684,0.30827,-,-,0.55,-0.05897,0.47273,0.08057,0.21053,-0.1609,-,-
West Seattle High School,HS,2015-16,Ruth Medsker,westseattlehs.seattleschools.org,1007,52,19,0.89445,0.15492,-,-,-,-,-,-,-,-,-,-,-,-,-,-,-,-,-,-,-,-,-,-,-,-,-,-,-,-,-,-,-,-,0.75304,0.70892,0.73684,0.15417,0.33621,0.02954,0.72563,0.69149,0.77647,0.73913,0.68778,0.91845,0.88618,0.88785,0.82716,0.796,0.831,0.90863,0.778,0.854,0.69068,0.5121,0.48411,0.4386,0.44765,0.544,0.56,0.573,0.626,0.608,0.566,0.477,0.537,0.537,0.59,0.171,0.15328,0.0149,0.11519,0.12612,0.13208,0.52731,0.08441,0.33962,0.04171,0.14101,0.05362,0.75304,0.04412,-,-,0.43333,0.01667,0.65517,0.10679,0.74194,-0.02949,0.84091,0.0545,0.83333,0,0.56757,-0.0022,-,-,0.41667,0.14394,-,-,-,-,-,-,-,-,-,-,-,-,-,-,-,-,-,-,-,-,-,-,-,-
West Woodland Elementary,ES,2015-16,Farah Thaxton,www.westwoodland.org,532,30,18,0.96129,0.07707,0.90217,0.92754,0.88043,0.81159,0.90769,0.93421,0.84615,0.89474,0.91781,0.94737,0.86301,0.88158,0.91781,0.93421,0.95876,-,-,-,-,-,-,-,-,-,-,-,-,-,-,-,-,-,-,-,-,-,-,-,-,-,-,-,-,-,-,-,-,-,-,-,-,-,-,-,0.75229,0.79963,0.82189,0.824,0.815,0.819,0.899,0.9,0.882,0.649,0.915,0.875,0.944,0.353,0.28266,0,0.01692,0.07143,0.05639,0.75564,0.09962,0.09023,0.00376,0.11278,0.23872,0.9087,-0.02796,-,-,-,-,0.88235,0.06417,0.9375,0.00893,0.91329,-0.04176,1,0,0.84615,0.13187,-,-,0.86957,0.09684,1,0,0.86522,0.00096,-,-,-,-,0.88235,0.06417,0.875,-0.125,0.87283,0.00766,0.88889,-0.0202,0.61538,-0.0989,-,-,0.82609,0.12154,1,0
Whitman Middle School,MS,2015-16,Sue Kleitsch,whitmanms.seattleschools.org,861,46,19,0.93684,0.08817,-,-,-,-,-,-,-,-,-,-,-,-,-,-,-,0.69474,0.74564,0.68662,0.64583,0.74007,0.7053,0.67391,0.64784,0.66552,0.7363,0.61724,0.63356,0.73793,0.78157,0.78049,0.46575,0.9094,-,-,-,-,-,-,-,-,-,-,-,-,-,-,-,-,-,-,-,-,-,-,0.6,0.62474,0.64594,0.563,0.539,0.57,0.603,0.591,0.633,0.372,0.803,0.705,0.782,0.25,0.25061,0.01278,0.10105,0.12427,0.07549,0.60511,0.0813,0.3043,0.04994,0.1324,0.23461,0.69953,-0.02919,0.09091,0,0.29348,-0.11497,0.47525,0.00203,0.73134,0.03569,0.82398,-0.00721,0.70313,-0.0914,0.36327,-0.05996,0.04651,-0.09074,0.37168,-0.02306,0.9,-0.01667,0.65882,0.01637,0.27273,0.09091,0.26087,-0.05342,0.37,0.01286,0.76119,0.11834,0.78101,0.04156,0.65625,-0.08348,0.31557,-0.02151,0.09302,-0.04423,0.30088,-0.0177,1,0.16667
Whittier Elementary,ES,2015-16,Melissa Schweitzer,whittieres.seattleschools.org,469,25,19,0.96364,0.04478,0.75904,0.78261,0.68675,0.78261,0.78462,0.78824,0.84615,0.78824,0.89873,0.78571,0.79747,0.72857,0.91139,0.92857,0.94231,-,-,-,-,-,-,-,-,-,-,-,-,-,-,-,-,-,-,-,-,-,-,-,-,-,-,-,-,-,-,-,-,-,-,-,-,-,-,-,0.80124,0.83122,0.81148,0.686,0.619,0.636,0.771,0.736,0.771,0.604,0.75,0.63,0.679,0.422,0.38122,0,0.02132,0.04051,0.05544,0.78465,0.09808,0.10661,0.00213,0.08102,0.28145,0.81498,0.02926,-,-,-,-,0.72727,0.22727,0.71429,0.08271,0.85714,0.03055,0.75,-0.07353,0.61905,0.00366,-,-,0.5625,-0.15179,1,0,0.77093,0.00307,-,-,-,-,0.63636,-0.16364,0.85714,0.17293,0.8,0.00809,0.7,-0.06471,0.33333,-0.28205,-,-,0.53125,-0.11161,1,0
Wing Luke Elementary,ES,2015-16,Davy Muth,lukees.seattleschools.org,361,27,13,0.95511,0.10803,0.48148,0.57143,0.62963,0.65079,0.6875,0.775,0.6875,0.625,0.68421,0.69643,0.52632,0.46429,0.65789,0.67857,0.7037,-,-,-,-,-,-,-,-,-,-,-,-,-,-,-,-,-,-,-,-,-,-,-,-,-,-,-,-,-,-,-,-,-,-,-,-,-,-,-,0.73834,0.78734,0.7892,0.796,0.645,0.8,0.882,0.747,0.847,0.578,0.615,0.863,0.863,0.154,0.12033,0.00277,0.44875,0.06094,0.37673,0.0277,0.0831,0.81163,0.40166,0.12465,0.11357,0.61538,-0.05128,-,-,0.52239,-0.01493,0.5,0.25,0.70968,-0.13159,-,-,0.61538,-0.29371,0.54839,-0.07567,0.29167,-0.0498,0.47368,0.06192,-,-,0.62821,0.04959,-,-,0.52239,0.07463,0.5,0.25,0.77419,-0.00358,-,-,0.53846,-0.00699,0.58871,0.03232,0.35417,0.03709,0.26316,-0.03096,-,-
