neighborhood,household_family,household_female_family,household_male_family,household_married_family,household_nonfamily,household_total,population_25andover,population_65andover,population_asian,population_black,population_edu_advanced,population_edu_associate,population_edu_bachelor,population_edu_highschool,population_edu_nodiploma,population_edu_somecollege,population_female,population_hispanic,population_male,population_race_other,population_total,population_under18,population_white,household_family_margin,household_female_family_margin,household_male_family_margin,household_married_family_margin,household_nonfamily_margin,household_total_margin,population_25andover_margin,population_65andover_margin,population_asian_margin,population_black_margin,population_edu_advanced_margin,population_edu_associate_margin,population_edu_bachelor_margin,population_edu_highschool_margin,population_edu_nodiploma_margin,population_edu_somecollege_margin,population_female_margin,population_hispanic_margin,population_male_margin,population_race_other_margin,population_total_margin,population_under18_margin,population_white_margin
1.1,337.788393033,52.487368149999995,14.288260170000001,271.012764713,195.250140729,533.0385337619999,947.328541546,182.990688412,56.957489042,31.173520672,179.723208361,90.811241203,329.152340106,143.85360271099998,27.616817627,176.171331538,641.598231007,65.42766733900001,639.935238137,157.737188587,1281.533469144,276.36385258999996,1035.665270843,28.15173110095514,17.43642804019695,8.57330595744719,26.495327933835387,31.24406909023558,30.855235126001748,58.34778341999928,31.204089945398565,22.10597466823112,36.873225137470186,35.18603438564762,23.291817728764467,44.323166317092415,30.552409417539025,23.46514198551199,32.08591623540702,53.46396766753698,31.3462602395664,57.68845817863663,134.61785638931812,91.58325637816476,43.523746168714425,88.80408527739804
1.2,332.60729288699997,49.329328915999994,12.876759091,270.40120487999997,228.169412523,560.7767054099999,990.636226675,191.05724997299998,62.953448183,16.371273177,202.522283773,67.665103508,364.50194633899997,123.210045046,28.929378795999998,203.807469213,678.9967133980001,63.181881278000006,589.6851854700002,104.320316518,1268.681898868,234.980421514,1085.03686099,27.720673491307817,15.40393729322144,6.681845126427155,27.253951560355585,29.50884147171175,31.46817672599942,63.94519502812422,32.168417136971264,22.44717008015752,8.046948382769036,31.899753232389823,18.27518775424297,41.278936728979154,25.580100330877517,20.13687708008162,34.892522680119264,53.835915584876126,22.524295447804732,51.20970039419184,123.56894276099139,89.48210799546698,36.38948404703341,81.81446779680402
1.3,331.955296738,44.056507537,20.422476666,267.476312535,239.947275362,571.9025721,976.0906598899999,178.51220235399995,65.18124360300001,11.350481934999998,224.46255925100002,84.47900637799998,369.733895401,122.50194391999997,23.228439043,151.68481589700002,705.9182922619998,70.30896610399999,608.73830779,88.43483861700003,1314.656600052,287.129171591,1149.6900358970001,27.269073208922997,14.503048178288529,9.640596581378302,27.704763876259452,25.825042794499147,28.864058448274566,54.49546985591582,29.11261920618213,18.39265222421018,7.060941529752321,38.75516475979971,19.11591619206575,41.668539539875475,23.246006816923924,16.25345889055801,25.463523122607654,57.71111883979975,39.9881207486014,52.04591159405352,126.88713331485359,91.1537290823629,41.2521093556953,86.04182543457159
1.4,338.577830341,28.146663673000003,14.123700299,296.307466369,354.725813513,693.303643854,1117.5950443380002,230.53630871900003,71.841029196,28.311418442,256.956376574,91.030366369,461.69607081000004,89.725539589,38.320017096,179.86667389999997,706.233518132,54.06489503700001,675.325317438,84.615441019,1381.55883557,221.01704539600001,1196.790946913,43.240831542541514,12.989444017419238,9.478538656080648,41.969566953017235,48.55183596864026,50.95746187364454,97.63497883347308,44.45161449147283,25.97904938937815,23.185797382825424,56.48421402065515,27.808308464394923,65.502616630268,28.58169072976912,28.851994764050403,36.76697372838184,73.64739801246343,24.543413653222746,90.33216839085117,201.751096754541,144.15462560738763,58.57028587058556,136.78617163368853
2.1,246.858707214,29.187141871,58.22028164,159.451283703,326.578415743,573.4371229569999,909.672950254,81.68905804,120.064830434,47.21488588999999,180.26941623300002,54.305089477,404.406156039,97.438147236,28.727366180999997,144.526775088,535.6196119470001,94.35262860200001,580.260231731,91.233668216,1115.879843678,157.280920597,857.366459138,61.212325484180006,25.841213395003866,48.08460686432902,43.23982086251799,70.20489231411653,76.9991376000196,138.0542907120457,40.99927002309672,55.201207246778495,30.129849872929377,55.40293754237457,32.90790581949052,91.33144192894581,64.62892524134739,33.89645534856089,67.11501817676557,88.53084401878493,54.654378873377,126.44690159528265,245.11047650346524,183.45696375641805,63.50896260396212,149.89231803586546
2.2,381.711954032,129.561492421,37.967572227,214.18288938400002,234.805290089,616.5172441210001,1002.9972407390001,93.6446961,204.24897229100003,561.0469723550001,108.22827780000001,143.058985302,232.420339905,153.183275021,146.80228151400001,219.30408119700004,842.070107617,110.986642199,820.384000172,136.255888408,1662.4541077889999,445.881795509,760.902274735,52.910265284770595,37.07218834820825,30.791570181746415,37.12816092936147,39.95621498290184,54.386869409638116,100.95640967673204,28.57912770791022,61.92317878270088,143.81981275872025,30.427022821850493,48.791409375559546,52.74734014624081,39.376365978773364,43.12971307086486,49.01017103725001,103.25197018361898,53.110447772979725,118.66784168842983,260.8065709203616,172.6505430537749,81.07425489536247,117.01811315333417
2.3,357.34744899200007,73.359521577,6.785204825,277.20272259,196.077114456,553.4245634480001,997.5698824120001,145.424664682,340.721338835,142.128711493,132.585977996,114.80129415600001,256.00663471900003,237.882713864,51.37765954299999,204.915602134,700.730415869,71.11688663300001,718.8345509390001,211.45025687700002,1419.564966808,334.522296713,725.264659603,60.02469060130111,41.424778797223595,10.239725528320902,54.32260477310627,59.072234708230845,53.44529109457428,107.16973107017635,50.775939762307786,116.31798199927411,90.63013804464799,44.92281955323013,37.79999497351134,69.52985432562828,66.18921572706735,46.48445736836173,58.56944901719709,95.2072238380125,33.70579098201999,119.15866447720371,264.8980974712753,188.96402553803406,88.00161835617413,112.78255289709965
2.4,341.09214530599996,75.77480149699998,35.264590057,230.05275375200003,259.23002976,600.322175066,1055.301158814,131.598605034,160.37016615400003,142.83195565999998,110.889150379,92.791628721,274.424141104,216.708268078,111.80464516400001,248.683325368,738.294057447,192.52199392800003,675.8825213490001,182.871314831,1414.176578796,253.96355016400003,928.1031421509999,28.746051466336585,17.035421444349957,13.979046803937134,24.04634913127761,27.097208951358407,30.26601061676388,69.36772710590792,21.98445993280612,37.4275391218276,42.66774924646754,19.16244598350407,20.44507995362941,31.63771503373167,33.79407633960245,28.464462419073563,34.28109848670334,56.12475849144391,47.71582595648221,53.55527256956425,134.9093247215375,94.04863237882478,34.71202591883519,78.32000468602229
2.5,312.605960703,76.835610179,28.701446998999998,207.06890352499997,334.45399627099994,647.059956974,1084.7302083999998,238.389841844,245.53928792599996,75.18920069299999,57.888512878,101.01088086099999,239.935204544,184.32706778199997,173.41518688899998,328.153355446,784.8390886669999,137.76288285699997,683.655676324,323.467709823,1468.4947649909996,292.585444207,824.2985665489999,58.35556257799329,36.774745909319044,27.147512717489754,43.33500375461561,50.78868488021815,66.19920696020047,135.66319028875282,56.944663225733386,120.69778419071035,34.78067667908942,30.040997897861647,32.217365056451676,69.41622924325857,52.59802786696445,67.50865731313098,70.51471174772462,137.2711520568748,99.07205984695071,113.02421913666771,264.5943280045244,208.1373208741043,77.25843299411453,104.45747217271423
3.1,235.097091564,56.160010420000006,22.080413370000002,156.856667774,212.691228834,447.78832039800005,778.05267327,90.179691742,116.035984232,35.227691084,31.286415295999998,31.433759762,104.112188392,198.96087423400002,179.60450163000002,232.65493395600004,596.88212952,419.506362736,570.025377652,274.70864705400004,1166.907507172,345.248236288,740.935184802,48.16299965558534,26.687380773851924,16.623929225543936,45.17371015781104,49.233826939265676,59.25332318697414,99.90518509871843,36.37008732531842,58.01887010436695,22.433794108712263,20.099325657519888,18.54080822342755,35.392121634382775,56.95829511780482,57.401517489952056,79.87626156844203,112.60770507141234,132.61550727124865,87.54173127336828,236.41292621254428,158.2465324123895,82.32866024101006,164.25480892057
3.2,71.340292124,10.105875252,3.12854162,58.105875252,212.45183396800002,283.792126092,407.52937626,32.122875027999996,13.608708548000001,9.368625084,37.240083464,36.888458156,135.574708996,48.094542067999996,34.234416872,115.497166704,227.474500336,54.603041956,265.95854385999996,66.68625084,493.43304419599997,32.708917208,403.769459724,24.254985889603933,12.589927925809667,6.273564193145519,22.956306352173435,38.29419514001566,36.5072103840876,65.77179740417168,28.576112381637785,22.880632985820604,8.49703620184526,21.757322475572305,20.413946755382977,38.678828833262294,26.038818617668184,33.73967882898306,37.73562551133123,49.38855697521124,41.070559955157286,50.29697559109658,106.82134871527867,75.63219659061494,24.893260947907077,71.37820668931414
3.3,172.62414891,49.915751059,0.0,122.708397851,216.807115364,389.431264274,834.2896026779999,123.773964834,232.51047795,111.292380148,117.67132252600001,63.497087568,249.612069815,170.882284177,104.903579629,127.723258963,378.725119685,111.73847323999999,664.132493694,187.830163084,1042.857613379,115.45064350999999,511.224592197,33.38498102887732,22.886102160315883,7.9662330285865135,30.052091636235456,41.160236113434784,42.33953987088589,122.39052139524189,36.61829756266539,57.92663197737034,88.10089837930103,35.62719912065861,29.176868638723736,94.8833199914815,61.16926060798187,42.640172798041455,41.28111349597498,55.5487341811513,61.53900565375138,119.07761375569906,189.6765051680586,137.2352525718297,42.43432167404358,77.62988520430162
3.4,372.92721819499997,107.72665654699999,40.109706050999996,225.090855597,119.155168339,492.082386534,1081.9398390459999,190.77433084799998,854.355729655,483.45250644300006,59.027627607999996,69.727021255,185.933077368,280.472255014,351.607466165,135.17239163600001,821.037924467,92.46867532899998,867.992930049,152.96899872,1689.030854516,469.4283909069999,198.253619698,30.004157223567354,23.075631348096923,14.209293855327768,26.557675228594917,21.68200241903544,30.46166365962547,80.8525621019981,28.465567812428944,103.95798995114622,115.42052981744213,16.367566323493673,22.16057482613256,36.46304632233081,43.72544603120837,50.28849554521122,29.94119538946864,79.28695772381643,41.80200696864373,82.26401178342233,216.4936382923096,143.53025761811236,58.53024800084068,46.25362895058089
3.5,297.098035223,42.97134169899999,24.266047047999997,229.86064647600003,128.016089564,425.114124787,1053.0381062729998,189.105382508,810.891903156,164.46368857500002,92.650378728,101.222957895,235.85628953,179.415716528,279.59556871,164.29719488199999,661.8588126820001,117.629051409,763.3512304640001,131.195038984,1425.2100431459999,230.77912957099997,318.659412431,30.18635483882666,14.880230599652188,9.801649225898364,28.792244544604102,24.16399893779685,31.289256293012137,122.6595661456306,32.3348932151218,131.81369365283177,57.83414331044669,23.43493465174512,27.212969123168342,40.63715921860673,35.51058860013052,60.71133308188113,35.86831680451981,76.91145284944534,83.48785486660226,104.64997862353421,229.344581279176,162.5045418065296,40.125685086511,73.97008102952559
3.6,294.978127674,56.078258967,28.032002465999998,210.867866241,210.63207576499997,505.6102034389999,954.1468217379999,167.004460427,432.80636808599996,154.37133314599998,128.58228710699998,62.9618344,278.653194073,133.260978268,174.128285481,176.560242409,657.15741307,158.79949064200002,620.098213147,152.380304088,1277.2556262169999,234.45125382700002,537.697620897,33.53063081155972,15.701248120298372,11.378458132695425,29.86119260840563,28.053016238707276,34.93159219662513,76.7812472883147,35.1398195770704,72.71579796633864,46.16491168775756,23.60900518304466,16.48964719246798,49.48393468585074,35.06137355046906,40.51796907722624,35.242302688320486,71.01316238051385,57.53354853097649,66.95281108036313,174.3558551279405,119.80444272783444,44.93645918751518,92.88742312632306
4.1,324.275169369,107.15575421500002,30.087542652,187.031872502,168.573964982,492.8491343509999,985.0551316729999,164.298868604,493.85217101200004,384.676725297,81.442578356,88.84388763899999,182.342533088,256.161996143,190.899871706,185.364264741,727.725674412,175.400214151,749.8314724730001,196.692695509,1477.5571468850003,359.838567981,402.33555506700003,39.251624738905825,30.231936278993494,18.395703217566503,27.775416698680743,30.73664955904129,42.80675886584654,113.68137979192487,35.705271268201955,139.49679242442357,95.81713064597925,21.777967201386506,26.347822292369553,40.68255214638849,57.36010057452347,50.650523418774334,38.99240001040129,96.36813330479627,79.49951799896462,104.55730535971956,261.84048219666886,186.04336713235995,70.30379036445615,72.8562011163539
4.2,287.52502734599994,70.622994738,17.088500209000003,199.81353239899997,271.29492795,558.8199552959999,1066.919978424,191.535594683,318.57710295600003,363.974097079,173.630905347,80.12952540699999,236.502856278,194.35686874899997,149.04472188900002,233.25510075400004,698.6071974239999,95.41408580800001,672.787243772,107.92723775300001,1371.394441196,230.340875148,580.9160034079998,29.128735970333,17.396344319542337,7.332053131603458,25.859453910337805,38.12956079446052,38.81240555530335,83.8685598244727,31.157041442736023,52.40114785629267,85.32959584499858,28.51867466710812,24.909414009697212,31.561941102006692,39.12883753556644,31.559303626354144,40.05928830920533,64.87177783696217,32.552356385110336,61.32981536171752,158.91013529047393,106.78480582105608,34.64028381852227,61.82569142410165
4.3,294.060259486,32.166026934,17.249314938999998,244.64491761300002,181.79864887899998,475.85890836499993,903.0721365539999,202.507319367,170.324969157,123.720244641,259.395880935,48.85814877299999,286.55100957900004,98.12618485299998,76.32441337999998,133.816499034,619.2719427290001,66.701181478,569.940628737,92.10687048,1189.2125714659996,231.96595151099996,803.0604871879999,26.460654479680144,13.149038677641105,8.88007593078253,27.6131315351962,28.411303593330725,30.583117764715315,64.6098927935205,33.418476550123465,45.53005988577752,31.58296886899278,40.58526194450026,15.783484403567172,38.75312258776625,23.547875286276717,30.97132200653855,29.540171755134764,51.09727882216526,29.2219624305266,59.966135293356054,135.66926074955362,90.53053001085397,38.91287847746645,84.49793590675446
4.4,370.54269527400004,54.03438829,49.731570104,266.77673688000004,284.72782457100004,655.2705198450001,1183.2843281870003,211.70505124000005,130.210267261,303.340543449,350.420868971,28.38799186,383.537211215,136.735546527,94.95502327000001,189.247686344,848.9891222190001,67.541980729,754.6446257000001,83.563616401,1603.6337479190001,314.35931581200003,1086.519320808,58.723721251440516,32.12380818000754,25.83406837294758,54.61370664605271,49.98741586860729,56.79946420863358,142.79236755868118,57.36532621456226,73.66329309120327,123.38805575372706,65.27558929193329,18.160555588957777,81.38278649844848,61.757941732433785,42.48137343392433,64.77409137371644,119.93969891588588,36.900475384171806,116.98236704456237,294.5109655322111,207.82456148570836,73.70662837600607,151.31016955334803
5.1,327.72627828800006,52.656237448,11.027887422,264.04215341800005,206.161990242,533.88826853,976.330797657,202.59496092199998,102.76830689000002,178.537890344,373.70017847700007,51.28091688,327.056584213,66.52487357400001,32.955395205,124.81284930799998,665.506860725,60.277511338000004,646.2590500750001,214.660382427,1311.7659108,264.164513231,815.7993311390001,39.00600033533328,18.84527238156839,9.438938750823507,37.727989435345094,36.65795916842681,41.802780578236884,88.58802618631763,37.96575507261588,33.55881302425472,58.37506170038997,61.410723592037186,20.93014520275582,47.280467077246755,24.94790139129024,23.571078327662367,37.24521680587242,74.93325085539378,32.65110174558919,70.91304463933955,164.82046468372047,122.49869876622142,48.687251404222735,87.32704403000754
5.2,291.720113264,50.270042474,20.019688524,221.43038226599998,595.4824351760001,887.20254844,1384.359381901,390.263029812,506.534488086,374.718697464,261.106196351,89.525318555,339.016182193,254.25035395000003,230.72645119499998,209.73487965700002,884.348121839,45.734879657,891.3776546250001,182.230665426,1775.7257764639999,241.590722058,712.241925488,57.681541506704995,26.67018933980604,19.33914176439161,51.23848831025369,81.4207739005929,69.5883140706613,131.01001079065236,77.2731889727196,96.00413747876813,136.77966381943182,63.95030236176498,40.46900715133152,81.817566707099,73.4111134483339,72.36983331456605,65.17614132815143,129.9373952873538,34.43140622503854,112.49363854729671,287.72439898884613,183.98638435402793,75.33409546973813,144.9443662176135
5.3,237.28057662299997,47.734455256000004,20.128690496,169.41743087100002,318.179268546,555.459845169,960.669045398,96.14591245499999,88.38291292000001,206.69898668500002,213.65171558900002,57.74594854000001,355.585847146,95.65225229900001,51.847995337,186.185286487,640.755784499,95.74472156,676.3061758700001,131.018664944,1317.0619603690002,203.50393763200003,890.9613958200001,23.43837398277686,13.322340392982758,11.99136156200338,18.462741250544813,25.006632157668975,26.176723181452388,65.62124006990427,19.149232048666413,22.459762657234588,48.63988151867727,24.427062002451645,13.24029387351878,37.228240770503334,26.71233424254258,19.686719459552382,30.3536174878093,52.651866387405505,32.7411663846877,61.34974596133136,129.51860278586366,90.26302916253424,28.709502001078988,75.87736830725976
6.1,169.64500871399997,14.462255071,13.183567920999998,141.999185722,608.463675473,778.1086841869999,1002.4513090420002,254.32341062400005,201.08380799099996,118.46847239600001,234.57446854,54.92094612399999,332.97073770599997,100.74485128699999,65.318853403,213.92145198199998,620.814445251,109.87829700899997,770.8279579329999,130.94571593400002,1391.6424031840002,41.001706829999996,941.144406863,24.03198237520688,8.496355517876891,8.112246762912438,22.08472581817193,39.89201368159936,37.44735879663305,61.56821100372874,34.73567941916942,39.64279749880043,35.27454128638797,33.70286324772097,16.188282880498804,37.69938368538004,24.31174401507113,22.135866145272587,38.96575130743188,52.94592209050364,33.253868243660406,60.03544219154478,119.15169439964968,82.56723914681746,17.797702345196203,67.55688448621486
6.2,186.167552713,32.158765202,7.03843703,146.97035048100003,835.9073381,1022.074890813,1259.014371113,91.00289020700002,188.79123681700003,92.43971594800001,278.893132407,138.73023518300002,517.596200386,80.69444672700001,25.969802779000002,217.13055363099997,666.9624479429999,96.05650444,865.563564624,137.669428616,1532.5260125670002,75.270604683,1113.625631186,30.53259273591368,13.335940391984074,6.768187552514073,26.95337013789154,51.17518677719281,50.8576177094533,92.81427363279633,20.939095147742055,38.09698161292254,35.12455852684803,37.37407449787947,57.418899378908556,52.322500327092605,21.182460142119798,18.130584524802284,39.488330012772266,59.550222251273745,37.25097896298125,75.37332613730683,143.57095749238528,99.96611961393407,26.3077664357947,89.07457631048042
6.3,312.6992305,14.42521952,25.412835719999997,272.86117526,452.75452638,765.45375688,1158.59629402,168.92401198,73.94577974,5.807039969999999,495.64697113,61.31922757,365.80996072000005,42.769893759999995,17.74061277,175.30962807,611.05777379,37.51942177,827.850991,55.412750749999994,1438.90876479,199.69961598000003,1303.74319433,60.77661178731567,17.32051277687445,26.1647410032425,55.29245291901614,70.4918133713172,77.60349058636203,141.90892587625953,51.25350922402695,39.25872240817,10.560414916360203,105.16360940943997,40.35072562430683,75.24949134759227,25.18513215472523,33.202894133711396,73.76397784236688,95.60529914759803,24.36953992281864,133.00753076335786,258.10614462432693,185.86982455848369,68.50489309820489,174.40877432946155
6.4,236.354575501,18.943155125,12.998323711,204.41309666499998,308.962192332,545.3167678330001,903.791384854,116.45559484999998,81.804057165,43.468684828,339.20268041500003,36.565950081,372.02162199299994,48.341030613,9.968536365999999,97.69156538600001,569.1862419619999,48.373861945,594.254649679,48.617522797999996,1163.440891641,196.902889757,989.55062685,27.74370545078763,8.852532736680448,10.136781865875546,26.493558807748837,35.23708266212557,34.146521857854964,63.41486870808143,29.37530108700304,24.10015076907256,20.79355038052068,45.120924468571936,14.174023528099237,45.14901364210907,18.302068182536996,20.386162792591566,21.89772226945727,52.27152082155242,18.66299978184362,53.15098418365454,113.9635535997337,78.72431004655694,31.390145175659825,76.0064836198444
6.5,332.912528432,13.652271676999998,11.982960346999999,307.277296408,270.624965453,603.537493885,963.6055778329999,397.80915913499996,54.362869821000004,9.640511404,426.57263156499994,36.539247088,327.932062376,28.017004236,7.5968718299999995,136.947760738,583.6533353149999,31.73289115,604.4089430989999,52.592952817,1188.062278414,185.26188063999996,1071.465944372,53.20388169246574,13.062608849078796,16.490601359798784,49.538835702380005,69.41874196919117,69.93437776374961,109.2462233931289,81.14112121986899,31.062016346760913,14.212819408555498,82.26226284400792,36.25234399223177,72.70111897949141,19.451859761115525,26.989583864539124,48.373548412464174,73.56963733934265,28.374002809926893,91.44936704355706,190.75437264082387,133.0956455333348,53.44854669930513,132.3099645778523
7.1,327.194516054,36.07955626099999,18.519096171,272.595863622,299.663371667,626.857887721,1011.8604197500001,190.773741536,106.69297508000001,24.107951416000002,416.05491390000003,32.767241381,413.570301697,59.457914187,13.872086231,76.13796235400001,700.885553007,62.522688634000005,687.446273088,91.697193499,1388.3318260950002,229.384407702,1165.8337061,30.84058392141907,15.769690043810334,12.001759312593704,27.994100506321324,32.96810056000349,34.85284149795743,70.06965585363291,32.54179971362185,28.44196232444551,15.865535443068023,47.59976109498653,14.909426178627628,57.74926790530007,21.329807738190087,21.116763802662444,19.98621377130188,59.24407270965552,24.109627065860774,58.44491628165113,130.8580924476813,92.28755074351709,39.540331158585026,86.86879705077212
7.2,97.554522936,12.419620822000002,4.684264136,80.45063797799999,269.2759197000001,366.83044263600004,442.768910716,46.35913685000001,462.723978098,51.480017589,153.48425355000003,14.861473724000001,168.482187162,27.273729755999998,9.33460827,69.33265825400001,1096.487468883,126.091234063,935.936995422,231.81660137,2032.4244643049997,69.84519189,1286.403867248,21.750134445780482,8.854921533339686,6.229317448808328,20.877126955710533,32.59064858022489,33.590932604995096,61.590567890708826,22.566687677380862,58.04750450847111,24.45237537066987,36.40674760372172,11.43492730397374,45.71120416696904,14.347657414640624,18.79893781714786,24.419392982133083,134.48068071012014,32.636764564416126,89.51392373831547,225.57112229019845,158.17758362553917,25.24183222550604,147.96875281192348
7.3,310.435172386,29.962017448,5.31988427,275.15327066799995,251.09742090900002,561.5325932950001,959.446956214,173.371228321,139.919569699,21.477533956000002,356.77597285900003,51.596744131,373.09880231700004,56.36460192,9.619168977,111.99166601000002,719.1624138249999,44.778748619000005,690.703565052,108.44322789099999,1409.8659788770003,269.82093931199995,1140.0256473309998,19.263249478327932,9.472857194210498,4.001423986624004,18.66376129560206,20.66334661495458,21.434335038431765,46.73819990416845,20.465236489523598,21.34172714098324,8.458767989727194,29.872531675461516,10.673524186166036,32.77433624151278,15.629199368971507,12.398655878264305,19.05346683467295,45.378259098454585,12.613344886322087,48.24617416511318,98.72901331054645,71.74680009265903,25.720223847561282,63.818450878048324
7.4,364.29340087099996,44.516789957000015,9.903477978000002,309.873132936,164.104256417,528.397657288,965.7413361549999,197.81674326299998,157.866020474,8.040484990000001,387.222606466,56.13740222800001,296.85763885200004,80.775893389,9.053556523000001,135.694238697,694.6018988339999,52.690037294999996,634.026348378,95.394905882,1328.6282472120001,304.42556373199994,1067.326835866,37.384288797914444,15.614949497213956,5.8592846615658765,35.67504422947495,24.773557836530696,31.148192728254664,67.20338688210852,33.242567128986735,38.8432010190266,9.52724578717851,68.12299379006573,17.4697066683523,41.143111603437575,26.80087680115654,18.08718891313833,25.657035502280305,61.1830961983372,23.46199112054803,62.13444302764911,144.89381953470658,107.14077891676038,46.17237264193698,88.96915057913151
7.5,374.13917504700004,32.620717019,15.54726158,325.97119644799994,150.69129086800004,524.8304659150001,953.415717202,197.675358967,151.882714806,27.658325633999997,390.509906814,64.093927226,364.08214548100005,39.362522517,22.658874103,72.708341061,692.0325446510001,31.686615049,707.56381936,76.408307381,1399.5963640109999,355.53047411299997,1143.64701619,33.568728918497,13.927651724381851,10.02625993145875,31.97033642160854,21.342678140837034,32.4638532908283,75.39469911033919,35.95192384221995,52.18818451806838,21.814250072491188,51.55011607247673,26.31412554473616,44.96870108701127,18.174378402255478,21.012574222378998,25.485596262186537,66.49069874716051,16.90644344577845,68.12908035392815,161.89402050970958,114.32972478721538,49.20408717890385,99.69413120821469
8.1,281.06741753800003,37.652220858999996,22.166909371,221.248287308,378.6770949690001,659.744512507,1044.305143616,181.575830395,195.68284127500002,27.980333974,213.28795952399997,84.614999148,359.210035013,117.87721414900001,49.51517444,219.79976134200004,714.6939692770001,81.49636281100001,671.2158151779998,120.50455766200001,1385.9097844550001,202.864229982,1041.742051544,28.371975076401927,14.112878019195287,9.032050148112914,25.668142504364894,32.08322788130283,31.122091920099393,61.6351181046823,30.48547512656763,40.49069276088845,15.273259894888845,28.96435184861717,19.894595127093726,40.44858840247357,29.97974850522145,20.401747362918538,39.445000992607845,54.21342633161539,27.08715218140285,54.337672542774776,120.75508604819599,81.91208967375513,31.03176478318467,77.4559985005192
8.2,313.40070264099995,63.717265946999994,21.745475297000002,227.93796139700004,226.426009966,539.8267126070001,919.7217543879999,164.150919569,213.483414678,83.736018374,209.14062175499998,60.402072596000004,316.3417319369999,121.567390873,63.569173905,148.700763322,654.1082214329999,114.391998651,615.852546938,118.244655669,1269.960768371,237.20015585399997,854.49667965,33.7259105330954,22.001839280326156,10.722148029889414,25.822358757907505,31.133911148778555,36.48275127199448,69.68664914516263,30.51639367480691,50.162530103178625,53.42117131431506,36.61330872800412,14.955587810311574,39.77891198291738,28.240822377962814,28.041376003703654,26.612507722455188,67.11269316157139,45.86154413353629,58.58693704866289,156.5239642316502,110.08975874134046,41.15134156379782,83.72511826279298
8.3,300.435626808,27.772269009000002,12.912182811000001,259.751174988,243.52696867999995,543.9625954879999,903.5187727449999,200.30133456599995,115.238755809,77.42521537100001,276.811537113,51.699680745,266.120290118,101.14444151199999,48.00256645099999,159.740256806,634.3930518489999,73.32809737999999,568.0627703549999,95.93819338600001,1202.4558222039998,211.49538733999998,913.853657638,28.089508975295487,9.934115133965108,6.940678426284333,26.193800217172527,26.875924269609737,30.95501573627719,55.78209045322173,29.448957031654295,31.72827060343213,22.449216382428947,35.745122001679825,12.88975444100558,37.122542382967175,24.74940035779473,24.16786200702314,25.636435180376633,51.24953657992044,32.54053870335593,48.016349398522145,116.04112252144505,81.20933911096581,32.63910592002749,73.21157617158265
9.1,309.91473938400003,84.685353418,9.185956464000002,216.04342950199998,361.42226465999994,671.3370040440001,1051.453025982,267.274735178,149.85656447899999,201.003662513,179.947462169,85.216352492,336.588341128,168.748116424,61.878738162,219.074015607,688.6708174739999,85.463091117,676.0912768950001,91.623491676,1364.7620943689997,201.07946974900003,922.278375701,39.803956728214565,30.783678850377356,6.459719400799697,31.770181942600384,42.78504034173451,46.59190757209187,76.70829433651585,36.41259425129605,51.59421138811004,81.72837355827025,32.04864028936968,26.62177533332066,45.62601940527779,34.021485080871585,26.476566956579582,44.13876930385133,61.633610080107616,38.80258709063655,75.78939109671327,165.89245401232327,108.81330367837886,47.38169631764537,79.61458124983476
9.2,326.33277580799995,39.881390958999994,14.704175518000001,271.747209331,409.504029632,735.83680544,1159.735736698,134.03760782499998,256.69219470900003,45.122133682,232.65269212100003,126.799167355,407.02500389500005,106.59199693500001,102.249611586,184.41726480600002,768.0296116190001,136.829676036,789.228121367,161.69182822300002,1557.2577329859998,171.34316284599998,1093.751576372,45.617307529716626,17.564119339056848,10.9159701239298,44.0858114984568,53.351822064289095,49.6831378225487,94.74644596966041,43.25967775496923,61.29630750097892,28.32382198393615,51.66169419420269,44.21742400688714,63.71751629116557,35.83454148087132,49.21888184744845,39.67574131345883,86.16355425344499,64.28260612333521,93.61661217414274,204.29688507252945,140.60537586506408,43.18899654372566,131.93888480334405
9.3,293.25390663999997,30.978530874999997,13.505367879000001,248.77000788600003,276.95228066299995,570.206187303,957.3048836580001,116.41014991499999,82.053638884,15.697614887,278.01274690599996,74.742109491,363.50463233699986,74.73320168000001,22.694496377,143.61769686699998,654.6857643989999,58.678134608,617.4293185309999,100.869755115,1272.1150829300002,225.491335237,1073.494074044,17.84895567995253,7.499605945186781,5.4499819355339865,17.053720738918578,18.269932270993102,18.95302358129918,37.751718357846684,14.84162841887313,15.625619080638675,7.697270515146647,23.377740512320667,13.09041841089693,25.61584000474251,12.521281716763928,12.360872204407583,17.911644563669608,32.78791071247267,17.172198354625174,35.866754242998354,77.81282444752213,54.996598526114994,23.55164858348419,52.21878832395157
9.4,251.22119555000003,35.088457315,10.320926775,205.81181145999997,371.83641975700004,623.0576153069999,1048.0860293800001,140.256495675,143.994920735,21.089846827000002,327.371530724,39.749668483,477.371676196,68.811310779,19.251965620999997,115.52987757700001,702.4686280080001,69.730757508,694.7953552120001,106.840474899,1397.26398322,195.936502919,1125.338740759,27.53524677986377,10.0502974244396,8.677005097094133,26.781554388963322,33.78016145994256,34.717148547153755,86.14498464974017,25.054231907259815,50.460657381164395,19.670787706619336,44.6388701444573,14.359188040485453,73.20990235959631,21.32833199078281,17.523691904259945,25.339995199964644,63.03825095229922,28.64951927074989,71.1565613017799,147.33094835417023,103.62983224169389,35.55912660872641,89.63285324120508
9.5,314.07074226000003,56.64377582,35.683617374,221.74334906599998,234.99469114599998,549.065433406,968.7745089660001,168.464483972,141.517430721,88.81572006,144.408910654,91.180980206,247.354787461,202.893574555,82.188200416,200.748055674,641.2721934220001,130.57108282200002,666.688615344,170.083532597,1307.9608087659997,243.783306324,907.5441253880001,36.527537177437345,22.410937898856716,14.423800542744404,29.974150484459575,30.325252919043912,35.91730851926896,76.51314838938069,30.734751213920514,41.30121490943327,41.54443517489733,30.660588670826634,28.678665096900943,42.088037699524435,49.58921826588507,28.186265884043202,34.293684773437626,68.15359876522862,44.21579366539051,65.01049524316554,149.1675406893829,105.50414909449883,39.66508012439327,87.68180696226568
10.1,354.89995488299996,39.64273164,15.423974496000003,299.83324874699997,221.82013694800003,576.720091831,1045.677482497,205.91126437199998,81.09633461600001,2.997481209,278.594729925,82.579560291,369.560611615,96.64848443700001,58.658601697,159.635494532,696.958708144,77.67235392799999,674.613828479,85.27771194500001,1371.5725366230001,233.202220156,1202.201008853,32.052645387733904,14.927758408642624,7.86905663023244,31.711396211816872,34.94091826582639,30.577970743720705,62.50156139855749,37.28985720893947,33.84267966373616,4.85029195335759,49.21929439382713,23.371440399760097,42.48216531881513,22.276184422820478,32.152449620496945,29.160289934795276,52.72041575589569,34.612818222240165,57.181166455817866,129.90439875639555,89.1637186512303,39.53078357570013,88.06890367030692
10.2,333.202178664,31.578754522999997,16.670622759,284.952801382,309.43530180399995,642.637480468,1077.111594563,109.21826665799999,66.65813782000001,13.606381945,245.374180094,98.50372181799999,477.292053294,85.27083418300002,22.514331777000002,148.156473397,708.919396842,71.931506642,694.330704005,109.896681984,1403.250100847,251.75689745100001,1213.088899098,39.194174616319266,13.62801884237676,10.776953975980714,37.14528982838638,36.597773693111826,39.8824122122958,85.72092156381353,25.492534570578922,22.041566081185444,10.536903869200227,38.89329359742356,27.267361171937477,64.27443447668186,26.857208300815337,19.385732487231515,32.228273613083005,62.88451955061868,35.37190849938989,67.65781550966697,160.0135909214775,114.52126351085364,42.20911598713225,109.05215497643101
10.3,326.081921665,28.902896034999998,26.533537373999998,270.645488256,249.847576466,575.9294981310001,977.1192687989999,176.970807605,41.658245785,5.97787721,251.02087757500001,73.62777991300001,437.906595514,66.636098865,18.296546278999998,129.631370653,659.354573334,85.608903847,672.415696929,66.01991037300002,1331.770270263,267.263055304,1218.1142368949997,37.70964510237103,10.067627975598697,22.47665933352288,33.04219639800735,33.822681598691126,41.039327315043295,75.55064916297714,32.95203690011469,17.799431008561797,10.20410945610119,37.75036133475156,20.575538157170858,57.38850383558221,23.201443698825862,17.31385508053603,28.924979983947612,77.87308832110686,43.5348339108626,80.98272732374834,194.91641338800815,139.4207176313412,55.955210693165036,134.66004644728912
10.4,284.560252543,19.663395617,9.964104584000001,254.932752342,799.160144489,1083.720397032,1685.9125213319999,134.89793794399998,137.856344806,25.580358308,394.3349531,106.856771743,653.997398554,252.33230993799998,48.6451209,229.74596709699998,908.210452362,102.09219958399999,950.0114882659999,116.006982014,1858.2219406279999,99.39406027800001,1578.7782555,88.43202896548871,16.64970000127615,13.082190706510278,86.9529638762136,128.8915320680076,120.21708650281073,219.962115080795,54.267855954931,88.45951394746685,27.629793056958654,113.44686636170981,55.07419153060989,193.70583822114347,185.24807063750734,39.623106538661965,113.1170815302991,162.84697200009708,88.45658647110396,176.9454295535319,318.1601621745961,217.47741029735025,41.41471291362689,212.9342004778256
11.1,213.32419506800005,11.867473873999998,19.284029550000003,182.17269164400003,453.348660679,666.6728557470001,1055.5385328379998,66.236430387,77.720113542,15.409353058999999,271.645698107,70.96381094300001,522.384193297,44.513178896999996,16.326857675000003,129.70479391900002,690.103345912,55.688641239000006,612.669069323,111.55142546000002,1302.772415235,116.33372648100001,1098.0915231740003,29.646403291220974,6.253643742113693,11.87150963529134,27.10372427947764,40.04990849431182,38.15957036161403,83.18953848486625,19.046134283957745,26.12830497023368,9.858861319920257,36.53557120790373,26.987203188663123,77.44617949073715,18.6175435030471,17.957003075559754,26.34210016099747,70.36143718306958,20.112728921730508,57.205156361009614,144.86125086999596,101.11743443493154,25.12535409806162,99.90075570171767
11.2,249.61244065999998,28.833003856,19.963986127,200.815450677,350.84643401500006,600.458874675,981.4073421139999,98.199677075,167.927763267,14.370849321999998,314.929873772,56.80886981899999,414.151604359,48.253167362,17.000761363,130.26306543899997,635.3654341949999,61.99566063,755.465987531,92.476378766,1390.8314217259997,173.27270231499998,1116.0564303710003,22.63257271188849,8.5965596794666,9.737687507196686,20.96072031620301,28.702089518142518,28.751333971361323,63.15565798090449,19.18621064032523,38.67870493946265,9.927009657650748,33.25618298812038,21.160963763925142,44.693728982971784,12.896560565626002,16.723741608505946,25.04113813135749,44.982456565900435,22.963034153015172,77.33628945728549,127.59095803292391,91.89200570622,25.559959187052787,78.99825392064231
11.3,363.690513744,44.989775414,35.997027623,282.70371070699997,1142.760724352,1506.451238096,1940.9870452430002,159.80842766,383.795390365,105.21508439299998,566.1671322149999,175.383074492,783.331908111,104.13226390300001,66.026691122,245.94597539999998,1050.113707587,132.742609046,1322.7423447339997,202.51564086700003,2372.856052321,126.46881816,1681.329936696,55.874213451530466,20.020553429013425,25.10323587571978,54.6991906392491,100.71365772450271,94.16915337760669,147.92060557999906,41.917830880449145,87.07432368205055,49.70090828763102,86.23185778584892,54.13902772733924,114.63441930096178,34.39765418376856,36.117417579320524,58.980614541864256,110.30418360833272,44.94332769476745,129.7816113433745,237.56321082414902,160.7900253431547,41.32667868498481,143.28547992704893
12.1,315.72202402499994,16.84345756,7.122033784999999,291.75653268,140.269902388,455.99192641300004,825.470569696,194.60638016200002,56.561929057,4.966464954999999,297.82013901899995,54.348119254000004,298.98146079699995,38.840921583000004,22.755104941000003,112.72482410200001,632.5220626500001,42.716150865,516.349803536,75.422184117,1148.871866186,255.153240045,1011.921288057,28.06980915210828,8.120897141566056,5.870251139790146,28.754922518973963,25.54298090703338,30.515423856581105,61.74559704290331,31.306896203695942,20.94780973958464,6.1236332423353455,41.8264210195639,17.46826277275035,39.05578053361945,13.851288303622058,19.710384231557057,27.516290938667208,82.68429121652552,21.997469652627014,51.216866455647974,154.91504424492746,114.4243171438456,43.14055960154898,102.12461487124443
12.2,261.761061604,43.385072914,6.239856819,212.136131871,601.410436481,863.1714980849999,1325.8175947680002,191.527077668,170.01363733399998,130.345285368,306.11338949699996,94.700517248,559.500093178,127.49302768999999,25.290112952,212.720454203,910.3692450369999,73.55967742200001,748.706531348,126.70617913599999,1659.0757763849997,171.167471986,1232.010674547,46.14701378861859,32.07660887897677,9.364823046176555,39.08956423548978,72.453192481227,70.58681279869113,133.85591617885223,51.28165005192226,68.69542679758908,89.09260596875042,81.60658892779745,33.50972842822351,109.61848967261835,50.51953634208259,26.781565790823674,51.65932754256721,131.80816268862944,38.8292944046548,90.434689815229,252.36218219987236,167.0152044217407,55.01694885911149,152.10535294801366
12.3,294.816531176,25.71917583900001,11.451622910000003,257.645732427,477.22171507400003,772.0382462499999,1182.0230305559999,164.58133516900003,150.175079489,40.020371277,375.17418303299996,64.005434913,487.0051327179999,69.573361148,20.642449984,165.62246876,772.8763101920001,61.82678180299999,781.829421846,118.67045046500002,1554.705732038,175.23685167500003,1245.8398308069995,24.41874544093234,8.557772363807425,7.086190714572855,22.40474482747902,32.948591899330225,33.86474208983803,63.44800949126673,23.436986702733158,30.798581877882206,29.560749942087966,40.850878287938556,15.554173429678174,38.2128024475503,14.578107792426554,12.673473111507288,29.163431738545867,44.85996491926471,19.983088894658525,59.85325227435159,110.21177370483676,79.17730535574395,24.212179928074235,63.680442813646934
13.1,205.71243567899998,7.964661268,4.0463773839999995,193.701397027,731.9237977430001,937.6362334219999,1271.1204855080002,156.244486097,216.90432970800003,87.334664927,423.777432978,27.384941617,406.90057622200004,129.874773814,50.298854336,232.88390654100002,604.773734131,48.569018985,758.757282151,145.720929919,1363.531016282,24.688078759,913.5710917279999,69.09837714720398,10.359448146802873,8.392795437055456,68.359570518097,125.60276121042136,117.2527822423051,213.9192197386206,62.761802248679736,81.89448283073709,68.72515650526276,173.35514251471207,18.102845562131876,106.7461581570902,56.181992063899486,71.9503984912409,84.85622183022228,127.42582574885223,21.72732108120163,124.40739809855849,312.5523752902718,216.07741931156724,25.807350514908663,198.92129777491732
13.2,257.94277205599997,14.081175602000002,0.0,243.861596454,602.7506061150001,860.6933781710001,1377.1999829679999,221.655217597,176.68460391500003,145.32935670400002,366.22701468400004,69.472334894,391.925803622,227.26057113000002,121.041170314,201.273088324,683.7842660640001,91.89639460400001,855.8222778410001,197.54584929400002,1539.606543905,50.420291562,1020.0467339920001,58.3542641636784,14.139736743306479,7.103919182396428,57.62755035006684,91.45732377823357,89.94826664467642,194.94706698376888,61.21099077156078,80.55608488986849,69.67020275763885,90.83179201895157,49.23085845888112,80.80008576166003,67.76006881515416,64.33087150897688,56.16632441197992,130.3369914340966,42.826657814926364,127.69196183125624,260.9031105729903,202.78289317837692,31.205428688066096,124.92522313686194
13.3,173.55314031,24.15750349,15.881116256,133.514520564,618.608399128,792.1615394380001,1051.664383189,227.74424721300002,455.88482659000005,187.739525816,78.904192838,70.992500659,252.608270219,163.167588386,252.75778598999997,233.234045097,549.232128199,73.114150794,783.118956651,138.746525212,1332.35108485,129.419023931,549.980207232,29.134778310884904,13.633276063721382,13.26277763785339,27.118311961033726,58.906021921196576,58.49212278477711,111.22787780927692,49.36756086546168,78.9938230750404,105.20838405796503,26.977031618538277,29.641160016303495,52.35472834434301,38.77622270827478,59.30351527715462,60.31421464622385,79.46270592552797,34.223612014403976,117.32845486416312,225.07057351909756,156.23703601275216,45.58550676087491,94.54059171629095
