block_group,NAME,NBH_names,NCID,socio_status,fam_friend,connectivity,infra,ped_friend,tran_time,elem,upper
530330001001,33,100,1,0.89,0.92,-0.99,-1.123,-1.915,1.156,0.354,0.89
530330001002,33,100,2,-1.381,-0.333,-0.747,-0.663,0.53,0.679,0.373,-0.204
530330001003,33,100,3,-0.778,0.072,-0.548,5.839,-0.49,0.291,0.067,0.242
530330001004,33,100,4,-1.993,0.224,-0.874,-0.543,0.454,-0.093,0.332,0.076
530330001005,33,100,5,-0.99,-0.83,-0.567,-0.415,0.914,0.517,0.217,-0.419
530330002001,33,200,6,-0.652,1.087,-0.81,-0.758,-0.985,1.121,0.437,0.786
530330002002,33,200,7,-0.924,0.799,-0.787,-0.808,-0.478,0.552,0.438,0.69
530330002003,33,200,8,-0.78,-0.188,-1.547,1.295,-1.028,2.128,0.12,-0.277
530330002004,33,200,9,-0.507,0.935,-1.082,0.109,-1.257,1.113,0.272,0.736
530330002005,33,200,10,-0.514,0.24,-1.048,0.723,-0.89,1.477,0.194,0.023
530330002006,33,200,6,0.64,1.235,-0.854,-1.356,-1.834,1.366,0.28,1.047
530330003001,33,300,1,-0.711,0.521,-2.033,-0.515,-1.648,2.198,-0.412,0.392
530330003002,33,300,2,-0.676,0.432,-1.479,-1.274,-0.844,1.018,-0.605,0.25
530330004011,33,401,1,-1.375,-0.365,-1.671,-0.709,-0.021,1.037,-0.551,-0.277
530330004012,33,401,2,-0.365,0.498,-1.506,-0.901,-1.288,1.17,-0.437,0.169
530330004013,33,401,3,-0.928,-0.765,-1.723,1.145,-0.441,2.012,-0.506,-0.495
530330004021,33,402,1,-0.528,-0.385,-1.492,-0.583,-0.467,1.446,-0.585,-0.286
530330004022,33,402,2,0.142,-0.126,-0.899,0.787,-0.789,0.822,-0.573,-0.128
530330004023,33,402,3,-0.361,0.167,-1.084,-1.091,-0.65,0.56,-0.547,-0.107
530330004024,33,402,4,-0.148,-0.36,-1.295,0.103,-0.716,1.175,-0.668,-0.321
530330005001,33,500,1,1.27,0.984,-2.131,-0.328,-3.442,2.997,-0.437,0.632
530330005002,33,500,2,0.857,1.345,-1.64,-1.113,-2.806,1.822,-0.421,0.844
530330005003,33,500,3,0.917,1.132,-1.86,0.031,-3.134,2.392,-0.311,0.67
530330006001,33,600,1,-0.187,1.338,-1.355,1.163,-2.189,1.285,-0.33,0.825
530330006002,33,600,2,-0.684,-0.341,-0.754,0.649,0.024,1.294,1.055,0.176
530330006003,33,600,3,-0.921,0.57,-1.083,0.831,-0.662,-0.393,-0.558,0.268
530330006004,33,600,4,-0.464,0.333,-1.143,-0.273,-0.801,0.708,-0.498,0.171
530330006005,33,600,5,-0.839,1.644,-1.175,-0.178,-1.705,0.544,-0.409,0.873
530330006006,33,600,6,-0.675,-0.101,-0.65,0.143,0.035,0.632,1.045,0.298
530330007001,33,700,1,-1.085,-0.104,-0.608,0.023,0.465,0.181,0.17,0.283
530330007002,33,700,2,-0.429,0.07,-0.492,-0.44,0.004,0.59,0.229,0.46
530330007003,33,700,3,0.002,0.739,-0.647,-0.756,-0.822,0.762,-0.254,0.949
530330007004,33,700,4,0.146,0.469,-0.673,-0.951,-0.681,0.75,-0.237,0.855
530330008001,33,800,1,0.297,0.571,-0.756,-0.009,-1.171,1.187,0.044,0.755
530330008002,33,800,2,0.457,0.506,-0.885,-0.611,-1.43,1.574,0.308,0.792
530330009001,33,900,1,0.721,0.78,-0.87,-0.16,-1.869,1.41,0.204,0.9
530330009002,33,900,2,1.406,0.857,-0.919,-0.57,-2.27,1.51,0.121,1.108
530330010001,33,1000,1,-0.909,0.609,-0.681,0.579,-0.526,0.774,0.226,0.668
530330010002,33,1000,2,0.299,0.529,-0.654,0.381,-1.211,0.905,1.197,0.833
530330011001,33,1100,1,-0.02,0.828,-0.628,-0.487,-0.922,0.673,-0.283,0.994
530330011002,33,1100,2,0.292,0.156,-0.754,-0.957,-0.741,0.748,-0.191,0.642
530330012001,33,1200,1,0.25,0.804,-0.266,0.056,-0.866,0.301,1.004,0.913
530330012002,33,1200,2,-0.744,-0.379,-0.124,1.775,0.72,-0.94,0.807,-0.016
530330012003,33,1200,3,-1.284,-1.025,-0.318,5.036,0.906,0.608,1.163,-0.311
530330012004,33,1200,4,-1.485,-0.463,-0.237,1.148,0.946,0.647,1.272,-0.024
530330012005,33,1200,5,-1.314,-0.72,-1.254,-0.75,0.629,-0.015,-0.78,-0.461
530330013001,33,1300,1,-0.627,-0.178,-0.488,-0.529,0.251,0.173,-0.215,-0.355
530330013002,33,1300,2,-0.394,0.201,-0.432,-1.006,-0.046,-0.036,-0.265,-0.139
530330013003,33,1300,3,-0.371,-0.324,-0.226,-0.204,0.368,-0.289,-0.266,-0.504
530330014001,33,1400,1,-0.196,0.122,-1.037,-0.848,-0.791,1.408,-0.19,-0.13
530330014002,33,1400,2,-0.254,0.2,-0.892,0.353,-0.871,1.556,-0.108,-0.157
530330014003,33,1400,3,-0.676,0.058,-0.752,0.623,-0.386,0.76,-0.111,-0.338
530330014004,33,1400,4,0.683,0.675,-1.347,-0.835,-2.053,1.777,0.86,0.414
530330015001,33,1500,1,0.692,0.526,-1.999,-0.892,-2.602,3.392,0.872,0.457
530330015002,33,1500,2,0.866,0.53,-1.569,-0.779,-2.3,2.172,1.092,0.433
530330016001,33,1600,1,1.432,1.018,-1.36,-1.328,-2.707,1.859,0.666,0.596
530330016002,33,1600,2,0.689,0.859,-1.248,-0.448,-2.185,1.982,0.93,0.53
530330016003,33,1600,3,-0.146,0.248,-0.755,-0.286,-0.604,0.728,0.785,0.093
530330017011,33,1701,1,-0.441,-0.617,-0.382,0.359,0.565,-0.35,1.003,-0.409
530330017012,33,1701,2,-0.086,-0.404,-0.375,-0.61,0.173,0.645,1.157,-0.232
530330017013,33,1701,3,-0.339,0.435,-0.451,-0.749,-0.303,0.175,-0.201,0.074
530330017021,33,1702,1,-0.229,-0.526,-0.674,-0.291,0.143,0.255,-0.359,-0.478
530330017022,33,1702,2,0.033,-0.038,-0.922,-0.948,-0.385,0.454,0.679,0.23
530330017023,33,1702,3,-0.552,0.376,-1.12,-0.721,-0.63,0.689,0.863,0.363
530330017024,33,1702,4,-0.306,0.729,-0.563,-0.865,-0.674,0.541,-0.133,0.218
530330018001,33,1800,1,-0.194,0.383,-0.235,1.487,-0.432,-0.622,0.593,0.207
530330018002,33,1800,2,0.076,-0.736,-0.224,-0.411,0.545,-0.606,0.557,-0.404
530330018003,33,1800,3,-0.476,0.309,-0.336,-0.149,-0.107,-0.41,0.698,0.094
530330019001,33,1900,1,-0.665,-0.302,-0.036,1.592,0.661,-0.063,1.245,0.841
530330019002,33,1900,2,0.236,0.365,0.046,0.811,-0.288,0.229,1.267,1.403
530330019003,33,1900,3,-0.038,0.71,0.031,-0.011,-0.466,0.421,1.548,1.479
530330020001,33,2000,1,0.161,-0.319,-0.28,-0.476,0.08,-0.004,-0.179,0.287
530330020002,33,2000,2,0.293,-0.041,-0.13,-1.231,-0.061,0.453,1.002,0.394
530330020003,33,2000,3,0.752,0.474,-0.224,0.372,-0.861,0.124,-0.343,0.913
530330021001,33,2100,1,0.718,0.757,-0.292,-0.761,-1.008,0.944,1.451,1.833
530330021002,33,2100,2,0.005,0.22,-0.439,-0.907,-0.371,0.921,1.7,1.406
530330021003,33,2100,3,0.168,0.284,-0.188,-0.033,-0.362,0.341,1.722,1.481
530330022001,33,2200,1,0.589,1.08,-0.931,-0.318,-1.983,1.596,0.298,1.206
530330022002,33,2200,2,0.948,1.136,-0.207,-0.376,-1.467,0.997,1.691,2.001
530330022003,33,2200,3,1.258,0.932,-0.803,-1.194,-1.869,1.458,1.862,2.104
530330022004,33,2200,4,1.705,1.057,-0.045,0.228,-1.545,-0.61,1.982,2.872
530330024001,33,2400,1,1.317,0.497,-0.512,-0.604,-1.274,1.552,1.726,2.636
530330024002,33,2400,2,0.219,-0.006,-0.182,-0.46,-0.004,0.651,1.874,2.116
530330024003,33,2400,3,0.63,0.495,-0.253,1.368,-0.806,0.77,1.429,2.426
530330025001,33,2500,1,0.9,0.487,0.089,0.185,-0.559,0.243,1.431,2.42
530330025002,33,2500,2,0.704,-0.112,0.22,1.214,0.082,-0.218,1.628,2.122
530330026001,33,2600,1,0.364,0.085,-0.196,-0.93,0.086,-0.269,1.43,2.086
530330026002,33,2600,2,0.974,0.348,0.322,-0.144,-0.137,-0.438,0.98,2.286
530330026003,33,2600,3,0.493,0.133,0.43,-0.183,0.384,-0.737,1.056,2.033
530330026004,33,2600,4,0.49,0.126,-0.001,-0.306,0.084,-0.381,1.03,2.081
530330027001,33,2700,1,0.42,-0.274,-0.133,-0.052,0.247,0.089,0.955,1.832
530330027002,33,2700,2,0.834,0.967,-0.269,-0.671,-1.019,-0.518,0.701,1.748
530330027003,33,2700,3,0.49,0.487,-0.153,0.317,-0.389,-1.083,0.64,1.444
530330027004,33,2700,4,0.937,0.063,-0.174,-0.322,-0.28,-0.587,0.572,1.232
530330028001,33,2800,1,1.077,0.251,-0.13,-0.154,-0.613,-0.08,1.13,1.281
530330028002,33,2800,2,0.643,-0.784,-0.505,-0.741,0.267,0.176,0.507,0.707
530330028003,33,2800,3,0.401,-0.298,-0.185,-0.087,0.161,-0.372,1.116,0.856
530330028004,33,2800,4,0.433,0.137,-0.3,0.23,-0.346,-0.138,1.123,1.091
530330029001,33,2900,1,0.63,-0.087,-0.411,0.119,-0.357,0.162,1.112,0.771
530330029002,33,2900,2,0.923,-0.175,-0.29,-0.259,-0.357,0.204,1.057,0.685
530330029003,33,2900,3,0.483,-0.078,-0.364,-0.902,-0.017,-0.713,0.821,0.876
530330030001,33,3000,1,0.598,0.426,-0.436,-0.266,-0.584,-0.988,0.774,1.16
530330030002,33,3000,2,0.337,0.272,-0.8,-0.454,-0.658,0.437,0.561,1.006
530330030003,33,3000,3,0.416,-0.024,-0.944,0.176,-0.77,0.809,0.611,0.888
530330030004,33,3000,4,0.826,-0.46,-0.762,0.353,-0.644,1.156,0.906,0.555
530330031001,33,3100,1,0.846,0.429,-1.099,-0.172,-1.408,1.282,1.036,1.205
530330031002,33,3100,2,0.549,0.493,-1.185,-0.117,-1.419,1.426,1.085,1.201
530330031003,33,3100,3,0.15,0.374,-0.914,-0.291,-0.975,1.531,0.945,0.972
530330031004,33,3100,4,1.13,0.343,-1.135,-0.444,-1.757,1.938,0.873,1.111
530330031005,33,3100,5,0.745,0.795,-1.737,0.007,-2.413,1.94,1.125,1.319
530330032001,33,3200,1,0.594,-0.653,-0.972,0.924,-0.63,1.434,0.817,0.415
530330032002,33,3200,2,0.166,-1.3,-0.756,-0.295,0.467,1.176,0.744,0.002
530330032003,33,3200,3,0.111,-0.568,-0.706,0.173,0.05,0.676,0.699,0.489
530330032004,33,3200,4,-0.092,-0.814,-1.294,0.233,-0.267,1.597,0.754,0.343
530330032005,33,3200,5,0.731,0.294,-0.868,-0.032,-1.247,1.429,0.885,1.033
530330032006,33,3200,6,0.858,0.682,-1.8,-0.877,-2.379,2.243,1.148,1.421
530330032007,33,3200,7,1.109,0.809,-1.172,-0.847,-2.082,2.15,1.023,1.432
530330033001,33,3300,1,0.526,-0.227,-0.863,-0.47,-0.522,0.775,0.69,0.829
530330033002,33,3300,2,0.379,-0.593,-0.278,0.291,0.528,-0.488,1.77,1.931
530330033003,33,3300,3,0.066,-0.724,-0.524,-0.553,0.374,0.463,0.665,0.246
530330033004,33,3300,4,0.349,-0.729,-0.732,-1.137,0.097,1.121,0.801,0.376
530330033005,33,3300,5,0.603,-0.437,-0.741,-0.44,-0.399,0.969,0.771,0.522
530330034001,33,3400,1,0.59,-0.038,-0.169,0.38,0.073,-0.951,1.665,2.214
530330034002,33,3400,2,1.287,0.18,-0.125,-0.913,-0.289,-1.085,1.748,2.445
530330034003,33,3400,3,0.904,-0.131,-0.035,-0.811,0.173,-0.724,1.699,2.224
530330035001,33,3500,1,0.57242259,-0.155868659,-0.456776363,-0.103483217,0.091496438,-0.548976871,1.580244453,2.553796366
530330035002,33,3500,2,0.890263574,-0.308669027,-0.433595369,-0.646478097,0.050123357,-0.328266244,1.490421991,2.514741836
530330035003,33,3500,3,0.184648003,0.007331954,-0.287669944,-0.028427958,0.201970168,-0.106233805,1.660668615,2.591649146
530330036001,33,3600,1,-0.027517363,-1.282167965,0.167351136,-0.244760048,1.664580726,-0.650275892,0.932828641,1.319457518
530330036002,33,3600,2,0.259307131,-0.993357482,-0.048841685,-0.713705178,1.282568801,-1.222637646,0.832351639,1.493236278
530330036003,33,3600,3,0.582347364,-0.175230681,0.064554741,-1.041013025,0.455108275,-0.186460444,1.092826739,2.043781215
530330036004,33,3600,4,0.006971826,-1.502920651,-0.058197798,2.015478754,1.472259676,-0.368915987,0.905189634,1.229560408
530330038001,33,3800,1,0.672197681,-0.024098712,0.247918992,0.776369808,0.022610308,0.015763467,1.476559191,2.045196795
530330038002,33,3800,2,0.767574787,0.734823828,0.47467544,0.01075583,-0.377172115,-0.515926112,1.509362778,2.425491638
530330039001,33,3900,1,0.704112049,0.129437629,0.110964287,0.945995903,-0.217100631,-0.007422129,1.802403204,2.188142401
530330039002,33,3900,2,1.044592352,1.08531984,0.272670459,-0.182560197,-0.980499561,-0.334593395,2.07604111,2.772217024
530330040001,33,4000,1,0.106762335,-0.179603613,-0.801618965,0.757038015,-0.590842837,1.931683841,0.969895837,2.005513903
530330040002,33,4000,2,1.876401415,1.109105427,0.122752817,0.054024176,-1.678710061,0.144237084,1.836238095,2.814439171
530330041001,33,4100,1,0.598958517,-0.327080002,-0.670377556,-0.339122505,-0.551287704,1.406324931,0.763868929,1.863015694
530330041002,33,4100,2,1.363246769,1.072606712,-0.492563936,-0.758716294,-1.817386791,1.740997917,0.868901176,2.783644615
530330041003,33,4100,3,2.239536506,0.937371957,-0.444969044,-0.056932266,-2.098526684,1.536872923,-0.35691842,3.058771066
530330041004,33,4100,4,0.636507446,-0.005215153,-0.449885056,-0.298029855,-0.243189483,0.634444991,-0.415085897,2.376942444
530330041005,33,4100,5,0.934365094,-0.165421097,-0.491770935,-1.135973334,-0.276986704,1.197425018,-0.484004613,2.239277528
530330041006,33,4100,6,2.365547023,0.787013354,-0.919249487,-0.355696074,-2.52238269,1.911032628,-0.346549653,2.820929123
530330042001,33,4200,1,1.253580833,0.335561631,-0.192187888,0.75574627,-1.064923018,0.893165609,0.590426204,2.263192286
530330042002,33,4200,2,0.560703342,0.385981236,0.257498367,1.174275575,-0.364760004,0.808391843,0.618986611,2.223989546
530330042003,33,4200,3,1.019176265,-0.267367357,0.547727082,-0.597551557,0.506827601,-0.017893678,1.19053916,1.995224039
530330042004,33,4200,4,1.287404516,0.211088229,0.480043898,-0.142633309,-0.289652277,0.617681736,1.411438187,2.262075637
530330042005,33,4200,5,1.663348851,0.499829705,0.669982902,0.023952346,-0.534776665,-0.041758266,1.397190782,2.40223488
530330043011,33,4301,1,-0.389462889,-0.58609533,0.152961162,-0.767074861,1.538784491,-0.598816388,-0.554488094,1.835667625
530330043012,33,4301,2,1.147025587,-0.109160345,0.743313589,-0.691008892,0.345701378,-0.303610217,1.297669584,1.870911234
530330043013,33,4301,3,0.992883109,-0.279224749,0.736555459,-1.064873245,0.643500334,0.096458584,1.247387707,1.823110581
530330043021,33,4302,1,-0.385061574,-1.202463554,-0.147957811,-0.331752308,1.601285799,0.026615098,-0.585267251,1.447652411
530330043022,33,4302,2,-0.598803253,-1.526471511,-0.018657773,-0.043115435,2.159135012,-0.615099579,-0.590354282,1.267385761
530330044001,33,4400,1,1.031762834,-0.807114661,0.52719444,-0.651689277,0.878496918,-0.001385062,1.085751119,1.57557721
530330044002,33,4400,2,0.551717643,-1.135570791,0.634610277,-0.259766905,1.585590837,-0.496211346,0.882137425,1.412551485
530330044003,33,4400,3,-0.386500837,-1.205236483,0.156458672,0.57081505,1.79189997,0.438164422,-0.859702969,1.450850537
530330044004,33,4400,4,-0.296444632,-1.595543215,0.61235443,0.917762954,2.469335497,-0.986794072,0.766860391,1.575366225
530330045001,33,4500,1,0.158619541,-0.387050895,0.552677009,-0.726516382,1.396631824,-0.700882397,0.824323775,2.327250245
530330045002,33,4500,2,0.637170396,-0.027214004,0.32869488,-0.608646076,0.599930586,-0.636165261,0.930449315,2.644765229
530330046001,33,4600,1,0.86844417,-0.074721731,-0.388664555,1.445661429,-0.372905105,-0.090394826,1.139831659,2.78199837
530330046002,33,4600,2,0.932633195,0.060758767,0.093908656,0.594529623,0.003229414,-0.600261891,1.295337098,2.818331492
530330046003,33,4600,3,0.967691052,0.369336501,0.428508955,-0.16577252,0.127960009,-1.007039071,1.197722975,2.83053537
530330047001,33,4700,1,0.15410061,-0.518234723,-0.166403771,-0.377901672,0.909188911,-1.277814631,1.665423577,2.012166966
530330047002,33,4700,2,-0.175919733,-1.336755998,-0.471217602,-0.768082232,1.421863099,0.05636839,-0.113049537,1.372377075
530330047003,33,4700,3,0.248462428,-1.364506069,-0.453686126,0.273443418,0.739087711,0.450478004,0.598928484,-0.069073195
530330047004,33,4700,4,-0.188251665,-1.694142389,-0.49709718,0.378232403,1.258125297,0.027987043,0.628251834,-0.316182492
530330048001,33,4800,1,1.10852883,0.19566856,-0.044403278,-0.499887955,-0.336234297,-0.242359622,1.562032869,2.323242332
530330048002,33,4800,2,0.592970679,-0.429695729,0.146551244,-0.559218778,0.659335282,-0.793548022,0.132636323,1.830309826
530330048003,33,4800,3,0.133938494,-0.723941502,0.002256152,-0.390393474,1.062008633,-0.374532868,-0.008913656,1.663225828
530330048004,33,4800,4,0.670563334,-0.435123678,-0.043046684,-1.028806546,0.706540099,-0.885916867,0.08680332,2.054312395
530330049001,33,4900,1,0.018659996,-0.809061473,-0.366732969,-0.383274515,0.899262833,0.004975879,0.026197034,2.040700024
530330049002,33,4900,2,-0.159188675,-1.627307442,0.211926525,-1.124293138,2.247684602,-1.124083101,-0.097400499,1.089544067
530330049003,33,4900,3,0.731228481,-1.319558531,0.442411454,-0.613607099,1.631948307,-1.269448489,-0.110592514,1.335582837
530330049004,33,4900,4,0.596121309,-1.18943679,0.096479039,0.20236595,1.113658137,-0.397689961,-0.184819297,1.395384009
530330049005,33,4900,5,0.246255908,-1.488343078,-0.006089517,-0.407937714,1.61266793,-0.837593714,-0.163267125,1.307796801
530330050001,33,5000,1,0.542827526,-1.128299889,0.277198724,-0.630756076,1.521073597,-0.926820176,0.987950665,1.936391384
530330050002,33,5000,2,0.928556303,-0.907653003,0.231616541,-0.279719319,0.936828086,-0.491028987,0.066069804,2.014883079
530330050003,33,5000,3,0.077059246,-1.586922005,0.027459292,-0.83453073,1.867008348,-0.298153042,-0.04589488,1.560014603
530330051001,33,5100,1,0.437106266,-0.539055268,0.596440441,-0.699068938,1.351433015,-1.172463436,1.110507345,2.197895126
530330051002,33,5100,2,1.379839883,0.18900329,0.494091224,0.197593609,-0.014049357,-0.317481319,-0.006689763,2.691416897
530330051003,33,5100,3,1.134944246,-0.065944929,0.508636732,-0.79414657,0.408913069,-0.616277969,-0.0457273,2.44337515
530330052001,33,5200,1,-1.991124871,-0.820151838,0.649459934,-0.236663993,2.840442266,-0.705410716,1.27102245,1.813309972
530330052002,33,5200,2,-0.599676275,-1.301571216,0.971152452,-0.276115684,2.835443184,-2.130334122,0.920155007,1.587055913
530330052003,33,5200,3,0.48052327,-1.046880646,0.874990475,-1.079097183,1.90812104,-1.135904449,1.009741299,1.828340006
530330052004,33,5200,4,0.435184424,-0.425701093,0.860168313,-0.254213348,1.44002883,-1.052697457,0.780610894,2.25857083
530330052005,33,5200,5,-0.01628239,-1.082544938,0.775722356,0.299333016,2.178114143,-1.551841591,0.767803139,1.884088402
530330053011,33,5301,1,-1.01615391,-1.171301254,0.168326013,-0.99787414,2.321920351,-0.026566582,-0.592077224,1.392881735
530330053012,33,5301,2,-1.061089742,-1.493489729,0.942925229,1.60753501,3.080281168,-1.786283473,0.969841855,1.533787605
530330053013,33,5301,3,-1.702324123,-1.220204655,0.847812266,4.252701436,2.870324707,-1.201885497,1.006543629,1.499605115
530330053014,33,5301,4,-1.206112241,-1.262032336,1.044851833,4.011567486,2.719784252,-1.629409207,1.00946239,1.54087126
530330053021,33,5302,1,-0.486239599,-1.521765043,1.206633021,0.150667264,3.059533014,-2.066389925,0.950390836,1.354639242
530330053022,33,5302,2,-0.824042204,-0.645716029,0.660596365,0.965039662,2.044750458,-1.174983052,-0.348069701,1.714448816
530330053023,33,5302,3,-1.181950618,-1.118314351,0.079623559,-0.149287441,2.204366378,-0.828231875,-0.089191311,1.583077063
530330054001,33,5400,1,1.44152993,-0.100892636,0.342908998,0.111427777,0.040488571,-0.456842165,-0.006665312,2.544107534
530330054002,33,5400,2,0.881230995,-0.666492614,0.377597592,-0.694059331,0.921029989,-0.609825379,0.039142523,2.191481095
530330054003,33,5400,3,0.354585059,-0.971332605,0.337633011,-0.134775388,1.441243781,-0.608533367,-0.020842547,1.920182382
530330054004,33,5400,4,0.347121189,-1.391822015,0.146710265,-0.302957532,1.651822969,-0.875627529,-0.124553025,1.677940361
530330056001,33,5600,1,1.486665547,1.020467661,-1.189416347,0.357480458,-2.815890796,1.811692372,0.996159473,1.216879771
530330056002,33,5600,2,1.713369598,0.778610232,-1.864434183,-0.694486535,-3.225522292,2.667901626,0.843245574,1.152029573
530330056003,33,5600,3,1.939456121,0.832299453,-0.927586273,-0.588944622,-2.453754469,1.012393409,0.778774388,1.145830834
530330056004,33,5600,4,1.439530452,1.031063178,-1.052259509,-1.102790393,-2.276864271,1.096888231,0.761911796,1.292003131
530330056005,33,5600,5,1.545443651,0.762605421,0.153406347,-0.282602216,-1.317924922,-0.504502366,0.305266524,0.755592212
530330057001,33,5700,1,1.071363987,0.510781134,-1.857328541,-0.117363478,-2.668565272,2.744150516,0.758001116,0.867982194
530330057002,33,5700,2,1.131449443,0.709313549,-0.540217534,-1.016711693,-1.505044754,0.25501601,0.647494705,0.86052921
530330057003,33,5700,3,0.859485782,-0.039375129,-0.700810904,0.023921804,-0.986509256,0.39363285,0.617232778,0.413454619
530330057004,33,5700,4,0.474126289,0.886553656,-0.964449034,0.154743341,-1.847531166,1.333675495,1.072744142,0.982069024
530330057005,33,5700,5,0.638125638,-0.503322718,-1.156425191,-0.62726605,-0.790945139,1.195152707,0.637641095,0.223031758
530330057006,33,5700,6,0.593273137,-0.060533039,-0.993678124,1.167026375,-1.250034718,1.00328939,0.782298361,0.403739579
530330058011,33,5801,1,0.23621212,-0.27710513,-0.228759286,1.604133947,-0.480591839,0.7292986,0.527499507,-0.03094488
530330058012,33,5801,2,0.029764268,-0.979574504,-0.847743792,-0.611983163,0.038563703,0.773202698,0.86965858,-0.244384112
530330058013,33,5801,3,-0.010580134,-0.171457195,-0.855995226,-0.347665965,-0.523055733,0.730080898,0.956391414,0.282089076
530330058014,33,5801,4,-0.06115933,-0.35578097,-0.411893646,-0.680619967,0.184795917,0.288539956,0.445328822,0.167629511
530330058021,33,5802,1,0.550801399,-0.475866759,-0.259532583,0.108776032,-0.384708977,0.681892111,0.361364286,-0.12284909
530330058022,33,5802,2,0.067902304,-1.077873154,0.178104086,-0.694824847,1.203680419,-0.960278496,1.171830643,-0.214085146
530330058023,33,5802,3,0.010445566,-0.705511956,-0.016563088,-0.29280035,0.566178664,-0.135056948,0.393032131,-0.037975593
530330059001,33,5900,1,0.150508239,-0.667984357,-0.388040231,0.093470885,0.272116143,0.070603265,1.001041195,0.122993703
530330059002,33,5900,2,1.127060277,-0.133282867,-0.058379159,-0.809340299,-0.355819033,-0.314198973,1.037456482,0.375643494
530330059003,33,5900,3,0.521438097,-0.412314611,-0.079094888,-1.104601533,0.282109573,-0.393550864,0.871106781,0.238599538
530330059004,33,5900,4,1.47450353,-0.114554106,0.201197336,-0.979290984,-0.459967457,-0.188631407,1.053046901,0.25948551
530330059005,33,5900,5,1.625380025,-0.126087106,0.036733807,-0.192459787,-0.633639482,0.019176978,1.023649506,0.530267707
530330060001,33,6000,1,0.600261671,-1.184877626,0.472945926,1.115505719,0.970371473,-1.03848865,0.361982409,-0.359719294
530330060002,33,6000,2,1.189401529,0.103253616,0.290859534,-0.807865648,-0.130451768,-1.347378868,0.28642293,0.566944354
530330060003,33,6000,3,2.100197002,0.319070858,0.589900045,0.285504873,-0.821655994,-0.587666313,0.927004448,0.695053901
530330060004,33,6000,4,0.382131186,-1.465252775,0.009480732,0.879483249,1.09139189,-0.042374481,0.846770572,-0.263704379
530330061001,33,6100,1,1.071946663,-0.115672739,0.83187509,-0.559441621,0.151135143,-0.768978621,0.305868069,-0.319421596
530330061002,33,6100,2,0.991567882,-0.768013671,0.664716684,0.408433466,0.370878294,-0.444222182,0.338478111,-0.74102299
530330061003,33,6100,3,0.403037776,-1.206629407,0.251579017,0.05310901,0.898622209,-0.570200508,0.257216615,-0.901459994
530330061004,33,6100,4,0.334824058,-1.143839837,0.148304593,-0.275062266,0.844600214,-0.696303265,0.438513994,-0.823553632
530330062001,33,6200,1,0.921785153,0.112012832,0.67412918,-0.200029452,-0.142193189,-0.509256725,0.525764579,-0.053084484
530330062002,33,6200,2,1.663627908,0.706979809,1.023024976,0.089680949,-0.751355241,-0.748692959,0.682824614,0.38886564
530330062003,33,6200,3,1.869426686,0.195366415,0.678918273,1.992600952,-0.958688442,-0.74413135,-0.430492582,0.068270646
530330063001,33,6300,1,0.781463428,-1.082511896,-0.098413051,-0.524754825,0.090246238,0.945494249,0.806573213,-0.627787941
530330063002,33,6300,2,1.801617202,-0.251993129,0.244367298,-1.142950737,-0.790977026,0.65584689,0.686195968,-0.222359077
530330063003,33,6300,3,1.631158458,0.208921574,0.079037298,-0.755209618,-1.144604734,0.768933717,0.71188863,0.214543147
530330063004,33,6300,4,1.777521269,1.123545087,0.183024121,0.050598588,-1.932462559,0.38382499,0.773183424,0.852081707
530330064001,33,6400,1,1.413744503,0.229737073,0.722368089,0.110180584,-0.533893991,-0.596290059,0.776552751,0.171201449
530330064002,33,6400,2,1.776890798,0.37524985,1.183261911,-0.105654242,-0.374323663,-0.967303008,-0.496186254,0.198557862
530330064003,33,6400,3,1.556917869,0.105600848,1.01729626,0.754119355,-0.296507232,-0.896652677,-0.269202937,0.068687412
530330065001,33,6500,1,1.937646807,0.177533938,1.147438734,-0.258170745,-0.531672382,-0.423470221,-1.504986368,-0.38671093
530330065002,33,6500,2,0.450235266,-1.492195215,1.231309351,-0.824999408,1.74794555,-0.279877638,-1.649716908,-1.536477253
530330065003,33,6500,3,1.110265858,-1.363118549,1.274596203,0.306525018,1.24751079,-0.884321519,-1.863636377,-1.489816033
530330066001,33,6600,1,-0.032529087,-1.503214591,0.689100762,0.512980099,1.531562206,-0.844672428,-1.745514118,-1.620444755
530330066002,33,6600,2,0.41700396,-1.235134738,0.266265382,-1.143809887,1.085716905,-0.718503562,0.273787799,-0.869846481
530330067001,33,6700,1,0.703643944,-1.422303994,0.839353505,0.149609403,1.655172299,-2.013048824,0.222630923,-0.427672657
530330067002,33,6700,2,0.271361836,-1.404792972,0.85285943,-1.081622959,2.000992742,-1.756720541,0.128990279,-0.570741835
530330067003,33,6700,3,0.225046633,-1.326617282,0.757201618,-0.05816321,1.589205878,-0.877606939,0.431307437,-0.557200853
530330067004,33,6700,4,0.559979142,-0.584270033,0.507086645,-0.743694419,0.796445372,-1.323998961,0.27917842,-0.087920643
530330068001,33,6800,1,1.228244614,-0.449760329,0.324399279,-1.078956101,0.223667308,-0.437077268,0.239565675,0.158618679
530330068002,33,6800,2,0.85596738,-0.89931032,0.20810364,-0.305534979,0.578149043,-0.364034703,0.985717297,-0.056285575
530330069001,33,6900,1,1.47540525,-0.34748042,0.36536402,-1.142897509,-0.040135581,-0.396013141,1.019133142,0.219663183
530330069002,33,6900,2,1.04716462,0.04905981,0.10903534,-0.572741521,-0.590001923,0.460925193,0.597070835,0.313675758
530330069003,33,6900,3,1.07656619,-0.56092414,0.14713041,-0.657566396,0.007096447,-0.339335356,0.502681971,-0.040166277
530330069004,33,6900,4,0.77141416,-1.1967652,0.32587109,-0.669628958,0.769618277,-0.128524302,1.152721418,-0.442352294
530330070001,33,7000,1,0.79882618,-1.07206367,0.73632976,-1.163723892,1.230338157,-1.210652558,0.416346219,-0.367875529
530330070002,33,7000,2,-0.07903706,-1.44467978,0.45353005,0.545363344,1.536741351,-0.77816403,0.527102076,-0.662709831
530330070003,33,7000,3,0.34654141,-1.74800927,0.79888613,-0.603336481,2.061435011,-1.470499753,0.300034065,-0.799465646
530330070004,33,7000,4,0.34533671,-1.04581382,0.50247279,-0.023133713,1.080156027,-1.194684037,0.613527986,-0.462499648
530330070005,33,7000,5,0.02927554,-1.80826546,0.5585799,-0.790787322,2.046466413,-0.679413168,0.498733052,-0.760288473
530330070006,33,7000,6,0.73874859,-1.40342272,0.81583898,-0.602210201,1.398194812,-0.995314203,0.56674886,-0.684397152
530330071001,33,7100,1,0.03644887,-1.58813887,0.88805952,-0.265565633,1.949507359,-1.027980135,0.328309178,-0.837386202
530330071002,33,7100,2,0.22599286,-1.87211635,1.1234094,1.228805937,2.378742661,-1.341684687,0.171148622,-0.731914581
530330072001,33,7200,1,0.01106825,-1.69544846,1.2891711,-0.315499586,2.699782398,-2.659988133,-2.258293161,-1.629555285
530330072002,33,7200,2,-0.14056562,-1.71164037,1.65766474,-0.328013644,3.129893222,-3.090648955,-2.214967542,-1.771918604
530330072003,33,7200,3,-0.07942192,-2.12759828,1.57059285,-0.243690274,3.27473514,-2.6355259,-2.232290142,-2.016466235
530330073001,33,7300,1,-0.08004762,-2.04746425,1.02080421,-0.71360962,2.601876855,-1.580810721,-2.245657103,-2.026618342
530330073002,33,7300,2,-0.68625125,-1.43462389,1.46054762,0.070197422,2.86463299,-2.597992534,-2.218082811,-1.870309942
530330073003,33,7300,3,0.65501704,-1.6951554,1.55261351,-0.341410185,2.374645672,-1.873690099,-2.166510115,-1.708267513
530330074011,33,7401,1,0.38125423,-1.7572256,1.41895789,-1.01251975,2.250079033,-0.942583291,-1.790315221,-1.744531576
530330074012,33,7401,2,-0.27548167,-1.88856117,1.61724887,-0.128175301,2.821839465,-1.272228357,-1.575939886,-1.837256818
530330074013,33,7401,3,0.34200617,-1.32704142,1.53427988,-0.897675418,2.122626831,-1.515710382,-1.837102654,-1.500691125
530330074014,33,7401,4,0.09325003,-1.66188977,1.5546369,-0.713791267,2.459419167,-1.466762056,-1.730036409,-1.742447776
530330074021,33,7402,1,0.30835828,-1.62287209,1.7466179,-0.253897729,2.527705297,-1.921256867,-1.820546444,-1.63303329
530330074022,33,7402,2,-0.86998076,-1.60497152,1.66095023,0.097161122,3.090882805,-1.869192864,-1.785319494,-1.782911207
530330074023,33,7402,3,-0.39520451,-1.5665532,1.78563117,-1.066949933,3.081912202,-2.299512853,-2.021101427,-1.793096633
530330075001,33,7500,1,0.1039047,-1.62089236,1.18970365,0.237550377,2.170208781,-1.346692912,-0.633866396,-1.162436094
530330075002,33,7500,2,0.44302781,-1.55288338,1.27736232,-0.014434552,2.087773042,-1.299510488,-0.639351745,-0.954693132
530330075003,33,7500,3,-0.01889517,-1.36761485,1.69515984,0.109896572,2.323475654,-1.68766007,-1.630108026,-1.566183976
530330075004,33,7500,4,-0.40668078,-1.64262905,1.55924475,-0.021420264,2.809878177,-1.460718214,-1.68093161,-1.537516213
530330075005,33,7500,5,0.17060903,-1.15399691,1.85740035,1.160322352,2.278191402,-2.256390741,-1.880110465,-1.418745216
530330076001,33,7600,1,0.44286587,-0.85992872,1.10417575,0.298639661,1.248050011,-1.003837765,-0.388470009,-0.613603854
530330076002,33,7600,2,-0.0353314,-0.87168088,1.17167654,1.8108415,1.424382957,-1.166175509,-0.333270211,-0.703043943
530330076003,33,7600,3,0.58872398,-1.64817426,1.2351033,-0.522487075,1.934847964,-0.830184937,-0.518972311,-1.085864612
530330077001,33,7700,1,0.10631919,0.01982687,0.67106441,-0.327529216,0.319520659,0.288574553,0.915941966,-0.01684152
530330077002,33,7700,2,1.37831337,0.37477685,1.01214892,-0.413505076,-0.410046069,-0.308350671,0.910242554,0.18945603
530330077003,33,7700,3,-0.13916246,0.47967312,0.6170024,0.144422175,0.142992112,-0.369515995,-1.091776588,0.080395714
530330077004,33,7700,4,0.25912129,-1.06910109,0.88220139,-0.115763381,1.236898342,-0.435064518,0.77275872,-0.75360208
530330078001,33,7800,1,1.85116515,0.57697288,0.08935931,-0.819475135,-1.387191656,0.147447965,-1.289046251,0.303046823
530330078002,33,7800,2,1.4150368,0.49594669,0.07760485,-0.908205046,-1.071651502,0.024163759,-1.455789183,0.214859071
530330078003,33,7800,3,0.31595329,0.39193762,0.25540287,-0.623115005,-0.132174795,-0.618526652,-1.317529753,0.120666251
530330078004,33,7800,4,0.95576476,0.94163702,0.45293932,-0.307570291,-1.056450016,0.03212305,0.999082865,0.618301609
530330079001,33,7900,1,-0.03433469,0.33384689,0.75286392,3.650162754,0.018748356,-0.813336584,-1.300930563,-0.001099524
530330079002,33,7900,2,-0.17731856,-0.82115854,0.56705134,-0.037760096,1.275291377,-0.637711718,-1.399800189,-0.660301224
530330079003,33,7900,3,0.22338265,-1.24087482,0.75077185,0.842836752,1.407244665,-0.314162833,-1.498100826,-0.80648605
530330079004,33,7900,4,-0.09713877,-1.81921974,0.90633589,0.215204991,2.299512698,-0.834045057,-1.589021833,-1.290467076
530330079005,33,7900,5,0.01214625,-1.56724879,1.09259045,0.482635721,2.042962802,-0.906565838,-0.388021146,-1.002322216
530330080011,33,8001,1,0.58835782,-1.10475162,1.7011125,-1.554290265,2.294086982,-2.553399502,-2.126712042,-1.393369977
530330080012,33,8001,2,-0.10511809,-1.82146419,1.74226243,0.794607195,2.991633771,-1.942841605,-1.974119292,-1.801216563
530330080013,33,8001,3,-0.03629803,-1.20144194,1.08450958,-0.188829538,1.9247528,-1.74890452,-1.934754742,-1.483410468
530330080014,33,8001,4,0.25723378,-1.11676209,1.42658864,0.351841433,2.007973306,-2.437861162,-2.082677109,-1.47258759
530330080015,33,8001,5,0.82435986,-2.2067277,1.27476574,0.107507254,2.325579944,-1.355596086,-2.175367304,-1.976720395
530330080021,33,8002,1,-0.4840489,-1.45914502,1.54370742,-0.287102945,2.784931531,-2.20613512,-1.990464632,-1.806059637
530330080022,33,8002,2,0.0174271,-1.83242307,1.59811911,-0.656534379,2.870736926,-2.079442584,-2.055432023,-1.949774856
530330081001,33,8100,1,0.62227713,-1.93571364,1.83886018,-1.063882724,2.888120236,-2.505105111,-2.144607773,-1.931348873
530330081002,33,8100,2,-1.40100152,-0.77584759,1.96523284,2.359693832,3.083476886,-3.192384583,-1.802895595,-1.555754751
530330081003,33,8100,3,-0.2018609,-1.14668648,1.80392172,-1.347055396,2.621572613,-2.228574379,-1.825735047,-1.713086147
530330082001,33,8200,1,0.14995849,-1.3119338,1.75125161,-0.492335535,2.647510371,-3.084190414,-2.226201703,-1.738748654
530330082002,33,8200,2,-0.45997284,-1.60976121,1.75860338,0.073687306,3.05612276,-2.746924381,-2.01177057,-1.839334363
530330082003,33,8200,3,0.61123549,-1.93500791,1.70947841,-1.063768124,2.685749843,-1.795656053,-2.033538785,-1.884420065
530330083001,33,8300,1,-0.02430609,-1.26240728,1.74567042,-0.222009274,2.554665067,-2.197909169,-1.875217544,-1.44802958
530330083002,33,8300,2,-0.16434609,-1.96720233,1.74764681,-0.865713391,3.120301006,-1.696896862,-1.902070493,-2.000514117
530330084001,33,8400,1,-0.42500278,-2.11639725,1.58132977,0.81116594,3.180305681,-1.595450179,-2.026256793,-2.000386059
530330084002,33,8400,2,-0.08525511,-1.41181684,1.32348867,-0.144457682,2.451077956,-1.95933967,-2.197552128,-1.561262413
530330084003,33,8400,3,-0.0281315,-1.83418027,1.71339934,-0.799034969,2.948629448,-1.777330778,-2.021798837,-1.918550635
530330085001,33,8500,1,-0.25932038,-1.62729065,1.78187762,-0.822823955,2.995538609,-2.288112252,-1.848522641,-1.79721707
530330085002,33,8500,2,-1.23885155,-1.2268311,1.22114704,-0.555507793,2.891700303,-1.411052556,-0.375452028,-0.966294312
530330085003,33,8500,3,-2.22818864,-0.44770954,1.12807311,1.37281462,2.642150384,-2.293086713,-0.192516974,-0.708290261
530330086001,33,8600,1,-0.23947541,-1.35995464,1.16067142,0.046516482,2.143299015,-0.843642499,-1.835365306,-1.386816608
530330086002,33,8600,2,-0.0903215,-1.10752973,1.34506708,-0.584234424,2.214773053,-1.686344915,-2.027633164,-1.280252216
530330086003,33,8600,3,-1.78173888,-0.81143969,1.10433148,-0.507166236,2.756028917,-1.202033514,-0.142880578,-0.744904002
530330087001,33,8700,1,-0.29813523,-0.47602875,0.50793072,0.703158508,0.963125803,-0.567153909,-1.512699205,-0.504387697
530330087002,33,8700,2,-1.57545333,0.20511859,0.88504119,-0.289819716,1.514709098,-1.060485119,1.034644327,-0.149814643
530330087003,33,8700,3,-0.57583708,-0.26403575,1.00234984,0.265067425,1.388465272,-0.992217399,0.035187086,-0.192417253
530330088001,33,8800,1,0.2497216,0.23041041,0.40689365,0.080304096,0.074683549,-0.434782915,-1.418413056,0.008804729
530330088002,33,8800,2,-0.26092563,0.02832952,0.78434958,0.400513485,0.601873791,-0.109116775,-0.686881125,-0.37408709
530330088003,33,8800,3,-0.75776282,0.03011066,0.83892717,0.00298026,1.033776781,-0.747872068,-0.565722292,-0.406705763
530330089001,33,8900,1,0.16039338,0.1540687,0.70921609,-0.353241271,0.142614509,-0.562411515,-0.452961729,-0.38771341
530330089002,33,8900,2,0.47652316,0.48035908,0.99356033,-0.942140747,0.083032642,-0.38201494,-0.611463714,-0.051199886
530330089003,33,8900,3,-0.45410405,0.14115152,1.01414413,0.302824067,0.926738664,-1.116264464,-0.552157351,-0.298117638
530330089004,33,8900,4,-0.32354505,-0.29564693,0.7377843,0.001898677,0.948528253,-0.141057122,1.017136492,-0.143398749
530330090001,33,9000,1,-0.88400268,-0.05446079,1.01501916,-0.563481216,1.418846322,-0.710417823,1.203665815,-0.089582724
530330090002,33,9000,2,-1.23164087,-0.7452982,1.24083396,0.388999544,2.389240056,-1.625913712,-0.104060913,-0.647152948
530330091001,33,9100,1,-2.60930603,-0.00801882,1.54044622,0.901008393,2.899405245,-2.42222713,-0.060147523,-0.52148603
530330091002,33,9100,2,-1.73494928,-0.93374794,2.09669186,0.486938593,3.338551154,-2.301904318,-1.42498679,-1.557347753
530330092001,33,9200,1,-1.52113335,-0.95893647,1.99079431,-0.568239379,3.308755944,-2.76988746,-1.499567206,-1.627548624
530330092002,33,9200,2,-1.05719193,-1.618019,1.71768579,-0.507835091,3.313170738,-1.778030871,-1.690467467,-1.885926921
530330093001,33,9300,1,-1.28706214,0.14476086,1.12206964,-0.752057038,1.771420358,-1.577915197,0.151436523,-0.093964122
530330093002,33,9300,2,-0.61644897,0.47766911,0.81486548,0.001378681,0.80478997,-1.1504089,0.316475812,0.373077249
530330093003,33,9300,3,-0.80711591,1.07821121,1.040768,0.089488542,0.363055795,-1.914256791,0.66483828,0.213636234
530330094001,33,9400,1,-2.06403383,0.61658291,1.03397698,3.495976509,1.243803961,-1.170922057,0.492454372,0.170932097
530330094002,33,9400,2,-0.50159519,0.22758147,1.19913554,-0.25401581,1.180256594,-1.814340984,0.875077203,-0.036405361
530330094003,33,9400,3,-1.10042458,1.90478426,1.05866548,-0.39602843,0.127970786,-1.21450374,0.57419553,1.002208639
530330094004,33,9400,4,-1.35744298,0.21456911,1.09395488,2.071635377,1.304261514,-0.898644607,0.334678942,-0.039110969
530330094005,33,9400,5,-1.53138307,0.32494334,0.85298657,1.144524994,1.180428567,-0.700244223,0.383780013,-0.023299987
530330095001,33,9500,1,1.11607048,0.54557771,0.39398175,-0.635510723,-0.946838928,0.315487875,-1.059516967,-0.34212955
530330095002,33,9500,2,-1.21248431,0.70936856,0.63163943,0.093811186,0.536340865,-0.592170939,0.409028076,-0.466881658
530330095003,33,9500,3,1.41044254,0.48073332,1.05487431,-0.852999689,-0.520816466,-0.189603859,-1.123136831,-0.479006769
530330095004,33,9500,4,-0.05912623,0.28963208,1.13500589,-0.208465918,0.594536621,-0.970217289,0.378679642,-0.73569794
530330096001,33,9600,1,1.09463937,0.86477907,-1.39509743,-0.462209704,-2.534716026,1.906007329,-0.097870857,0.478205282
530330096002,33,9600,2,-0.12434194,-0.75990524,-1.18655511,0.03316114,-0.255146991,0.629401886,-0.524491394,-0.813833567
530330096003,33,9600,3,0.66044196,-0.24689597,-1.45063457,-0.829946829,-1.280875641,1.135412613,-0.450561391,-0.306319089
530330096004,33,9600,4,0.10611103,-0.18595105,-1.35230459,0.192074382,-1.198806369,1.66026026,-0.238321287,-0.3391701
530330096005,33,9600,5,0.66013903,-0.04048534,-1.15957092,1.25249993,-1.517242889,1.178533943,-0.370953935,-0.203070466
530330097011,33,9701,1,0.22958133,-0.2079533,-1.72116536,-0.542075292,-1.413771696,1.504823107,0.939832114,-0.512778539
530330097012,33,9701,2,0.18300128,-0.51775309,-1.92628132,0.393762081,-1.344410217,1.711805382,0.968048499,-0.514626788
530330097013,33,9701,3,0.65400762,-0.92653317,-2.70090041,-0.598467754,-1.585523765,2.211848962,1.404448088,-0.207319014
530330097014,33,9701,4,1.14592219,0.64666088,-1.55369387,-0.717297813,-2.665972642,1.301919397,-0.311253963,-0.434882384
530330097021,33,9702,1,0.80932615,0.8060542,-1.17263925,0.689927432,-2.165271328,1.147802265,-0.391432393,0.207704649
530330097022,33,9702,2,1.20241846,0.68572012,-0.6826843,-0.580207825,-1.88577111,0.881755917,-0.39197811,-0.338866826
530330097023,33,9702,3,0.94845985,1.03057437,-0.95386485,-0.49422495,-2.227965939,0.567551883,-0.470174452,-0.341301897
530330097024,33,9702,4,0.88896902,1.10671204,-1.0374849,-0.055277587,-2.569315681,1.337654488,-0.139263392,-0.134320286
530330097025,33,9702,5,0.79413124,-0.02300822,-1.18369838,-0.631395419,-1.625156103,1.544275997,0.787223483,-0.557086731
530330098001,33,9800,1,0.52735674,-0.38647286,-1.16232209,-0.260964861,-0.861220254,0.716082788,-0.511253834,-0.501248825
530330098002,33,9800,2,0.77130601,0.39884931,-0.4322561,-1.179860851,-1.145282589,0.626820699,-0.410778413,-0.559066453
530330098003,33,9800,3,0.92498882,0.9100062,-0.41189283,-1.146930352,-1.427495239,-0.599113462,-0.721921771,-0.392498361
530330098004,33,9800,4,0.48901064,0.05508539,-0.67357505,-0.360945106,-0.770023266,-0.438081672,-0.739187,-0.943502496
530330098005,33,9800,5,-0.11351722,-0.33414722,-0.75668499,0.906853345,-0.458922044,0.142723153,-0.262332755,-1.013470932
530330099001,33,9900,1,0.04353815,0.65435325,-0.7708184,-0.175064951,-1.051186162,-0.606632639,-0.940131932,-0.363998551
530330099002,33,9900,2,0.21409433,0.19365756,-0.48734517,0.401644246,-0.688675013,-1.027397328,-0.850951586,-0.553075552
530330099003,33,9900,3,-0.58215547,0.19745207,-0.51108195,2.618998925,-0.699546694,-0.867075654,1.128755649,-0.824179063
530330099004,33,9900,4,0.21068094,0.08472973,-1.34955563,0.330663371,-1.517970628,0.845294241,-0.523369575,-0.270936679
530330100011,33,10001,1,-0.53874875,0.79604992,0.59741485,0.556012209,0.042996239,-0.672647384,-0.216118874,0.095731317
530330100012,33,10001,2,-0.98263657,1.35754407,0.6218319,1.330385572,-0.107651193,-1.121830226,0.701926748,0.621821034
530330100013,33,10001,3,-1.33946485,0.89180276,0.96788198,1.747473096,0.404618781,-0.677699943,0.337915178,-0.026183577
530330100021,33,10002,1,-1.61236472,1.6078017,1.12577843,0.047292812,0.590586831,-1.561805233,0.212785872,0.493804334
530330100022,33,10002,2,-1.51820639,0.29684841,1.41602074,-0.032996409,1.848185263,-1.808797318,-0.061863259,-0.246519053
530330100023,33,10002,3,-0.01795064,1.2786602,1.43158041,-1.082490701,0.32687439,-1.399161499,0.009097505,0.551775097
530330100024,33,10002,4,-1.00490921,0.30562607,1.09099804,-0.058012719,1.229263986,-1.24949022,-0.077919756,-0.138520423
530330101001,33,10100,1,0.03719876,1.14261736,0.36383846,0.22912905,-1.007391857,0.231157493,-0.322462097,0.323740541
530330101002,33,10100,2,-0.21025514,0.63813656,0.61205453,0.482262039,-0.242128881,0.178761428,-0.5157794,-0.05538889
530330101003,33,10100,3,-0.3073218,0.7761733,1.07201893,0.200950081,0.260207818,-1.158084391,-0.991801122,-0.489965455
530330101004,33,10100,4,-1.30248353,0.269736,0.68127486,-0.786866191,0.92759062,-0.415274812,-0.70068735,-0.853125062
530330101005,33,10100,5,-0.04556712,0.40951346,0.59827709,-0.546676787,-0.002041143,-0.254585372,-0.967540594,-0.676077708
530330102001,33,10200,1,0.46731462,0.70344202,0.46015607,-0.425002118,-0.936122016,1.192725193,-0.328277473,0.004366657
530330102002,33,10200,2,0.58883451,1.22160452,-0.15030679,0.354486907,-2.42005889,1.622124284,-0.003811579,-1.724128004
530330102003,33,10200,3,-1.0275639,1.43644161,0.35678212,0.395875097,-1.005217621,0.462742886,-0.117433761,-1.965268385
530330102004,33,10200,4,0.5435244,0.33429904,0.39040058,-0.519132169,-0.518918142,0.804022677,-0.509863598,-0.039556144
530330103001,33,10300,1,0.36436733,0.61210547,0.64002038,-0.416780668,-0.492921471,0.789149289,-0.503221559,-0.029379614
530330103002,33,10300,2,-0.8239255,1.35253271,0.75730222,-0.092574516,-0.399013847,0.001158475,-1.016249697,-0.832869685
530330103003,33,10300,3,-2.01571161,1.42714636,0.65018494,0.080969857,0.112500231,-0.043340029,-0.688647293,-0.840133886
530330103004,33,10300,4,-1.87839907,0.78683199,1.10253481,0.621723537,1.055463282,-0.933093389,-0.396953788,-0.306816693
530330103005,33,10300,5,-0.55549199,-0.41990139,0.74638797,-0.557883321,0.984561343,0.19193827,-0.564601509,-0.787958399
530330104011,33,10401,1,-1.15504695,1.42038118,1.23696179,0.007493163,0.24986269,-0.869395265,0.308368253,0.160021322
530330104012,33,10401,2,-1.5819245,2.00186814,0.59846751,0.562675341,-0.391547403,-0.441621881,-0.280367522,0.788784749
530330104013,33,10401,3,-1.35971984,2.87575016,0.65259061,0.099716862,-1.082642136,-0.422875764,-0.248937429,1.313737125
530330104021,33,10402,1,-0.99397498,1.58321583,0.48548553,-0.164844432,-0.421762049,-0.628845642,0.790956987,0.531241246
530330104022,33,10402,2,-0.68068078,1.32782142,0.5789632,1.648056272,-0.472021021,-0.780002975,0.61349471,0.570375029
530330104023,33,10402,3,-1.63728835,2.03743965,0.73104183,0.65694595,-0.389152274,-0.58680967,0.989909961,0.779995264
530330104024,33,10402,4,-1.39300319,1.66993881,0.52754907,0.586140548,-0.264060698,-0.711785348,0.764190506,0.65860688
530330105001,33,10500,1,-0.21174378,-1.34149981,-0.32461286,-0.103805822,0.860650206,-0.502247508,0.933603837,-1.683297973
530330105002,33,10500,2,0.07958318,-0.33482637,-0.60860825,1.895234291,-0.56653531,-0.131178995,0.943972779,-1.02049188
530330105003,33,10500,3,1.07853127,0.39820046,-0.800869,-0.35526178,-1.740706119,1.052343214,1.056182847,-0.423119605
530330105004,33,10500,4,-0.32390144,-1.22698759,-0.56718908,0.195386111,0.643843635,-0.319696928,0.913806485,-1.556510592
530330105005,33,10500,5,0.04942725,0.1934048,-0.62564786,1.97936366,-0.911133277,-0.603780627,-0.599068559,-0.949813909
530330106001,33,10600,1,0.6952205,1.01131864,-0.81151094,0.922501736,-1.815954353,-0.649815084,-1.031722471,-0.267213654
530330106002,33,10600,2,-0.30375464,0.05033354,-1.06117015,1.994358814,-0.888761624,-0.06504104,-0.815424464,-0.778292534
530330106003,33,10600,3,0.17979715,-0.13554173,-1.14081505,1.331088045,-1.0492567,0.116741281,-0.974399679,-0.982925109
530330106004,33,10600,4,-0.10285404,0.04818526,-1.51380959,0.023893804,-1.3609753,1.178636896,-0.776930728,-0.864690044
530330106005,33,10600,5,0.73000664,0.9328292,-2.03130841,0.15373159,-3.203943515,2.662593231,0.399349251,-0.171212819
530330106006,33,10600,6,0.40566777,0.268012,-1.11819114,2.162541894,-1.594230603,0.254141353,-0.906587192,-0.635828303
530330107011,33,10701,1,-1.13477893,0.26003537,-0.46536758,0.900872473,-0.347802794,-0.103693008,-1.168685024,-1.246869042
530330107012,33,10701,2,-0.81803861,1.02329272,-1.0286852,-0.17440171,-1.690373569,0.699949688,-1.19167205,-1.762877355
530330107021,33,10702,1,-0.2668226,0.89263315,-0.54492041,0.12931767,-1.228754263,-0.052143307,1.092556084,-0.477379658
530330107022,33,10702,2,-2.0215689,0.89978879,-0.50810464,0.661864763,-0.433740306,-0.432777522,-0.544184287,-2.059182347
530330107023,33,10702,3,-1.79316709,0.96174036,-0.4168283,1.555984843,-0.575313036,-0.860508883,-0.672027299,-2.120073164
530330108001,33,10800,1,-0.59650995,0.96709087,-0.75698226,0.030079923,-1.329691751,0.321928755,-0.952659925,-0.583579196
530330108002,33,10800,2,-0.56960073,0.72460427,-0.32817175,4.531934179,-1.149629096,-0.478687142,-1.321668122,-0.773898651
530330108003,33,10800,3,-0.41101776,0.96547076,-1.19536684,0.801045622,-1.627988566,0.164757507,-0.721324306,-0.06281688
530330109001,33,10900,1,-0.92294848,0.23491344,-0.67492022,-0.131233269,-0.658761332,0.306331513,-0.13168249,-1.459602144
530330109002,33,10900,2,-0.72782848,-0.2407915,0.02824154,-0.265595081,0.529453843,-0.458231529,0.625290204,-0.374439732
530330110011,33,11001,1,-1.43789338,1.00843005,0.83597796,0.893119078,0.088636375,0.018097641,0.018819382,-1.212822577
530330110012,33,11001,2,-2.27239343,-0.04456112,0.69797509,1.025122888,1.358136614,0.120275518,0.005273213,-1.892732575
530330110013,33,11001,3,-2.28505164,1.29696258,0.73096937,0.364988544,0.04849235,0.788893181,-0.02536742,-2.535502325
530330110021,33,11002,1,-2.41584321,2.42281059,0.34155285,0.643634277,-0.811006759,-0.066962255,0.139801778,-0.646207482
530330110022,33,11002,2,-2.39431633,1.78483069,0.41232921,-0.112924295,-0.143337121,0.313757027,0.119493289,-0.7786141
530330110023,33,11002,3,-1.50643106,1.81029923,0.48641878,0.650735656,-0.775560012,-0.206268866,0.132530429,-0.838605591
530330111011,33,11101,1,-2.25897581,0.5141209,0.69772333,-0.259034923,0.844131037,0.619648907,-0.710110313,-1.44635894
530330111012,33,11101,2,-1.44126639,0.57872421,1.10544388,0.440207804,0.733733792,-0.035957183,-1.00458736,-1.290419556
530330111013,33,11101,3,-1.45646069,1.6902262,1.12779063,0.378406176,-0.406861439,0.171887001,-0.986004427,-2.289588807
530330111014,33,11101,4,-1.02908688,1.93502494,1.16559249,-0.081118984,-0.415368112,-0.280845819,-0.890919977,-0.465997198
530330111021,33,11102,1,0.71858483,1.23678306,0.52484715,-0.373976001,-1.685089029,0.087145849,0.201448812,-1.783550369
530330111022,33,11102,2,-1.57866649,1.24863778,0.45084411,0.571266596,-0.638128561,0.796894433,-0.078338349,-2.231303014
530330111023,33,11102,3,-2.6250357,1.33114788,0.57395344,1.021854831,0.074145201,0.514430071,0.097138545,-2.200837026
530330111024,33,11102,4,-0.88218216,1.32456186,0.85007572,0.645104933,-0.683667571,0.216533834,-0.063592016,-2.071945974
530330112001,33,11200,1,-1.82380151,1.0856074,-0.69785946,0.314152672,-0.947071648,0.782716978,-0.368214275,-1.730525373
530330112002,33,11200,2,-1.46045846,0.76393366,-0.36621071,0.03682034,-0.703265849,0.295565254,-0.372056498,-1.859374587
530330112003,33,11200,3,-2.42151661,1.29771896,-0.30347299,0.37710631,-0.345745341,-0.486274728,-0.443339658,-1.75968246
530330113001,33,11300,1,-1.29863378,-0.1929689,-1.26297573,0.56352935,-0.990260541,1.55893732,-0.573535893,-2.507535998
530330113002,33,11300,2,-0.62757371,1.58400432,-0.49430356,0.9180919,-1.718311796,-0.198453186,-0.641945869,-1.445884149
530330113003,33,11300,3,-1.04062891,1.07646919,-0.45847041,0.20717016,-1.115466058,0.338680212,-0.552484503,-1.84017722
530330113004,33,11300,4,-1.28079195,1.53790809,-0.35453354,1.475495025,-1.462346006,0.206306511,-0.405455907,-1.610862563
530330113005,33,11300,5,-0.89855338,0.97405269,-0.24781662,0.159744571,-1.059383749,-0.062016553,-0.526346644,-1.914698542
530330114011,33,11401,1,-1.71883761,0.55617304,-0.82450219,-0.217137326,-0.614449562,0.33970347,-1.318122225,-2.236204245
530330114012,33,11401,2,-1.34383143,0.7007569,-0.88025463,-0.395715553,-0.785175443,0.306787802,-1.431403821,-2.066968279
530330114013,33,11401,3,-1.0295466,1.39486553,-0.42516411,0.121139044,-1.375817076,0.232318511,-0.596933882,-1.691155405
530330114021,33,11402,1,-1.70364687,0.93477342,-0.84131219,-0.266637414,-0.710229587,0.193834723,-1.3980296,-2.035951695
530330114022,33,11402,2,-1.41180924,0.67052315,-0.85960902,0.307066933,-0.714981138,0.167108532,-1.493773591,-2.095630562
530330114023,33,11402,3,-1.272109,0.3416917,-1.04854112,0.34849069,-0.688075503,0.478890828,-1.558823666,-2.273982247
530330115001,33,11500,1,-0.13275551,1.16738493,-0.85800462,-0.681656109,-1.834344254,0.390735955,-1.498867511,-1.60998987
530330115002,33,11500,2,0.01686096,0.6401873,-0.35996061,0.576906766,-1.359860698,0.404240237,-0.820771177,-2.330076616
530330115003,33,11500,3,-0.49879812,0.49977251,-1.29675801,1.012564152,-1.241580618,-0.296124059,-0.85953183,-0.656370476
530330116001,33,11600,1,0.80808701,0.06550808,-1.41855637,-0.465967927,-1.630662229,0.719389653,-1.020051435,-0.778549474
530330116002,33,11600,2,0.29235141,0.45450078,-1.59127306,-0.092542369,-1.845677362,0.665752379,-0.908342041,-0.511558086
530330116003,33,11600,3,0.40534789,0.99604365,-1.02525142,-0.202936119,-2.586664631,1.797312918,-0.484050538,-2.054928125
530330116004,33,11600,4,0.24734536,0.87567029,-0.78957401,0.11523571,-2.223242053,1.483592693,-0.556445131,-2.264712723
530330116005,33,11600,5,0.71260172,0.39459106,-0.59211929,-0.177530159,-1.856000407,1.234774831,-0.611306106,-2.419402189
530330116006,33,11600,6,0.50135736,0.05962639,-1.63820928,-0.229821236,-1.696379562,0.980228503,-0.989452261,-0.835757901
530330117001,33,11700,1,-2.038024,1.43559926,1.31069908,0.500987649,0.254152455,-0.220700222,0.097651998,-2.44961881
530330117002,33,11700,2,-1.68502209,2.35343434,0.65131441,0.060318484,-1.298238938,0.822688748,0.346645324,-0.768125727
530330117003,33,11700,3,-1.45713141,2.15229212,1.20983679,-0.172449901,-0.785247022,-0.027261934,0.200182313,-2.123798754
530330117004,33,11700,4,-0.82015576,2.4027573,0.65778488,0.073104372,-1.754958554,0.154695805,-0.108716683,-1.727117474
530330118001,33,11800,1,0.14617235,0.80958522,0.42108776,-0.195056793,-1.350428071,1.039969863,-2.059873572,-2.679479312
530330118002,33,11800,2,-0.56082514,1.68716116,0.42990495,-0.222418579,-1.678128472,0.875642706,-2.109350741,-2.529585271
530330118003,33,11800,3,-0.898118,1.46283386,0.5906376,1.239400942,-1.234580779,0.418929118,-2.221998702,-2.582299029
530330118004,33,11800,4,-2.31466245,0.6709278,1.00894979,1.229461352,0.638689071,0.042282059,-0.882697766,-3.056313012
530330118005,33,11800,5,-1.65225734,2.06055574,1.06711456,-0.122765927,-0.630992259,0.652614385,-0.795649906,-2.108620486
530330118006,33,11800,6,-2.88881419,0.87635023,0.68347476,0.991385898,0.339544835,1.780956585,-1.832705259,-3.120352842
530330119001,33,11900,1,-0.25509183,1.8732445,0.23534569,0.283125302,-2.201291661,0.61162186,-2.292628626,-2.399108113
530330119002,33,11900,2,-0.13664537,1.26227346,-0.03837301,-0.321456276,-2.097439649,1.77974351,-2.255446803,-2.7260062
530330119003,33,11900,3,-1.6078767,1.58638298,0.2785523,-0.160116046,-1.13054861,0.850830292,-0.296823109,-2.473907292
530330119004,33,11900,4,-1.86661988,2.21187885,0.26737057,-0.216470018,-1.58985002,0.431030102,0.036212906,-2.192683097
530330119005,33,11900,5,-1.37656393,1.71353027,0.14890954,0.750978414,-1.622439287,1.125590822,-0.101356116,-2.299181765
530330120001,33,12000,1,-0.57647644,0.92474897,-0.83435978,-0.029769085,-1.674563402,0.954936395,-0.628743252,-2.274939653
530330120002,33,12000,2,0.2908326,0.96423523,-1.44272026,-0.227550475,-2.8492045,2.55969655,-0.575169381,-2.022153517
530330120003,33,12000,3,0.61344288,0.84024362,-1.07257528,-0.923617034,-2.418385968,1.587509941,-0.699816869,-2.134594625
530330121001,33,12100,1,1.10855899,0.91547437,-1.43118057,-0.590860636,-3.226737191,2.292315252,-0.635000333,-2.07737002
530330121002,33,12100,2,0.22883605,1.47424973,-1.69098235,-0.48807587,-3.378147964,2.406072703,-0.550469699,-1.762806527
530330260011,33,26001,1,-0.24188684,1.41874023,-0.43894559,-0.093905928,-2.270404345,2.135902433,-2.280793344,-2.168421294
530330264004,33,26400,4,-1.40215237,0.66541429,-1.64658094,-0.567819097,-1.44434232,1.596470331,-0.300585988,-1.535297733
530330264005,33,26400,5,-2.53107712,1.1902127,-0.98235652,1.293935861,-0.909234894,0.277028091,-0.305238228,-1.632708223
530330265001,33,26500,1,-2.20372172,1.46835636,-1.02061293,2.923866098,-1.718582826,0.451111754,-0.330820369,-1.777357198
530339901000,33,990100,0,0.2259738,-0.97767913,-6.49861782,-1.09861182,-7.097825855,22.24289945,-0.793855573,-2.345587235
,,,,-9.0742E-06,-2.77695E-06,-7.88068E-06,-4.5814E-06,-5.73916E-06,2.51542E-06,-3.84525E-06,5.20499E-06
,,,,0.969578661,0.983110926,0.979216558,0.907718194,1.525475312,1.531583606,1.012763785,1.37158105
