gis_id,math_perc_elem_df,reading_perc_elem_df,isa_perc_elem_df,fam_sat_elem_df,stu_sat_elem_df,math_upper,reading_upper,isa_upper,fam_upper,stu_upper
530330000000,0.742493333,0.791346667,0.9484,0.86,0.623,0.3413,0.738875,0.92555,0.78,0.503
530330000000,0.742493333,0.791346667,0.9484,0.86,0.623,0.3413,0.738875,0.92555,0.78,0.503
530330000000,0.606036667,0.623083333,0.95428,0.828,0.603,0.3413,0.738875,0.92555,0.78,0.503
530330000000,0.742493333,0.791346667,0.9484,0.86,0.623,0.3413,0.738875,0.92555,0.78,0.503
530330000000,0.742493333,0.791346667,0.9484,0.86,0.623,0.3413,0.738875,0.92555,0.78,0.503
530330000000,0.742493333,0.791346667,0.9484,0.86,0.623,0.3413,0.738875,0.92555,0.78,0.503
530330000000,0.742493333,0.791346667,0.9484,0.86,0.623,0.3413,0.738875,0.92555,0.78,0.503
530330000000,0.742493333,0.791346667,0.9484,0.86,0.623,0.34214,0.72642,0.92249,0.777,0.506
530330000000,0.742493333,0.791346667,0.9484,0.86,0.623,0.3413,0.738875,0.92555,0.78,0.503
530330000000,0.742493333,0.791346667,0.9484,0.86,0.623,0.34214,0.72642,0.92249,0.777,0.506
530330000000,0.742493333,0.791346667,0.9484,0.86,0.623,0.3413,0.738875,0.92555,0.78,0.503
530330000000,0.3925,0.374816667,0.95134,0.759,0.607,0.37497,0.742333334,0.918895,0.697,0.468
530330000000,0.3925,0.374816667,0.95134,0.759,0.607,0.37497,0.742333334,0.918895,0.697,0.468
530330000000,0.423156667,0.496856667,0.95024,0.742,0.602,0.37497,0.742333334,0.918895,0.697,0.468
530330000000,0.423156667,0.496856667,0.95024,0.742,0.602,0.37497,0.742333334,0.918895,0.697,0.468
530330000000,0.423156667,0.496856667,0.95024,0.742,0.602,0.37497,0.742333334,0.918895,0.697,0.468
530330000000,0.423156667,0.496856667,0.95024,0.742,0.602,0.37497,0.742333334,0.918895,0.697,0.468
530330000000,0.423156667,0.496856667,0.95024,0.742,0.602,0.37497,0.742333334,0.918895,0.697,0.468
530330000000,0.423156667,0.496856667,0.95024,0.742,0.602,0.37497,0.742333334,0.918895,0.697,0.468
530330000000,0.423156667,0.496856667,0.95024,0.742,0.602,0.37497,0.742333334,0.918895,0.697,0.468
530330000000,0.423156667,0.496856667,0.95024,0.742,0.602,0.37497,0.742333334,0.918895,0.697,0.468
530330000000,0.423156667,0.496856667,0.95024,0.742,0.602,0.37497,0.742333334,0.918895,0.697,0.468
530330000000,0.423156667,0.496856667,0.95024,0.742,0.602,0.37497,0.742333334,0.918895,0.697,0.468
530330000000,0.3925,0.374816667,0.95134,0.759,0.607,0.37497,0.742333334,0.918895,0.697,0.468
530330000000,0.681476667,0.72335,0.96182,0.872,0.684,0.3413,0.738875,0.92555,0.78,0.503
530330000000,0.3925,0.374816667,0.95134,0.759,0.607,0.37497,0.742333334,0.918895,0.697,0.468
530330000000,0.3925,0.374816667,0.95134,0.759,0.607,0.37497,0.742333334,0.918895,0.697,0.468
530330000000,0.3925,0.374816667,0.95134,0.759,0.607,0.37497,0.742333334,0.918895,0.697,0.468
530330000000,0.681476667,0.72335,0.96182,0.872,0.684,0.3413,0.738875,0.92555,0.78,0.503
530330000000,0.606036667,0.623083333,0.95428,0.828,0.603,0.3413,0.738875,0.92555,0.78,0.503
530330000000,0.606036667,0.623083333,0.95428,0.828,0.603,0.3413,0.738875,0.92555,0.78,0.503
530330000000,0.499683333,0.513266667,0.95666,0.799,0.553,0.3413,0.738875,0.92555,0.78,0.503
530330000000,0.499683333,0.513266667,0.95666,0.799,0.553,0.3413,0.738875,0.92555,0.78,0.503
530330000000,0.606036667,0.623083333,0.95428,0.828,0.603,0.3413,0.738875,0.92555,0.78,0.503
530330000000,0.606036667,0.623083333,0.95428,0.828,0.603,0.3413,0.738875,0.92555,0.78,0.503
530330000000,0.606036667,0.623083333,0.95428,0.828,0.603,0.3413,0.738875,0.92555,0.78,0.503
530330000000,0.606036667,0.623083333,0.95428,0.828,0.603,0.3413,0.738875,0.92555,0.78,0.503
530330000000,0.606036667,0.623083333,0.95428,0.828,0.603,0.3413,0.738875,0.92555,0.78,0.503
530330000000,0.87187,0.898563333,0.96306,0.862,0.62,0.3413,0.738875,0.92555,0.78,0.503
530330000000,0.499683333,0.513266667,0.95666,0.799,0.553,0.3413,0.738875,0.92555,0.78,0.503
530330000000,0.499683333,0.513266667,0.95666,0.799,0.553,0.3413,0.738875,0.92555,0.78,0.503
530330000000,0.681476667,0.72335,0.96182,0.872,0.684,0.3413,0.738875,0.92555,0.78,0.503
530330000000,0.681476667,0.72335,0.96182,0.872,0.684,0.3413,0.738875,0.92555,0.78,0.503
530330000000,0.681476667,0.72335,0.96182,0.872,0.684,0.3413,0.738875,0.92555,0.78,0.503
530330000000,0.681476667,0.72335,0.96182,0.872,0.684,0.3413,0.738875,0.92555,0.78,0.503
530330000000,0.3925,0.374816667,0.95134,0.759,0.607,0.37497,0.742333334,0.918895,0.697,0.468
530330000000,0.429936667,0.518276667,0.94808,0.912,0.554,0.37497,0.742333334,0.918895,0.697,0.468
530330000000,0.429936667,0.518276667,0.94808,0.912,0.554,0.37497,0.742333334,0.918895,0.697,0.468
530330000000,0.429936667,0.518276667,0.94808,0.912,0.554,0.37497,0.742333334,0.918895,0.697,0.468
530330000000,0.429936667,0.518276667,0.94808,0.912,0.554,0.37497,0.742333334,0.918895,0.697,0.468
530330000000,0.429936667,0.518276667,0.94808,0.912,0.554,0.37497,0.742333334,0.918895,0.697,0.468
530330000000,0.429936667,0.518276667,0.94808,0.912,0.554,0.37497,0.742333334,0.918895,0.697,0.468
530330000000,0.713533333,0.81977,0.96036,0.848,0.597,0.37497,0.742333334,0.918895,0.697,0.468
530330000000,0.713533333,0.81977,0.96036,0.848,0.597,0.37497,0.742333334,0.918895,0.697,0.468
530330000000,0.84479,0.889573333,0.96052,0.841,0.633,0.37497,0.742333334,0.918895,0.697,0.468
530330000000,0.713533333,0.81977,0.96036,0.848,0.597,0.37497,0.742333334,0.918895,0.697,0.468
530330000000,0.713533333,0.81977,0.96036,0.848,0.597,0.37497,0.742333334,0.918895,0.697,0.468
530330000000,0.713533333,0.81977,0.96036,0.848,0.597,0.37497,0.742333334,0.918895,0.697,0.468
530330000000,0.66498,0.769086667,0.96017,0.897,0.674,0.37497,0.742333334,0.918895,0.697,0.468
530330000000,0.66498,0.769086667,0.96017,0.897,0.674,0.37497,0.742333334,0.918895,0.697,0.468
530330000000,0.429936667,0.518276667,0.94808,0.912,0.554,0.37497,0.742333334,0.918895,0.697,0.468
530330000000,0.429936667,0.518276667,0.94808,0.912,0.554,0.37497,0.742333334,0.918895,0.697,0.468
530330000000,0.77679,0.81413,0.96364,0.771,0.604,0.37497,0.742333334,0.918895,0.697,0.468
530330000000,0.77679,0.81413,0.96364,0.771,0.604,0.37497,0.742333334,0.918895,0.697,0.468
530330000000,0.429936667,0.518276667,0.94808,0.912,0.554,0.37497,0.742333334,0.918895,0.697,0.468
530330000000,0.71604,0.761426667,0.95653,0.839,0.649,0.37497,0.742333334,0.918895,0.697,0.468
530330000000,0.71604,0.761426667,0.95653,0.839,0.649,0.37497,0.742333334,0.918895,0.697,0.468
530330000000,0.71604,0.761426667,0.95653,0.839,0.649,0.37497,0.742333334,0.918895,0.697,0.468
530330000000,0.681476667,0.72335,0.96182,0.872,0.684,0.413886667,0.788928334,0.927905,0.7855,0.509
530330000000,0.681476667,0.72335,0.96182,0.872,0.684,0.413886667,0.788928334,0.927905,0.7855,0.509
530330000000,0.681476667,0.72335,0.96182,0.872,0.684,0.413886667,0.788928334,0.927905,0.7855,0.509
530330000000,0.499683333,0.513266667,0.95666,0.799,0.553,0.3413,0.738875,0.92555,0.78,0.503
530330000000,0.681476667,0.72335,0.96182,0.872,0.684,0.3413,0.738875,0.92555,0.78,0.503
530330000000,0.499683333,0.513266667,0.95666,0.799,0.553,0.3413,0.738875,0.92555,0.78,0.503
530330000000,0.87187,0.898563333,0.96306,0.862,0.62,0.413886667,0.788928334,0.927905,0.7855,0.509
530330000000,0.87187,0.898563333,0.96306,0.862,0.62,0.413886667,0.788928334,0.927905,0.7855,0.509
530330000000,0.87187,0.898563333,0.96306,0.862,0.62,0.413886667,0.788928334,0.927905,0.7855,0.509
530330000000,0.606036667,0.623083333,0.95428,0.828,0.603,0.3413,0.738875,0.92555,0.78,0.503
530330000000,0.84615,0.882263333,0.96324,0.836,0.683,0.413886667,0.788928334,0.927905,0.7855,0.509
530330000000,0.84615,0.882263333,0.96324,0.836,0.683,0.413886667,0.788928334,0.927905,0.7855,0.509
530330000000,0.84615,0.882263333,0.96324,0.836,0.683,0.621576667,0.835910834,0.936555,0.7535,0.515
530330000000,0.84615,0.882263333,0.96324,0.836,0.683,0.621576667,0.835910834,0.936555,0.7535,0.515
530330000000,0.84615,0.882263333,0.96324,0.836,0.683,0.621576667,0.835910834,0.936555,0.7535,0.515
530330000000,0.87187,0.898563333,0.96306,0.862,0.62,0.621576667,0.835910834,0.936555,0.7535,0.515
530330000000,0.87187,0.898563333,0.96306,0.862,0.62,0.621576667,0.835910834,0.936555,0.7535,0.515
530330000000,0.87187,0.898563333,0.96306,0.862,0.62,0.621576667,0.835910834,0.936555,0.7535,0.515
530330000000,0.87187,0.898563333,0.96306,0.862,0.62,0.621576667,0.835910834,0.936555,0.7535,0.515
530330000000,0.625,0.630253333,0.95744,0.877,0.689,0.621576667,0.835910834,0.936555,0.7535,0.515
530330000000,0.625,0.630253333,0.95744,0.877,0.689,0.621576667,0.835910834,0.936555,0.7535,0.515
530330000000,0.625,0.630253333,0.95744,0.877,0.689,0.621576667,0.835910834,0.936555,0.7535,0.515
530330000000,0.625,0.630253333,0.95744,0.877,0.689,0.621576667,0.835910834,0.936555,0.7535,0.515
530330000000,0.71604,0.761426667,0.95653,0.839,0.649,0.58182,0.801770834,0.930605,0.668,0.471
530330000000,0.71604,0.761426667,0.95653,0.839,0.649,0.58182,0.801770834,0.930605,0.668,0.471
530330000000,0.71604,0.761426667,0.95653,0.839,0.649,0.58182,0.801770834,0.930605,0.668,0.471
530330000000,0.66498,0.769086667,0.96017,0.897,0.674,0.58182,0.801770834,0.930605,0.668,0.471
530330000000,0.71604,0.761426667,0.95653,0.839,0.649,0.58182,0.801770834,0.930605,0.668,0.471
530330000000,0.66498,0.769086667,0.96017,0.897,0.674,0.58182,0.801770834,0.930605,0.668,0.471
530330000000,0.66498,0.769086667,0.96017,0.897,0.674,0.58182,0.801770834,0.930605,0.668,0.471
530330000000,0.66498,0.769086667,0.96017,0.897,0.674,0.405745,0.778870834,0.9311,0.654,0.443
530330000000,0.66498,0.769086667,0.96017,0.897,0.674,0.405745,0.778870834,0.9311,0.654,0.443
530330000000,0.77679,0.81413,0.96364,0.771,0.604,0.405745,0.778870834,0.9311,0.654,0.443
530330000000,0.77679,0.81413,0.96364,0.771,0.604,0.405745,0.778870834,0.9311,0.654,0.443
530330000000,0.77679,0.81413,0.96364,0.771,0.604,0.405745,0.778870834,0.9311,0.654,0.443
530330000000,0.77679,0.81413,0.96364,0.771,0.604,0.405745,0.778870834,0.9311,0.654,0.443
530330000000,0.84479,0.889573333,0.96052,0.841,0.633,0.405745,0.778870834,0.9311,0.654,0.443
530330000000,0.84479,0.889573333,0.96052,0.841,0.633,0.405745,0.778870834,0.9311,0.654,0.443
530330000000,0.84479,0.889573333,0.96052,0.841,0.633,0.405745,0.778870834,0.9311,0.654,0.443
530330000000,0.648026667,0.753486667,0.95943,0.871,0.608,0.405745,0.778870834,0.9311,0.654,0.443
530330000000,0.648026667,0.753486667,0.95943,0.871,0.608,0.405745,0.778870834,0.9311,0.654,0.443
530330000000,0.84479,0.889573333,0.96052,0.841,0.633,0.405745,0.778870834,0.9311,0.654,0.443
530330000000,0.648026667,0.753486667,0.95943,0.871,0.608,0.405745,0.778870834,0.9311,0.654,0.443
530330000000,0.648026667,0.753486667,0.95943,0.871,0.608,0.405745,0.778870834,0.9311,0.654,0.443
530330000000,0.648026667,0.753486667,0.95943,0.871,0.608,0.405745,0.778870834,0.9311,0.654,0.443
530330000000,0.648026667,0.753486667,0.95943,0.871,0.608,0.405745,0.778870834,0.9311,0.654,0.443
530330000000,0.648026667,0.753486667,0.95943,0.871,0.608,0.405745,0.778870834,0.9311,0.654,0.443
530330000000,0.648026667,0.753486667,0.95943,0.871,0.608,0.405745,0.778870834,0.9311,0.654,0.443
530330000000,0.648026667,0.753486667,0.95943,0.871,0.608,0.405745,0.778870834,0.9311,0.654,0.443
530330000000,0.77679,0.81413,0.96364,0.771,0.604,0.405745,0.778870834,0.9311,0.654,0.443
530330000000,0.863196667,0.909223333,0.96129,0.899,0.649,0.437611667,0.839900834,0.939545,0.749,0.5295
530330000000,0.648026667,0.753486667,0.95943,0.871,0.608,0.405745,0.778870834,0.9311,0.654,0.443
530330000000,0.648026667,0.753486667,0.95943,0.871,0.608,0.405745,0.778870834,0.9311,0.654,0.443
530330000000,0.648026667,0.753486667,0.95943,0.871,0.608,0.405745,0.778870834,0.9311,0.654,0.443
530330000000,0.863196667,0.909223333,0.96129,0.899,0.649,0.437611667,0.839900834,0.939545,0.749,0.5295
530330000000,0.863196667,0.909223333,0.96129,0.899,0.649,0.437611667,0.839900834,0.939545,0.749,0.5295
530330000000,0.863196667,0.909223333,0.96129,0.899,0.649,0.437611667,0.839900834,0.939545,0.749,0.5295
530330000000,0.863196667,0.909223333,0.96129,0.899,0.649,0.613686667,0.862800834,0.93905,0.763,0.5575
530330000000,0.863196667,0.909223333,0.96129,0.899,0.649,0.613686667,0.862800834,0.93905,0.763,0.5575
530330000000,0.863196667,0.909223333,0.96129,0.899,0.649,0.613686667,0.862800834,0.93905,0.763,0.5575
530330000000,0.625,0.630253333,0.95744,0.877,0.689,0.621576667,0.835910834,0.936555,0.7535,0.515
530330000000,0.625,0.630253333,0.95744,0.877,0.689,0.621576667,0.835910834,0.936555,0.7535,0.515
530330000000,0.625,0.630253333,0.95744,0.877,0.689,0.621576667,0.835910834,0.936555,0.7535,0.515
530330000000,0.625,0.630253333,0.95744,0.877,0.689,0.621576667,0.835910834,0.936555,0.7535,0.515
530330000000,0.84699,0.922686667,0.96633,0.806,0.589,0.621576667,0.835910834,0.936555,0.7535,0.515
530330000000,0.84699,0.922686667,0.96633,0.806,0.589,0.621576667,0.835910834,0.936555,0.7535,0.515
530330000000,0.84615,0.882263333,0.96324,0.836,0.683,0.621576667,0.835910834,0.936555,0.7535,0.515
530330000000,0.84615,0.882263333,0.96324,0.836,0.683,0.621576667,0.835910834,0.936555,0.7535,0.515
530330000000,0.612296667,0.651266667,0.95573,0.87,0.553,0.621576667,0.835910834,0.936555,0.7535,0.515
530330000000,0.84615,0.882263333,0.96324,0.836,0.683,0.621576667,0.835910834,0.936555,0.7535,0.515
530330000000,0.612296667,0.651266667,0.95573,0.87,0.553,0.621576667,0.835910834,0.936555,0.7535,0.515
530330000000,0.612296667,0.651266667,0.95573,0.87,0.553,0.621576667,0.835910834,0.936555,0.7535,0.515
530330000000,0.807726667,0.68428,0.9538,0.707,0.483,0.621576667,0.835910834,0.936555,0.7535,0.515
530330000000,0.807726667,0.68428,0.9538,0.707,0.483,0.621576667,0.835910834,0.936555,0.7535,0.515
530330000000,0.807726667,0.68428,0.9538,0.707,0.483,0.621576667,0.835910834,0.936555,0.7535,0.515
530330000000,0.807726667,0.68428,0.9538,0.707,0.483,0.621576667,0.835910834,0.936555,0.7535,0.515
530330000000,0.612296667,0.651266667,0.95573,0.87,0.553,0.621576667,0.835910834,0.936555,0.7535,0.515
530330000000,0.612296667,0.651266667,0.95573,0.87,0.553,0.621576667,0.835910834,0.936555,0.7535,0.515
530330000000,0.84699,0.922686667,0.96633,0.806,0.589,0.621576667,0.835910834,0.936555,0.7535,0.515
530330000000,0.84699,0.922686667,0.96633,0.806,0.589,0.621576667,0.835910834,0.936555,0.7535,0.515
530330000000,0.84699,0.922686667,0.96633,0.806,0.589,0.621576667,0.835910834,0.936555,0.7535,0.515
530330000000,0.807726667,0.68428,0.9538,0.707,0.483,0.621576667,0.835910834,0.936555,0.7535,0.515
530330000000,0.84699,0.922686667,0.96633,0.806,0.589,0.621576667,0.835910834,0.936555,0.7535,0.515
530330000000,0.84699,0.922686667,0.96633,0.806,0.589,0.621576667,0.835910834,0.936555,0.7535,0.515
530330000000,0.807726667,0.68428,0.9538,0.707,0.483,0.621576667,0.835910834,0.936555,0.7535,0.515
530330000000,0.807726667,0.68428,0.9538,0.707,0.483,0.621576667,0.835910834,0.936555,0.7535,0.515
530330000000,0.84699,0.922686667,0.96633,0.806,0.589,0.621576667,0.835910834,0.936555,0.7535,0.515
530330000000,0.625,0.630253333,0.95744,0.877,0.689,0.621576667,0.835910834,0.936555,0.7535,0.515
530330000000,0.807726667,0.68428,0.9538,0.707,0.483,0.621576667,0.835910834,0.936555,0.7535,0.515
530330000000,0.625,0.630253333,0.95744,0.877,0.689,0.613686667,0.862800834,0.93905,0.763,0.5575
530330000000,0.625,0.630253333,0.95744,0.877,0.689,0.613686667,0.862800834,0.93905,0.763,0.5575
530330000000,0.625,0.630253333,0.95744,0.877,0.689,0.613686667,0.862800834,0.93905,0.763,0.5575
530330000000,0.625,0.630253333,0.95744,0.877,0.689,0.613686667,0.862800834,0.93905,0.763,0.5575
530330000000,0.625,0.630253333,0.95744,0.877,0.689,0.613686667,0.862800834,0.93905,0.763,0.5575
530330000000,0.625,0.630253333,0.95744,0.877,0.689,0.613686667,0.862800834,0.93905,0.763,0.5575
530330000000,0.863196667,0.909223333,0.96129,0.899,0.649,0.437611667,0.839900834,0.939545,0.749,0.5295
530330000000,0.532953333,0.624,0.95652,0.887,0.431,0.437611667,0.839900834,0.939545,0.749,0.5295
530330000000,0.648026667,0.753486667,0.95943,0.871,0.608,0.405745,0.778870834,0.9311,0.654,0.443
530330000000,0.648026667,0.753486667,0.95943,0.871,0.608,0.405745,0.778870834,0.9311,0.654,0.443
530330000000,0.863196667,0.909223333,0.96129,0.899,0.649,0.437611667,0.839900834,0.939545,0.749,0.5295
530330000000,0.532953333,0.624,0.95652,0.887,0.431,0.437611667,0.839900834,0.939545,0.749,0.5295
530330000000,0.532953333,0.624,0.95652,0.887,0.431,0.437611667,0.839900834,0.939545,0.749,0.5295
530330000000,0.532953333,0.624,0.95652,0.887,0.431,0.437611667,0.839900834,0.939545,0.749,0.5295
530330000000,0.532953333,0.624,0.95652,0.887,0.431,0.613686667,0.862800834,0.93905,0.763,0.5575
530330000000,0.532953333,0.624,0.95652,0.887,0.431,0.437611667,0.839900834,0.939545,0.749,0.5295
530330000000,0.532953333,0.624,0.95652,0.887,0.431,0.437611667,0.839900834,0.939545,0.749,0.5295
530330000000,0.532953333,0.624,0.95652,0.887,0.431,0.437611667,0.839900834,0.939545,0.749,0.5295
530330000000,0.532953333,0.624,0.95652,0.887,0.431,0.437611667,0.839900834,0.939545,0.749,0.5295
530330000000,0.625,0.630253333,0.95744,0.877,0.689,0.613686667,0.862800834,0.93905,0.763,0.5575
530330000000,0.532953333,0.624,0.95652,0.887,0.431,0.613686667,0.862800834,0.93905,0.763,0.5575
530330000000,0.532953333,0.624,0.95652,0.887,0.431,0.613686667,0.862800834,0.93905,0.763,0.5575
530330000000,0.625,0.630253333,0.95744,0.877,0.689,0.613686667,0.862800834,0.93905,0.763,0.5575
530330000000,0.532953333,0.624,0.95652,0.887,0.431,0.613686667,0.862800834,0.93905,0.763,0.5575
530330000000,0.532953333,0.624,0.95652,0.887,0.431,0.613686667,0.862800834,0.93905,0.763,0.5575
530330000000,0.625,0.630253333,0.95744,0.877,0.689,0.613686667,0.862800834,0.93905,0.763,0.5575
530330000000,0.625,0.630253333,0.95744,0.877,0.689,0.613686667,0.862800834,0.93905,0.763,0.5575
530330000000,0.625,0.630253333,0.95744,0.877,0.689,0.613686667,0.862800834,0.93905,0.763,0.5575
530330000000,0.625,0.630253333,0.95744,0.877,0.689,0.613686667,0.862800834,0.93905,0.763,0.5575
530330000000,0.625,0.630253333,0.95744,0.877,0.689,0.613686667,0.862800834,0.93905,0.763,0.5575
530330000000,0.807726667,0.68428,0.9538,0.707,0.483,0.621576667,0.835910834,0.936555,0.7535,0.515
530330000000,0.625,0.630253333,0.95744,0.877,0.689,0.613686667,0.862800834,0.93905,0.763,0.5575
530330000000,0.625,0.630253333,0.95744,0.877,0.689,0.613686667,0.862800834,0.93905,0.763,0.5575
530330000000,0.625,0.630253333,0.95744,0.877,0.689,0.613686667,0.862800834,0.93905,0.763,0.5575
530330000000,0.625,0.630253333,0.95744,0.877,0.689,0.613686667,0.862800834,0.93905,0.763,0.5575
530330000000,0.807726667,0.68428,0.9538,0.707,0.483,0.621576667,0.835910834,0.936555,0.7535,0.515
530330000000,0.807726667,0.68428,0.9538,0.707,0.483,0.621576667,0.835910834,0.936555,0.7535,0.515
530330000000,0.532953333,0.624,0.95652,0.887,0.431,0.613686667,0.862800834,0.93905,0.763,0.5575
530330000000,0.532953333,0.624,0.95652,0.887,0.431,0.613686667,0.862800834,0.93905,0.763,0.5575
530330000000,0.532953333,0.624,0.95652,0.887,0.431,0.613686667,0.862800834,0.93905,0.763,0.5575
530330000000,0.532953333,0.624,0.95652,0.887,0.431,0.613686667,0.862800834,0.93905,0.763,0.5575
530330000000,0.807636667,0.844283333,0.96041,0.877,0.618,0.414888334,0.751675834,0.929175,0.672,0.483
530330000000,0.807636667,0.844283333,0.96041,0.877,0.618,0.414888334,0.751675834,0.929175,0.672,0.483
530330000000,0.825233333,0.84036,0.95643,0.819,0.656,0.414888334,0.751675834,0.929175,0.672,0.483
530330000000,0.825233333,0.84036,0.95643,0.819,0.656,0.414888334,0.751675834,0.929175,0.672,0.483
530330000000,0.825233333,0.84036,0.95643,0.819,0.656,0.414888334,0.751675834,0.929175,0.672,0.483
530330000000,0.807636667,0.844283333,0.96041,0.877,0.618,0.414888334,0.751675834,0.929175,0.672,0.483
530330000000,0.825233333,0.84036,0.95643,0.819,0.656,0.414888334,0.751675834,0.929175,0.672,0.483
530330000000,0.825233333,0.84036,0.95643,0.819,0.656,0.414888334,0.751675834,0.929175,0.672,0.483
530330000000,0.807636667,0.844283333,0.96041,0.877,0.618,0.414888334,0.751675834,0.929175,0.672,0.483
530330000000,0.807636667,0.844283333,0.96041,0.877,0.618,0.414888334,0.751675834,0.929175,0.672,0.483
530330000000,0.807636667,0.844283333,0.96041,0.877,0.618,0.414888334,0.751675834,0.929175,0.672,0.483
530330000000,0.807636667,0.844283333,0.96041,0.877,0.618,0.414888334,0.751675834,0.929175,0.672,0.483
530330000000,0.807636667,0.844283333,0.96041,0.877,0.618,0.414888334,0.751675834,0.929175,0.672,0.483
530330000000,0.807636667,0.844283333,0.96041,0.877,0.618,0.414888334,0.751675834,0.929175,0.672,0.483
530330000000,0.807636667,0.844283333,0.96041,0.877,0.618,0.414888334,0.751675834,0.929175,0.672,0.483
530330000000,0.825233333,0.84036,0.95643,0.819,0.656,0.414888334,0.751675834,0.929175,0.672,0.483
530330000000,0.78289,0.85401,0.96336,0.919,0.662,0.414888334,0.751675834,0.929175,0.672,0.483
530330000000,0.825233333,0.84036,0.95643,0.819,0.656,0.414888334,0.751675834,0.929175,0.672,0.483
530330000000,0.78289,0.85401,0.96336,0.919,0.662,0.414888334,0.751675834,0.929175,0.672,0.483
530330000000,0.78289,0.85401,0.96336,0.919,0.662,0.414888334,0.751675834,0.929175,0.672,0.483
530330000000,0.78289,0.85401,0.96336,0.919,0.662,0.414888334,0.751675834,0.929175,0.672,0.483
530330000000,0.78289,0.85401,0.96336,0.919,0.662,0.414888334,0.751675834,0.929175,0.672,0.483
530330000000,0.78289,0.85401,0.96336,0.919,0.662,0.414888334,0.751675834,0.929175,0.672,0.483
530330000000,0.746053333,0.84868,0.96024,0.846,0.591,0.414888334,0.751675834,0.929175,0.672,0.483
530330000000,0.746053333,0.84868,0.96024,0.846,0.591,0.414888334,0.751675834,0.929175,0.672,0.483
530330000000,0.78289,0.85401,0.96336,0.919,0.662,0.414888334,0.751675834,0.929175,0.672,0.483
530330000000,0.78289,0.85401,0.96336,0.919,0.662,0.414888334,0.751675834,0.929175,0.672,0.483
530330000000,0.832803333,0.822223333,0.95497,0.842,0.624,0.351225,0.726131667,0.92244,0.69,0.4365
530330000000,0.832803333,0.822223333,0.95497,0.842,0.624,0.351225,0.726131667,0.92244,0.69,0.4365
530330000000,0.832803333,0.822223333,0.95497,0.842,0.624,0.351225,0.726131667,0.92244,0.69,0.4365
530330000000,0.832803333,0.822223333,0.95497,0.842,0.624,0.351225,0.726131667,0.92244,0.69,0.4365
530330000000,0.832803333,0.822223333,0.95497,0.842,0.624,0.351225,0.726131667,0.92244,0.69,0.4365
530330000000,0.832803333,0.822223333,0.95497,0.842,0.624,0.351225,0.726131667,0.92244,0.69,0.4365
530330000000,0.487516667,0.516013333,0.96092,0.665,0.573,0.351225,0.726131667,0.92244,0.69,0.4365
530330000000,0.81463,0.753043333,0.96089,0.833,0.601,0.351225,0.726131667,0.92244,0.69,0.4365
530330000000,0.81463,0.753043333,0.96089,0.833,0.601,0.351225,0.726131667,0.92244,0.69,0.4365
530330000000,0.81463,0.753043333,0.96089,0.833,0.601,0.351225,0.726131667,0.92244,0.69,0.4365
530330000000,0.81463,0.753043333,0.96089,0.833,0.601,0.351225,0.726131667,0.92244,0.69,0.4365
530330000000,0.81463,0.753043333,0.96089,0.833,0.601,0.351225,0.726131667,0.92244,0.69,0.4365
530330000000,0.487516667,0.516013333,0.96092,0.665,0.573,0.351225,0.726131667,0.92244,0.69,0.4365
530330000000,0.487516667,0.516013333,0.96092,0.665,0.573,0.351225,0.726131667,0.92244,0.69,0.4365
530330000000,0.34039,0.469936667,0.93836,0.738,0.523,0.351225,0.726131667,0.92244,0.69,0.4365
530330000000,0.34039,0.469936667,0.93836,0.738,0.523,0.351225,0.726131667,0.92244,0.69,0.4365
530330000000,0.34039,0.469936667,0.93836,0.738,0.523,0.351225,0.726131667,0.92244,0.69,0.4365
530330000000,0.34039,0.469936667,0.93836,0.738,0.523,0.351225,0.726131667,0.92244,0.69,0.4365
530330000000,0.832803333,0.822223333,0.95497,0.842,0.624,0.351225,0.726131667,0.92244,0.69,0.4365
530330000000,0.746053333,0.84868,0.96024,0.846,0.591,0.414888334,0.751675834,0.929175,0.672,0.483
530330000000,0.746053333,0.84868,0.96024,0.846,0.591,0.414888334,0.751675834,0.929175,0.672,0.483
530330000000,0.746053333,0.84868,0.96024,0.846,0.591,0.414888334,0.751675834,0.929175,0.672,0.483
530330000000,0.746053333,0.84868,0.96024,0.846,0.591,0.414888334,0.751675834,0.929175,0.672,0.483
530330000000,0.746053333,0.84868,0.96024,0.846,0.591,0.414888334,0.751675834,0.929175,0.672,0.483
530330000000,0.78289,0.85401,0.96336,0.919,0.662,0.414888334,0.751675834,0.929175,0.672,0.483
530330000000,0.78289,0.85401,0.96336,0.919,0.662,0.414888334,0.751675834,0.929175,0.672,0.483
530330000000,0.746053333,0.84868,0.96024,0.846,0.591,0.414888334,0.751675834,0.929175,0.672,0.483
530330000000,0.746053333,0.84868,0.96024,0.846,0.591,0.414888334,0.751675834,0.929175,0.672,0.483
530330000000,0.78289,0.85401,0.96336,0.919,0.662,0.414888334,0.751675834,0.929175,0.672,0.483
530330000000,0.746053333,0.84868,0.96024,0.846,0.591,0.414888334,0.751675834,0.929175,0.672,0.483
530330000000,0.746053333,0.84868,0.96024,0.846,0.591,0.414888334,0.751675834,0.929175,0.672,0.483
530330000000,0.746053333,0.84868,0.96024,0.846,0.591,0.414888334,0.751675834,0.929175,0.672,0.483
530330000000,0.746053333,0.84868,0.96024,0.846,0.591,0.414888334,0.751675834,0.929175,0.672,0.483
530330000000,0.746053333,0.84868,0.96024,0.846,0.591,0.414888334,0.751675834,0.929175,0.672,0.483
530330000000,0.746053333,0.84868,0.96024,0.846,0.591,0.414888334,0.751675834,0.929175,0.672,0.483
530330000000,0.746053333,0.84868,0.96024,0.846,0.591,0.414888334,0.751675834,0.929175,0.672,0.483
530330000000,0.746053333,0.84868,0.96024,0.846,0.591,0.414888334,0.751675834,0.929175,0.672,0.483
530330000000,0.34039,0.469936667,0.93836,0.738,0.523,0.364603334,0.724348334,0.91755,0.665,0.474
530330000000,0.34039,0.469936667,0.93836,0.738,0.523,0.364603334,0.724348334,0.91755,0.665,0.474
530330000000,0.34039,0.469936667,0.93836,0.738,0.523,0.364603334,0.724348334,0.91755,0.665,0.474
530330000000,0.34039,0.469936667,0.93836,0.738,0.523,0.364603334,0.724348334,0.91755,0.665,0.474
530330000000,0.34039,0.469936667,0.93836,0.738,0.523,0.364603334,0.724348334,0.91755,0.665,0.474
530330000000,0.34039,0.469936667,0.93836,0.738,0.523,0.364603334,0.724348334,0.91755,0.665,0.474
530330000000,0.34039,0.469936667,0.93836,0.738,0.523,0.351225,0.726131667,0.92244,0.69,0.4365
530330000000,0.34039,0.469936667,0.93836,0.738,0.523,0.351225,0.726131667,0.92244,0.69,0.4365
530330000000,0.34039,0.469936667,0.93836,0.738,0.523,0.351225,0.726131667,0.92244,0.69,0.4365
530330000000,0.34039,0.469936667,0.93836,0.738,0.523,0.351225,0.726131667,0.92244,0.69,0.4365
530330000000,0.34039,0.469936667,0.93836,0.738,0.523,0.351225,0.726131667,0.92244,0.69,0.4365
530330000000,0.34039,0.469936667,0.93836,0.738,0.523,0.351225,0.726131667,0.92244,0.69,0.4365
530330000000,0.34039,0.469936667,0.93836,0.738,0.523,0.351225,0.726131667,0.92244,0.69,0.4365
530330000000,0.487516667,0.516013333,0.96092,0.665,0.573,0.351225,0.726131667,0.92244,0.69,0.4365
530330000000,0.487516667,0.516013333,0.96092,0.665,0.573,0.351225,0.726131667,0.92244,0.69,0.4365
530330000000,0.34039,0.469936667,0.93836,0.738,0.523,0.351225,0.726131667,0.92244,0.69,0.4365
530330000000,0.34039,0.469936667,0.93836,0.738,0.523,0.351225,0.726131667,0.92244,0.69,0.4365
530330000000,0.34039,0.469936667,0.93836,0.738,0.523,0.351225,0.726131667,0.92244,0.69,0.4365
530330000000,0.487516667,0.516013333,0.96092,0.665,0.573,0.351225,0.726131667,0.92244,0.69,0.4365
530330000000,0.487516667,0.516013333,0.96092,0.665,0.573,0.351225,0.726131667,0.92244,0.69,0.4365
530330000000,0.487516667,0.516013333,0.96092,0.665,0.573,0.351225,0.726131667,0.92244,0.69,0.4365
530330000000,0.81463,0.753043333,0.96089,0.833,0.601,0.351225,0.726131667,0.92244,0.69,0.4365
530330000000,0.81463,0.753043333,0.96089,0.833,0.601,0.351225,0.726131667,0.92244,0.69,0.4365
530330000000,0.522623333,0.457316667,0.94325,0.752,0.469,0.351225,0.726131667,0.92244,0.69,0.4365
530330000000,0.81463,0.753043333,0.96089,0.833,0.601,0.351225,0.726131667,0.92244,0.69,0.4365
530330000000,0.522623333,0.457316667,0.94325,0.752,0.469,0.351225,0.726131667,0.92244,0.69,0.4365
530330000000,0.522623333,0.457316667,0.94325,0.752,0.469,0.351225,0.726131667,0.92244,0.69,0.4365
530330000000,0.522623333,0.457316667,0.94325,0.752,0.469,0.351225,0.726131667,0.92244,0.69,0.4365
530330000000,0.81463,0.753043333,0.96089,0.833,0.601,0.351225,0.726131667,0.92244,0.69,0.4365
530330000000,0.522623333,0.457316667,0.94325,0.752,0.469,0.351225,0.726131667,0.92244,0.69,0.4365
530330000000,0.522623333,0.457316667,0.94325,0.752,0.469,0.351225,0.726131667,0.92244,0.69,0.4365
530330000000,0.522623333,0.457316667,0.94325,0.752,0.469,0.351225,0.726131667,0.92244,0.69,0.4365
530330000000,0.522623333,0.457316667,0.94325,0.752,0.469,0.351225,0.726131667,0.92244,0.69,0.4365
530330000000,0.487516667,0.516013333,0.96092,0.665,0.573,0.351225,0.726131667,0.92244,0.69,0.4365
530330000000,0.34039,0.469936667,0.93836,0.738,0.523,0.364603334,0.724348334,0.91755,0.665,0.474
530330000000,0.34039,0.469936667,0.93836,0.738,0.523,0.364603334,0.724348334,0.91755,0.665,0.474
530330000000,0.34039,0.469936667,0.93836,0.738,0.523,0.364603334,0.724348334,0.91755,0.665,0.474
530330000000,0.34039,0.469936667,0.93836,0.738,0.523,0.364603334,0.724348334,0.91755,0.665,0.474
530330000000,0.34039,0.469936667,0.93836,0.738,0.523,0.364603334,0.724348334,0.91755,0.665,0.474
530330000000,0.34039,0.469936667,0.93836,0.738,0.523,0.364603334,0.724348334,0.91755,0.665,0.474
530330000000,0.34039,0.469936667,0.93836,0.738,0.523,0.364603334,0.724348334,0.91755,0.665,0.474
530330000000,0.34039,0.469936667,0.93836,0.738,0.523,0.364603334,0.724348334,0.91755,0.665,0.474
530330000000,0.34039,0.469936667,0.93836,0.738,0.523,0.364603334,0.724348334,0.91755,0.665,0.474
530330000000,0.34039,0.469936667,0.93836,0.738,0.523,0.364603334,0.724348334,0.91755,0.665,0.474
530330000000,0.34039,0.469936667,0.93836,0.738,0.523,0.364603334,0.724348334,0.91755,0.665,0.474
530330000000,0.34039,0.469936667,0.93836,0.738,0.523,0.351225,0.726131667,0.92244,0.69,0.4365
530330000000,0.34039,0.469936667,0.93836,0.738,0.523,0.351225,0.726131667,0.92244,0.69,0.4365
530330000000,0.34039,0.469936667,0.93836,0.738,0.523,0.351225,0.726131667,0.92244,0.69,0.4365
530330000000,0.34039,0.469936667,0.93836,0.738,0.523,0.351225,0.726131667,0.92244,0.69,0.4365
530330000000,0.34039,0.469936667,0.93836,0.738,0.523,0.351225,0.726131667,0.92244,0.69,0.4365
530330000000,0.34039,0.469936667,0.93836,0.738,0.523,0.351225,0.726131667,0.92244,0.69,0.4365
530330000000,0.34039,0.469936667,0.93836,0.738,0.523,0.351225,0.726131667,0.92244,0.69,0.4365
530330000000,0.34039,0.469936667,0.93836,0.738,0.523,0.351225,0.726131667,0.92244,0.69,0.4365
530330000000,0.482396667,0.342373333,0.95281,0.891,0.601,0.351225,0.726131667,0.92244,0.69,0.4365
530330000000,0.482396667,0.342373333,0.95281,0.891,0.601,0.351225,0.726131667,0.92244,0.69,0.4365
530330000000,0.34039,0.469936667,0.93836,0.738,0.523,0.351225,0.726131667,0.92244,0.69,0.4365
530330000000,0.34039,0.469936667,0.93836,0.738,0.523,0.351225,0.726131667,0.92244,0.69,0.4365
530330000000,0.482396667,0.342373333,0.95281,0.891,0.601,0.351225,0.726131667,0.92244,0.69,0.4365
530330000000,0.522623333,0.457316667,0.94325,0.752,0.469,0.351225,0.726131667,0.92244,0.69,0.4365
530330000000,0.858846667,0.83803,0.96136,0.845,0.592,0.351225,0.726131667,0.92244,0.69,0.4365
530330000000,0.482396667,0.342373333,0.95281,0.891,0.601,0.351225,0.726131667,0.92244,0.69,0.4365
530330000000,0.522623333,0.457316667,0.94325,0.752,0.469,0.351225,0.726131667,0.92244,0.69,0.4365
530330000000,0.444276667,0.51446,0.94521,0.806,0.533,0.351225,0.726131667,0.92244,0.69,0.4365
530330000000,0.444276667,0.51446,0.94521,0.806,0.533,0.351225,0.726131667,0.92244,0.69,0.4365
530330000000,0.444276667,0.51446,0.94521,0.806,0.533,0.351225,0.726131667,0.92244,0.69,0.4365
530330000000,0.444276667,0.51446,0.94521,0.806,0.533,0.351225,0.726131667,0.92244,0.69,0.4365
530330000000,0.444276667,0.51446,0.94521,0.806,0.533,0.351225,0.726131667,0.92244,0.69,0.4365
530330000000,0.858846667,0.83803,0.96136,0.845,0.592,0.351225,0.726131667,0.92244,0.69,0.4365
530330000000,0.858846667,0.83803,0.96136,0.845,0.592,0.351225,0.726131667,0.92244,0.69,0.4365
530330000000,0.482396667,0.342373333,0.95281,0.891,0.601,0.351225,0.726131667,0.92244,0.69,0.4365
530330000000,0.482396667,0.342373333,0.95281,0.891,0.601,0.351225,0.726131667,0.92244,0.69,0.4365
530330000000,0.34039,0.469936667,0.93836,0.738,0.523,0.351225,0.726131667,0.92244,0.69,0.4365
530330000000,0.34039,0.469936667,0.93836,0.738,0.523,0.351225,0.726131667,0.92244,0.69,0.4365
530330000000,0.34039,0.469936667,0.93836,0.738,0.523,0.351225,0.726131667,0.92244,0.69,0.4365
530330000000,0.63339,0.585993333,0.97033,0.873,0.545,0.59534,0.672391667,0.931655,0.805,0.498
530330000000,0.63339,0.585993333,0.97033,0.873,0.545,0.59534,0.672391667,0.931655,0.805,0.498
530330000000,0.6585,0.671153333,0.9642,0.882,0.617,0.59534,0.672391667,0.931655,0.805,0.498
530330000000,0.63339,0.585993333,0.97033,0.873,0.545,0.59534,0.672391667,0.931655,0.805,0.498
530330000000,0.858846667,0.83803,0.96136,0.845,0.592,0.351225,0.726131667,0.92244,0.69,0.4365
530330000000,0.63339,0.585993333,0.97033,0.873,0.545,0.59534,0.672391667,0.931655,0.805,0.498
530330000000,0.63339,0.585993333,0.97033,0.873,0.545,0.59534,0.672391667,0.931655,0.805,0.498
530330000000,0.63339,0.585993333,0.97033,0.873,0.545,0.59534,0.672391667,0.931655,0.805,0.498
530330000000,0.375683333,0.391753333,0.96242,0.744,0.49,0.61139,0.653541667,0.92697,0.723,0.434
530330000000,0.858846667,0.83803,0.96136,0.845,0.592,0.61139,0.653541667,0.92697,0.723,0.434
530330000000,0.375683333,0.391753333,0.96242,0.744,0.49,0.61139,0.653541667,0.92697,0.723,0.434
530330000000,0.858846667,0.83803,0.96136,0.845,0.592,0.61139,0.653541667,0.92697,0.723,0.434
530330000000,0.735743333,0.68413,0.95779,0.733,0.506,0.494088334,0.687678334,0.91676,0.6305,0.4675
530330000000,0.735743333,0.68413,0.95779,0.733,0.506,0.494088334,0.687678334,0.91676,0.6305,0.4675
530330000000,0.735743333,0.68413,0.95779,0.733,0.506,0.494088334,0.687678334,0.91676,0.6305,0.4675
530330000000,0.735743333,0.68413,0.95779,0.733,0.506,0.494088334,0.687678334,0.91676,0.6305,0.4675
530330000000,0.735743333,0.68413,0.95779,0.733,0.506,0.494088334,0.687678334,0.91676,0.6305,0.4675
530330000000,0.760296667,0.81971,0.95864,0.848,0.648,0.494088334,0.687678334,0.91676,0.6305,0.4675
530330000000,0.760296667,0.81971,0.95864,0.848,0.648,0.494088334,0.687678334,0.91676,0.6305,0.4675
530330000000,0.760296667,0.81971,0.95864,0.848,0.648,0.494088334,0.687678334,0.91676,0.6305,0.4675
530330000000,0.758506667,0.8064,0.95131,0.784,0.572,0.494088334,0.687678334,0.91676,0.6305,0.4675
530330000000,0.735743333,0.68413,0.95779,0.733,0.506,0.494088334,0.687678334,0.91676,0.6305,0.4675
530330000000,0.758506667,0.8064,0.95131,0.784,0.572,0.494088334,0.687678334,0.91676,0.6305,0.4675
530330000000,0.758506667,0.8064,0.95131,0.784,0.572,0.494088334,0.687678334,0.91676,0.6305,0.4675
530330000000,0.758506667,0.8064,0.95131,0.784,0.572,0.494088334,0.687678334,0.91676,0.6305,0.4675
530330000000,0.760296667,0.81971,0.95864,0.848,0.648,0.494088334,0.687678334,0.91676,0.6305,0.4675
530330000000,0.735743333,0.68413,0.95779,0.733,0.506,0.494088334,0.687678334,0.91676,0.6305,0.4675
530330000000,0.758506667,0.8064,0.95131,0.784,0.572,0.494088334,0.687678334,0.91676,0.6305,0.4675
530330000000,0.758506667,0.8064,0.95131,0.784,0.572,0.494088334,0.687678334,0.91676,0.6305,0.4675
530330000000,0.758506667,0.8064,0.95131,0.784,0.572,0.494088334,0.687678334,0.91676,0.6305,0.4675
530330000000,0.758506667,0.8064,0.95131,0.784,0.572,0.494088334,0.687678334,0.91676,0.6305,0.4675
530330000000,0.735743333,0.68413,0.95779,0.733,0.506,0.494088334,0.687678334,0.91676,0.6305,0.4675
530330000000,0.735743333,0.68413,0.95779,0.733,0.506,0.494088334,0.687678334,0.91676,0.6305,0.4675
530330000000,0.901596667,0.890326667,0.96248,0.916,0.69,0.494088334,0.687678334,0.91676,0.6305,0.4675
530330000000,0.735743333,0.68413,0.95779,0.733,0.506,0.494088334,0.687678334,0.91676,0.6305,0.4675
530330000000,0.60442,0.660776667,0.95972,0.815,0.598,0.59534,0.672391667,0.931655,0.805,0.498
530330000000,0.6585,0.671153333,0.9642,0.882,0.617,0.59534,0.672391667,0.931655,0.805,0.498
530330000000,0.60442,0.660776667,0.95972,0.815,0.598,0.59534,0.672391667,0.931655,0.805,0.498
530330000000,0.60442,0.660776667,0.95972,0.815,0.598,0.59534,0.672391667,0.931655,0.805,0.498
530330000000,0.60442,0.660776667,0.95972,0.815,0.598,0.59534,0.672391667,0.931655,0.805,0.498
530330000000,0.60442,0.660776667,0.95972,0.815,0.598,0.59534,0.672391667,0.931655,0.805,0.498
530330000000,0.60442,0.660776667,0.95972,0.815,0.598,0.59534,0.672391667,0.931655,0.805,0.498
530330000000,0.495076667,0.54377,0.95187,0.857,0.505,0.59534,0.672391667,0.931655,0.805,0.498
530330000000,0.495076667,0.54377,0.95187,0.857,0.505,0.59534,0.672391667,0.931655,0.805,0.498
530330000000,0.375683333,0.391753333,0.96242,0.744,0.49,0.61139,0.653541667,0.92697,0.723,0.434
530330000000,0.375683333,0.391753333,0.96242,0.744,0.49,0.61139,0.653541667,0.92697,0.723,0.434
530330000000,0.375683333,0.391753333,0.96242,0.744,0.49,0.61139,0.653541667,0.92697,0.723,0.434
530330000000,0.495076667,0.54377,0.95187,0.857,0.505,0.59534,0.672391667,0.931655,0.805,0.498
530330000000,0.571183333,0.342936667,0.95627,0.87,0.596,0.350426667,0.557168334,0.89113,0.7665,0.4735
530330000000,0.571183333,0.342936667,0.95627,0.87,0.596,0.350426667,0.557168334,0.89113,0.7665,0.4735
530330000000,0.495076667,0.54377,0.95187,0.857,0.505,0.59534,0.672391667,0.931655,0.805,0.498
530330000000,0.495076667,0.54377,0.95187,0.857,0.505,0.59534,0.672391667,0.931655,0.805,0.498
530330000000,0.35251,0.35645,0.95217,0.775,0.567,0.521591667,0.603123334,0.922575,0.807,0.4775
530330000000,0.35251,0.35645,0.95217,0.775,0.567,0.521591667,0.603123334,0.922575,0.807,0.4775
530330000000,0.495076667,0.54377,0.95187,0.857,0.505,0.59534,0.672391667,0.931655,0.805,0.498
530330000000,0.495076667,0.54377,0.95187,0.857,0.505,0.59534,0.672391667,0.931655,0.805,0.498
530330000000,0.60442,0.660776667,0.95972,0.815,0.598,0.59534,0.672391667,0.931655,0.805,0.498
530330000000,0.45027,0.41031,0.95596,0.85,0.539,0.59534,0.672391667,0.931655,0.805,0.498
530330000000,0.45027,0.41031,0.95596,0.85,0.539,0.59534,0.672391667,0.931655,0.805,0.498
530330000000,0.6585,0.671153333,0.9642,0.882,0.617,0.59534,0.672391667,0.931655,0.805,0.498
530330000000,0.6585,0.671153333,0.9642,0.882,0.617,0.59534,0.672391667,0.931655,0.805,0.498
530330000000,0.6585,0.671153333,0.9642,0.882,0.617,0.59534,0.672391667,0.931655,0.805,0.498
530330000000,0.6585,0.671153333,0.9642,0.882,0.617,0.59534,0.672391667,0.931655,0.805,0.498
530330000000,0.901596667,0.890326667,0.96248,0.916,0.69,0.494088334,0.687678334,0.91676,0.6305,0.4675
530330000000,0.901596667,0.890326667,0.96248,0.916,0.69,0.494088334,0.687678334,0.91676,0.6305,0.4675
530330000000,0.901596667,0.890326667,0.96248,0.916,0.69,0.494088334,0.687678334,0.91676,0.6305,0.4675
530330000000,0.901596667,0.890326667,0.96248,0.916,0.69,0.494088334,0.687678334,0.91676,0.6305,0.4675
530330000000,0.758506667,0.8064,0.95131,0.784,0.572,0.494088334,0.687678334,0.91676,0.6305,0.4675
530330000000,0.651516667,0.60606,0.95161,0.809,0.566,0.494088334,0.687678334,0.91676,0.6305,0.4675
530330000000,0.651516667,0.60606,0.95161,0.809,0.566,0.494088334,0.687678334,0.91676,0.6305,0.4675
530330000000,0.651516667,0.60606,0.95161,0.809,0.566,0.494088334,0.687678334,0.91676,0.6305,0.4675
530330000000,0.651516667,0.60606,0.95161,0.809,0.566,0.494088334,0.687678334,0.91676,0.6305,0.4675
530330000000,0.760296667,0.81971,0.95864,0.848,0.648,0.494088334,0.687678334,0.91676,0.6305,0.4675
530330000000,0.651516667,0.60606,0.95161,0.809,0.566,0.494088334,0.687678334,0.91676,0.6305,0.4675
530330000000,0.29811,0.427426667,0.95122,0.824,0.486,0.494088334,0.687678334,0.91676,0.6305,0.4675
530330000000,0.384383333,0.37824,0.94902,0.755,0.504,0.464248334,0.647579167,0.89264,0.653,0.441
530330000000,0.901596667,0.890326667,0.96248,0.916,0.69,0.494088334,0.687678334,0.91676,0.6305,0.4675
530330000000,0.56559,0.505166667,0.94177,0.809,0.661,0.464248334,0.647579167,0.89264,0.653,0.441
530330000000,0.56559,0.505166667,0.94177,0.809,0.661,0.464248334,0.647579167,0.89264,0.653,0.441
530330000000,0.29811,0.427426667,0.95122,0.824,0.486,0.494088334,0.687678334,0.91676,0.6305,0.4675
530330000000,0.29811,0.427426667,0.95122,0.824,0.486,0.494088334,0.687678334,0.91676,0.6305,0.4675
530330000000,0.735743333,0.68413,0.95779,0.733,0.506,0.494088334,0.687678334,0.91676,0.6305,0.4675
530330000000,0.61284,0.47997,0.95768,0.835,0.556,0.424175,0.626436667,0.90021,0.7645,0.494
530330000000,0.6585,0.671153333,0.9642,0.882,0.617,0.59534,0.672391667,0.931655,0.805,0.498
530330000000,0.61284,0.47997,0.95768,0.835,0.556,0.424175,0.626436667,0.90021,0.7645,0.494
530330000000,0.61284,0.47997,0.95768,0.835,0.556,0.424175,0.626436667,0.90021,0.7645,0.494
530330000000,0.614483333,0.61773,0.95511,0.882,0.578,0.350426667,0.557168334,0.89113,0.7665,0.4735
530330000000,0.61284,0.47997,0.95768,0.835,0.556,0.424175,0.626436667,0.90021,0.7645,0.494
530330000000,0.61284,0.47997,0.95768,0.835,0.556,0.424175,0.626436667,0.90021,0.7645,0.494
530330000000,0.61284,0.47997,0.95768,0.835,0.556,0.424175,0.626436667,0.90021,0.7645,0.494
530330000000,0.35251,0.35645,0.95217,0.775,0.567,0.521591667,0.603123334,0.922575,0.807,0.4775
530330000000,0.35251,0.35645,0.95217,0.775,0.567,0.521591667,0.603123334,0.922575,0.807,0.4775
530330000000,0.429603333,0.438003333,0.94797,0.782,0.555,0.350426667,0.557168334,0.89113,0.7665,0.4735
530330000000,0.35251,0.35645,0.95217,0.775,0.567,0.521591667,0.603123334,0.922575,0.807,0.4775
530330000000,0.571183333,0.342936667,0.95627,0.87,0.596,0.350426667,0.557168334,0.89113,0.7665,0.4735
530330000000,0.571183333,0.342936667,0.95627,0.87,0.596,0.350426667,0.557168334,0.89113,0.7665,0.4735
530330000000,0.571183333,0.342936667,0.95627,0.87,0.596,0.350426667,0.557168334,0.89113,0.7665,0.4735
530330000000,0.571183333,0.342936667,0.95627,0.87,0.596,0.350426667,0.557168334,0.89113,0.7665,0.4735
530330000000,0.32012,0.3415,0.95581,0.797,0.555,0.464248334,0.647579167,0.89264,0.653,0.441
530330000000,0.32012,0.3415,0.95581,0.797,0.555,0.464248334,0.647579167,0.89264,0.653,0.441
530330000000,0.32012,0.3415,0.95581,0.797,0.555,0.464248334,0.647579167,0.89264,0.653,0.441
530330000000,0.32012,0.3415,0.95581,0.797,0.555,0.464248334,0.647579167,0.89264,0.653,0.441
530330000000,0.32321,0.3545,0.95198,0.832,0.57,0.464248334,0.647579167,0.89264,0.653,0.441
530330000000,0.32321,0.3545,0.95198,0.832,0.57,0.464248334,0.647579167,0.89264,0.653,0.441
530330000000,0.32321,0.3545,0.95198,0.832,0.57,0.464248334,0.647579167,0.89264,0.653,0.441
530330000000,0.32321,0.3545,0.95198,0.832,0.57,0.464248334,0.647579167,0.89264,0.653,0.441
530330000000,0.384383333,0.37824,0.94902,0.755,0.504,0.464248334,0.647579167,0.89264,0.653,0.441
530330000000,0.384383333,0.37824,0.94902,0.755,0.504,0.464248334,0.647579167,0.89264,0.653,0.441
530330000000,0.32321,0.3545,0.95198,0.832,0.57,0.464248334,0.647579167,0.89264,0.653,0.441
530330000000,0.384383333,0.37824,0.94902,0.755,0.504,0.464248334,0.647579167,0.89264,0.653,0.441
530330000000,0.384383333,0.37824,0.94902,0.755,0.504,0.464248334,0.647579167,0.89264,0.653,0.441
530330000000,0.384383333,0.37824,0.94902,0.755,0.504,0.464248334,0.647579167,0.89264,0.653,0.441
530330000000,0.384383333,0.37824,0.94902,0.755,0.504,0.464248334,0.647579167,0.89264,0.653,0.441
530330000000,0.410233333,0.62836,0.95334,0.768,0.586,0.464248334,0.647579167,0.89264,0.653,0.441
530330000000,0.651516667,0.60606,0.95161,0.809,0.566,0.494088334,0.687678334,0.91676,0.6305,0.4675
530330000000,0.651516667,0.60606,0.95161,0.809,0.566,0.494088334,0.687678334,0.91676,0.6305,0.4675
530330000000,0.651516667,0.60606,0.95161,0.809,0.566,0.494088334,0.687678334,0.91676,0.6305,0.4675
530330000000,0.410233333,0.62836,0.95334,0.768,0.586,0.464248334,0.647579167,0.89264,0.653,0.441
530330000000,0.410233333,0.62836,0.95334,0.768,0.586,0.464248334,0.647579167,0.89264,0.653,0.441
530330000000,0.410233333,0.62836,0.95334,0.768,0.586,0.464248334,0.647579167,0.89264,0.653,0.441
530330000000,0.651516667,0.60606,0.95161,0.809,0.566,0.494088334,0.687678334,0.91676,0.6305,0.4675
530330000000,0.614483333,0.61773,0.95511,0.882,0.578,0.350426667,0.557168334,0.89113,0.7665,0.4735
530330000000,0.61284,0.47997,0.95768,0.835,0.556,0.424175,0.626436667,0.90021,0.7645,0.494
530330000000,0.614483333,0.61773,0.95511,0.882,0.578,0.350426667,0.557168334,0.89113,0.7665,0.4735
530330000000,0.68426,0.650963333,0.9498,0.728,0.655,0.350426667,0.557168334,0.89113,0.7665,0.4735
530330000000,0.311333333,0.326703333,0.93984,0.688,0.467,0.350426667,0.557168334,0.89113,0.7665,0.4735
530330000000,0.311333333,0.326703333,0.93984,0.688,0.467,0.350426667,0.557168334,0.89113,0.7665,0.4735
530330000000,0.311333333,0.326703333,0.93984,0.688,0.467,0.350426667,0.557168334,0.89113,0.7665,0.4735
530330000000,0.429603333,0.438003333,0.94797,0.782,0.555,0.350426667,0.557168334,0.89113,0.7665,0.4735
530330000000,0.429603333,0.438003333,0.94797,0.782,0.555,0.350426667,0.557168334,0.89113,0.7665,0.4735
530330000000,0.311333333,0.326703333,0.93984,0.688,0.467,0.350426667,0.557168334,0.89113,0.7665,0.4735
530330000000,0.311333333,0.326703333,0.93984,0.688,0.467,0.350426667,0.557168334,0.89113,0.7665,0.4735
530330000000,0.311333333,0.326703333,0.93984,0.688,0.467,0.350426667,0.557168334,0.89113,0.7665,0.4735
530330000000,0.68426,0.650963333,0.9498,0.728,0.655,0.350426667,0.557168334,0.89113,0.7665,0.4735
530330000000,0.68426,0.650963333,0.9498,0.728,0.655,0.350426667,0.557168334,0.89113,0.7665,0.4735
530330000000,0.68426,0.650963333,0.9498,0.728,0.655,0.350426667,0.557168334,0.89113,0.7665,0.4735
530330000000,0.410233333,0.62836,0.95334,0.768,0.586,0.464248334,0.647579167,0.89264,0.653,0.441
530330000000,0.410233333,0.62836,0.95334,0.768,0.586,0.464248334,0.647579167,0.89264,0.653,0.441
530330000000,0.410233333,0.62836,0.95334,0.768,0.586,0.464248334,0.647579167,0.89264,0.653,0.441
530330000000,0.410233333,0.62836,0.95334,0.768,0.586,0.464248334,0.647579167,0.89264,0.653,0.441
530330000000,0.410233333,0.62836,0.95334,0.768,0.586,0.464248334,0.647579167,0.89264,0.653,0.441
530330000000,0.311333333,0.326703333,0.93984,0.688,0.467,0.350426667,0.557168334,0.89113,0.7665,0.4735
530330000000,0.32012,0.3415,0.95581,0.797,0.555,0.464248334,0.647579167,0.89264,0.653,0.441
530330000000,0.32012,0.3415,0.95581,0.797,0.555,0.464248334,0.647579167,0.89264,0.653,0.441
530330000000,0.32012,0.3415,0.95581,0.797,0.555,0.464248334,0.647579167,0.89264,0.653,0.441
530340000000,0.410233333,0.62836,0.95334,0.768,0.586,0.464248334,0.647579167,0.89264,0.653,0.441
