gis_id,num_trips_area_norm,num_stops_area_norm,walk_time_LR,tran_time_LR,walkscore,bikescore,transitscore,total_bikelanes,avg_driving_time,avg_transit_time,sidewalk_availability
530000000000,0,0,117,40,37,40,52,0.007277077,23,66,0.001267552
530000000000,0.003337389,0.0000153,114,23,77,63,53,0.005389378,22,59,0.027774556
530000000000,0.030289766,0.0000875,109,25,75,59,56,0.092978115,22,58,0.253967529
530000000000,0.002737828,0.0000166,119,26,71,66,50,0.006998225,23,61,0.018216133
530000000000,0.009459609,0.0000268,106,21,88,70,57,0.003512961,21,56,0.038878683
530000000000,0.003082978,0.0000149,113,33,71,60,55,0.013990126,23,66,0.012135748
530000000000,0.001827177,0.00000915,103,34,77,70,57,0.012943232,22,64,0.02294338
530000000000,0.010747095,0.0000587,120,36,35,34,52,0.02494908,23,78,0.090946774
530000000000,0.00697276,0.0000221,117,33,65,54,50,0.019084254,22,73,0.053343979
530000000000,0.010766974,0.0000461,108,28,68,51,49,0.029790209,21,70,0.062602497
530000000000,0.000557197,0.00000272,114,36,62,51,53,0.004977405,23,70,0.006205597
530000000000,0.000985743,0.0000205,124,49,31,34,48,0.009957689,20,77,0.015699187
530000000000,0.0000212,0.00000529,131,38,67,60,51,0.001864936,22,67,0.009632536
530000000000,0.002451295,0.0000171,133,44,73,71,51,0.005866019,25,68,0.033557921
530000000000,0.002075933,0.0000121,140,42,51,50,47,0.004696748,25,70,0.015254558
530000000000,0.010107682,0.000059,135,41,41,61,50,0.033270225,24,70,0.067143209
530000000000,0.002183357,0.0000151,128,38,68,68,49,0.014432756,22,66,0.031294625
530000000000,0.0030237,0.0000141,112,34,46,59,51,0.047341648,22,63,0.040503806
530000000000,0.000570357,0.00000489,117,34,56,54,51,0.005006484,21,63,0.003345016
530000000000,0.002136184,0.000013,123,37,52,54,49,0.013970465,22,68,0.078909699
530000000000,0.000167425,0.0000186,146,55,17,20,38,0.02000235,26,83,0.031776496
530000000000,0.000247481,0.0000228,134,48,39,38,43,0.012249771,24,76,0.001399936
530000000000,0.000131995,0.0000147,133,51,27,20,40,0.033342295,24,78,0.032952659
530000000000,0.005510305,0.0000475,125,39,34,43,50,0.044844737,23,68,0.079137041
530000000000,0.01062014,0.0000593,98,30,83,62,54,0.025988939,20,69,0.077804591
530000000000,0.005868915,0.0000329,114,36,58,53,50,0.03720831,21,64,0.054641754
530000000000,0.003379613,0.0000174,106,36,57,48,56,0.018433893,20,62,0.032198356
530000000000,0.002636598,0.0000124,112,38,31,40,52,0.015572386,21,72,0.018185776
530000000000,0.003058412,0.0000138,99,29,77,61,53,0.034540746,20,65,0.030373421
530000000000,0.009264835,0.0000267,99,28,87,72,57,0.016343157,21,58,0.04436313
530000000000,0.003920538,0.0000159,94,32,80,70,57,0.01805326,23,62,0.029646191
530000000000,0.00472485,0.0000215,98,31,78,60,57,0.010151638,21,67,0.029202061
530000000000,0.000462896,0.00000468,93,32,79,66,57,0.015433975,20,66,0.025853332
530000000000,0.005250428,0.0000279,102,28,54,56,53,0.032505576,21,67,0.013997262
530000000000,0.00120205,0.00000651,95,29,40,49,42,0.016947456,21,68,0.00947802
530000000000,0.003181516,0.0000177,105,29,16,36,45,0.023337786,22,70,0.00059643
530000000000,0.001130913,0.00000628,93,29,22,52,38,0.022849012,21,73,0
530000000000,0.005259385,0.0000207,89,30,55,58,53,0.027383433,20,68,0.056028651
530000000000,0.003206126,0.0000164,83,28,48,47,48,0.028770578,19,68,0.062622515
530000000000,0.003967679,0.0000203,87,30,67,61,55,0.012978718,19,67,0.037150559
530000000000,0.00113608,0.0000078,81,34,51,48,52,0.005321881,19,67,0.011478445
530000000000,0.00433164,0.0000262,87,29,65,55,60,0.030632936,18,65,0.040513547
530000000000,0.012949529,0.0000387,85,24,84,57,62,0.057858627,19,60,0.058920052
530000000000,0.035928144,0.0000719,92,24,90,63,58,0.075406718,21,59,0.190025316
530000000000,0.011672069,0.0000206,93,26,77,65,61,0.029981949,22,60,0.070888446
530000000000,0.001777839,0.00000684,100,34,72,61,59,0.004523518,17,65,0.027179031
530000000000,0.003158803,0.0000103,90,35,83,63,61,0.012511265,19,61,0.041122925
530000000000,0.00353899,0.0000152,99,31,87,68,57,0.006420855,20,60,0.021945975
530000000000,0.002469358,0.00000933,90,27,90,70,58,0.010291519,19,54,0.094166523
530000000000,0.002927408,0.0000179,113,36,63,57,51,0.010155784,21,64,0.011305361
530000000000,0.003976389,0.0000275,112,39,69,52,55,0.029675397,22,64,0.068351404
530000000000,0.006179303,0.0000358,113,35,76,54,54,0.025232686,22,60,0.091461717
530000000000,0.000581745,0.00000749,123,46,47,29,47,0.011381077,23,70,0.014923582
530000000000,0.001922203,0.0000188,138,55,21,33,46,0.002906449,26,82,0.012886268
530000000000,0.001788525,0.0000382,134,44,26,34,42,0.011393944,26,73,0.006200331
530000000000,0.000164156,0.0000149,127,45,45,31,43,0.004711739,24,74,0.004797111
530000000000,0.001389384,0.0000202,122,46,53,44,49,0.008005131,25,70,0.081130784
530000000000,0.007905193,0.0000248,112,35,79,66,53,0.013508005,23,61,0.04381548
530000000000,0.005122679,0.0000261,93,32,89,76,55,0.031496129,19,59,0.066234574
530000000000,0.002293666,0.0000105,91,33,81,76,56,0.01816245,19,60,0.030541404
530000000000,0.001594985,0.00000725,99,34,79,71,56,0.018591418,20,61,0.013667893
530000000000,0.005200958,0.0000302,101,33,79,67,55,0.022063824,20,60,0.027910816
530000000000,0.002585309,0.0000131,102,39,83,68,56,0.011010698,21,60,0.025092001
530000000000,0.002184891,0.0000136,107,43,74,55,55,0.012141681,21,59,0.021661483
530000000000,0.000776042,0.00000361,104,35,78,66,54,0.015695685,20,60,0.014607044
530000000000,0.002444916,0.0000146,79,31,59,62,61,0.03437015,17,58,0.15669216
530000000000,0.002747729,0.0000108,79,26,83,69,55,0.008978047,17,53,0.068091177
530000000000,0.002184046,0.00000826,85,27,80,70,57,0.006213365,18,55,0.107665194
530000000000,0.018621442,0.0000654,86,20,62,69,61,0.034772158,19,59,0.067718384
530000000000,0.002241687,0.0000246,70,26,67,72,61,0.033928148,17,63,0.116093267
530000000000,0.001646726,0.00000994,74,28,50,54,59,0.015125236,18,64,0.067421332
530000000000,0.001179829,0.00000916,67,24,76,56,50,0.015713627,17,57,0.045052581
530000000000,0.000765152,0.00000616,73,24,78,57,57,0.006759236,17,63,0.010471542
530000000000,0.004176178,0.00003,67,24,67,74,56,0.021863448,17,60,0.115962102
530000000000,0.002899619,0.0000144,71,24,65,72,46,0.016539083,19,67,0.018784002
530000000000,0.001239981,0.00000949,66,32,58,55,49,0.006176293,18,65,0.013827607
530000000000,0.003242015,0.000019,58,33,60,60,50,0.009981673,18,62,0.082044396
530000000000,0.001620043,0.0000089,90,34,35,55,41,0.017938184,21,73,0.033912733
530000000000,0.004040828,0.0000194,75,26,66,67,44,0.018773654,20,69,0.050834143
530000000000,0.000828458,0.00000595,83,47,46,49,44,0.00446097,21,75,0.011206068
530000000000,0.000474959,0.00000638,70,33,23,56,45,0.034426839,21,49,0.044395774
530000000000,0.00185574,0.0000152,63,32,57,75,43,0.009551579,20,73,0.066314745
530000000000,0.002153198,0.0000286,57,24,67,80,44,0.008075022,19,63,0.070355735
530000000000,0.003691911,0.0000181,57,22,79,81,46,0.035440678,18,67,0.178508509
530000000000,0.001152638,0.00000628,50,16,64,78,50,0.022812973,17,60,0.102471848
530000000000,0.004130463,0.0000221,43,26,70,75,56,0.033405345,18,53,0.150094982
530000000000,0.000175227,0.00000177,57,23,78,70,49,0.003531111,16,56,0.047783875
530000000000,0.001280982,0.000016,48,19,77,80,57,0.018346964,16,58,0.097331813
530000000000,0.003044958,0.0000152,43,18,71,78,58,0.015547924,16,54,0.06900509
530000000000,0.002089777,0.0000134,55,22,79,74,52,0.014262063,15,58,0.074437617
530000000000,0.000964018,0.0000135,60,23,79,70,53,0.018453595,16,60,0.086627068
530000000000,0.001706194,0.0000117,63,29,67,71,51,0.007916241,16,62,0.064610438
530000000000,0.006651225,0.0000217,68,28,62,76,52,0.01603204,17,59,0.086340942
530000000000,0.001407543,0.00000557,72,23,81,83,53,0.020023425,17,55,0.079357023
530000000000,0.003225571,0.0000129,79,26,89,80,51,0.012944304,18,58,0.120513772
530000000000,0.000783374,0.00000351,78,26,91,82,51,0.005828731,18,58,0.078273786
530000000000,0.002659343,0.0000109,75,26,87,84,49,0.011983231,18,57,0.10983671
530000000000,0.004304741,0.0000179,81,27,81,77,52,0.01477043,18,57,0.12348998
530000000000,0.003972757,0.0000199,90,33,89,79,53,0.021926734,19,60,0.107921966
530000000000,0.001591072,0.00000692,86,30,91,77,50,0.021376242,19,60,0.086238026
530000000000,0.000600251,0.000005,93,27,79,79,52,0.007579929,20,44,0.051770225
530000000000,0.001693432,0.0000114,96,28,75,73,53,0.013054513,20,46,0.096159308
530000000000,0.002531753,0.00000805,105,31,85,68,54,0.011822029,22,61,0.073260939
530000000000,0.001855541,0.00000635,101,30,74,70,52,0.015940464,21,63,0.124715684
530000000000,0.002411323,0.00000817,107,29,78,68,51,0.016446123,23,63,0.141816166
530000000000,0.006209221,0.0000245,115,38,81,74,51,0.014311801,23,65,0.098282676
530000000000,0.00080594,0.0000033,120,38,76,76,48,0.019449175,24,66,0.105578579
530000000000,0.00249624,0.0000112,112,37,74,73,49,0.012792065,24,65,0.084611574
530000000000,0.0000775,0.00000815,118,41,56,68,41,0.010003314,25,69,0.08719044
530000000000,0.001823264,0.0000234,136,46,36,39,42,0.018793186,25,74,0.067946444
530000000000,0.002476278,0.0000113,110,36,76,71,43,0.042723917,24,65,0.112581253
530000000000,0.001001255,0.0000047,104,33,86,81,50,0.013278754,24,63,0.089820458
530000000000,0.003136926,0.0000117,102,34,78,82,50,0.032025014,22,64,0.057491679
530000000000,0.003079059,0.0000285,109,37,63,84,43,0.027126278,23,69,0.073458289
530000000000,0.000194491,0.0000177,109,38,70,82,47,0.017493235,24,66,0.121510697
530000000000,0.0000254,0.00000318,120,47,46,71,16,0.009450455,25,75,0.032022174
530000000000,0.000101818,0.0000104,116,42,60,74,37,0.008917701,25,70,0.064058892
530000000000,0.001337503,0.0000126,93,32,85,72,48,0.008289535,21,62,0.095340219
530000000000,0.001081407,0.00000838,86,30,84,78,52,0.025091305,19,47,0.107606975
530000000000,0.00063467,0.00000224,94,28,91,78,52,0.016178737,21,60,0.06097915
530000000000,0.000848108,0.00000386,102,34,93,82,51,0.008181397,23,63,0.042925849
530000000000,0.001767854,0.00000599,103,33,84,75,48,0.012420502,22,63,0.086159782
530000000000,0.000529516,0.00000441,80,28,76,74,53,0.023406139,18,47,0.121166998
530000000000,0.000271405,0.00000224,84,29,81,72,48,0.006311577,19,45,0.06735404
530000000000,0.000700588,0.00000365,75,27,72,72,55,0.009078616,18,48,0.048193393
530000000000,0.003145519,0.000013,73,28,85,80,47,0.015904314,17,55,0.09153753
530000000000,0.001094365,0.00000499,69,28,68,79,49,0.009396369,17,58,0.055307755
530000000000,0.002607994,0.0000119,64,26,70,80,52,0.021864573,18,58,0.062673103
530000000000,0.003094012,0.0000164,48,21,75,93,57,0.013397102,17,55,0.054359127
530000000000,0.001393617,0.0000168,55,26,90,84,55,0.011815482,16,58,0.046125841
530000000000,0.00112027,0.00000749,50,28,83,86,55,0.00704972,18,59,0.036203196
530000000000,0.018610688,0.0000715,51,24,91,90,55,0.041278034,17,57,0.126317461
530000000000,0.006637812,0.0000273,47,20,73,76,50,0.019603108,19,53,0.133343908
530000000000,0.002740483,0.0000111,42,19,61,65,53,0.009156224,18,54,0.100001109
530000000000,0.004913456,0.0000242,51,23,75,74,46,0.029709063,19,54,0.134358721
530000000000,0.002061565,0.0000104,55,25,47,64,46,0.01166847,20,53,0.078460499
530000000000,0.005360227,0.0000294,72,40,31,61,44,0.030858644,25,72,0.058584304
530000000000,0.005461377,0.0000445,59,26,40,57,46,0.006787335,21,56,0.108492627
530000000000,0.000795215,0.00000229,60,36,30,54,45,0,22,70,0.067774643
530000000000,0.001275491,0.0000037,56,40,53,50,43,0.000811089,22,71,0.06397884
530000000000,0.0000155,0.0000104,37,26,48,55,51,0.019244633,20,72,0.104408381
530000000000,0.002368325,0.0000169,39,19,62,86,55,0.009961102,20,64,0.085975643
530000000000,0.001424796,0.00000977,27,19,72,82,55,0.003598845,19,66,0.040927056
530000000000,0,0,39,31,32,34,42,0.014554673,21,75,0.064572536
530000000000,0.00185878,0.0000152,52,28,49,64,49,0.031858939,21,67,0.118834025
530000000000,0.003179368,0.0000285,43,20,67,80,54,0.04071338,21,64,0.132899002
530000000000,0.002189782,0.0000103,28,17,90,86,59,0.019108486,18,62,0.052965906
530000000000,0.004257125,0.0000189,39,18,73,73,54,0.014133271,20,57,0.08448022
530000000000,0.005729715,0.0000234,37,19,76,65,56,0.018196383,20,55,0.089184335
530000000000,0.002338206,0.0000151,24,16,94,93,68,0.005700405,19,58,0.045820416
530000000000,0.002099354,0.0000104,33,13,79,67,59,0.009601226,19,53,0.055391948
530000000000,0.001160217,0.0000122,35,17,85,73,64,0.007835241,20,57,0.031351786
530000000000,0.000103081,0.00000937,23,19,83,75,74,0.014525755,18,59,0.063831276
530000000000,0.002819891,0.0000158,22,18,93,82,73,0.020269557,19,55,0.061672836
530000000000,0.001419419,0.00000585,33,19,82,77,66,0.012051349,19,57,0.053894278
530000000000,0.003241109,0.0000139,36,17,86,94,68,0.025624821,18,55,0.046030214
530000000000,0.001173844,0.0000319,24,17,90,91,74,0.022504177,19,58,0.108501462
530000000000,0.010650534,0.0000455,29,15,97,96,74,0.025153507,17,58,0.110947507
530000000000,0.000491914,0.00000246,36,17,92,96,71,0.011056672,16,59,0.056856156
530000000000,0.001618933,0.0000134,40,24,65,80,67,0.006029594,15,57,0.055107378
530000000000,0.002342865,0.0000103,58,31,36,80,51,0.055467117,17,60,0.088387109
530000000000,0.003850834,0.0000174,46,29,73,82,55,0.020187509,17,54,0.14449531
530000000000,0.001999476,0.00000903,42,24,82,77,58,0.018987228,16,52,0.085488791
530000000000,0.002287562,0.00000986,82,30,84,84,55,0.010486349,19,46,0.072531378
530000000000,0.001308581,0.00000605,79,26,90,87,57,0.009251141,19,52,0.041204018
530000000000,0.005261031,0.0000187,90,27,95,80,54,0.018949297,21,59,0.115153963
530000000000,0.005352337,0.000018,93,28,95,78,54,0.024641139,21,55,0.094172728
530000000000,0.004291571,0.000016,67,25,73,60,56,0.002637851,17,56,0.081987484
530000000000,0,0,62,27,77,63,63,0.008802592,18,44,0.067785121
530000000000,0.001924393,0.00000753,64,23,83,81,64,0.017253622,18,47,0.053356268
530000000000,0.000648894,0.00000381,71,31,85,81,59,0.006188282,18,42,0.036009238
530000000000,0.002437343,0.0000103,56,24,69,81,58,0.011281589,16,53,0.056109401
530000000000,0.001331093,0.00000345,51,19,97,80,62,0.004388687,16,44,0.014607729
530000000000,0.003050707,0.0000196,54,21,95,76,66,0.012001722,17,43,0.053722142
530000000000,0.004946891,0.0000229,52,21,83,68,64,0.019246384,16,51,0.087513642
530000000000,0.002799951,0.0000112,53,23,76,79,61,0.008436591,16,50,0.055940938
530000000000,0.001408555,0.0000034,47,21,93,88,59,0.013976266,17,50,0.052156267
530000000000,0.001621879,0.00000732,41,23,88,79,62,0.018334754,17,48,0.081927483
530000000000,0.002287728,0.00000789,46,21,89,82,61,0.006604808,17,50,0.032067803
530000000000,0.003217836,0.0000107,37,18,95,83,63,0.013043945,17,51,0.045171027
530000000000,0.003552758,0.0000123,31,21,90,79,64,0.025347431,17,53,0.112444275
530000000000,0.002186504,0.00000819,33,18,81,74,62,0.007452941,17,53,0.053945801
530000000000,0.004412277,0.0000387,24,16,90,82,79,0.000653649,15,53,0.07081999
530000000000,0.003199429,0.0000145,20,15,93,72,79,0.014868898,16,51,0.041890928
530000000000,0.000945491,0.00000619,23,17,86,72,76,0.008183368,16,52,0.021584056
530000000000,0.002181418,0.0000155,30,14,84,82,74,0.019381771,15,52,0.052463612
530000000000,0.006186797,0.0000251,27,15,93,91,78,0.027807359,15,55,0.070837428
530000000000,0.0000185,0.00000169,20,14,92,89,77,0.002607139,18,55,0.022443407
530000000000,0.014235298,0.0000451,24,13,95,91,79,0.043290369,17,52,0.082377739
530000000000,0.02774207,0.0000521,20,12,96,84,81,0.083356944,16,52,0.124870014
530000000000,0.017456921,0.0000451,17,9,97,81,81,0.087249105,17,51,0.166807109
530000000000,0.011518508,0.0000179,15,9,97,78,82,0.022174358,18,50,0.025089963
530000000000,0.012572381,0.0000175,10,6,84,81,84,0.036411684,18,47,0.054708685
530000000000,0.011611009,0.0000238,11,11,72,83,77,0.012158103,17,49,0.022669657
530000000000,0.002668087,0.0000185,38,21,81,79,62,0.02080789,17,51,0.117903749
530000000000,0.0004063,0.00000236,37,20,79,81,58,0.01564553,17,54,0.041215696
530000000000,0.004267318,0.0000155,43,19,93,86,61,0.021608112,17,50,0.057671344
530000000000,0.002516524,0.00000834,42,22,86,79,64,0.0125476,16,50,0.068687314
530000000000,0.001239377,0.0000136,102,34,46,41,34,0.013984013,24,74,0.148974282
530000000000,0.000617878,0.00000644,108,43,22,18,31,0.005736923,23,83,0.040793856
530000000000,0.001510067,0.0000136,89,34,62,32,36,0.014412748,22,66,0.068285464
530000000000,0.001081457,0.0000101,90,36,73,44,35,0.004085596,22,69,0.054309048
530000000000,0.002605616,0.0000203,75,1,69,58,41,0.016289969,20,58,0.084669658
530000000000,0.000580405,0.00000425,124,43,9,33,33,0.023323537,26,80,0.008221725
530000000000,0.001349539,0.0000118,90,22,59,43,41,0.004070299,22,60,0.034870381
530000000000,0.001721283,0.0000179,85,25,81,50,38,0.020035624,22,62,0.101866953
530000000000,0.002252271,0.0000197,99,27,64,49,34,0.018602211,23,66,0.103044747
530000000000,0.000866286,0.00000749,105,29,54,55,44,0.012435994,23,64,0.03357598
530000000000,0.010279213,0.0000805,104,27,65,56,39,0.017135637,23,65,0.1688788
530000000000,0.010664015,0.0000733,85,6,66,55,49,0.00773525,22,63,0.222976419
530000000000,0.001142777,0.00001,89,26,62,38,45,0,22,61,0.057261582
530000000000,0.002555942,0.0000227,95,29,72,45,45,0.001416638,22,63,0.093278128
530000000000,0.001699849,0.0000138,89,9,72,80,52,0.012858356,20,61,0.038238219
530000000000,0.003438446,0.0000236,79,6,51,46,48,0.006497515,22,63,0.103883184
530000000000,0.002943829,0.00000716,59,20,79,65,57,0.010149082,19,52,0.023940399
530000000000,0.001138877,0.00000735,60,4,48,76,51,0.018188319,19,56,0.031978178
530000000000,0.004202352,0.0000238,75,25,57,67,59,0.024769114,19,60,0.042400094
530000000000,0,0,76,26,70,57,60,0.006975523,20,58,0.061397315
530000000000,0.000674987,0.00000205,69,23,68,67,64,0.001353796,19,61,0.027828978
530000000000,0.001153853,0.00000716,66,21,70,43,58,0.006150211,19,57,0.039571244
530000000000,0.004969527,0.000021,64,24,78,55,61,0.020880727,18,59,0.074509672
530000000000,0.010157645,0.0000419,44,15,77,57,64,0.027023154,16,50,0.118661174
530000000000,0.001628039,0.0000105,53,20,79,63,65,0.011830912,16,52,0.052862592
530000000000,0.006077323,0.0000223,60,21,86,51,65,0.022803017,17,58,0.117713548
530000000000,0.009967527,0.0000354,62,22,80,81,65,0.030039281,18,58,0.090745947
530000000000,0.003304104,0.0000126,32,12,67,53,73,0.014054605,16,58,0.045115429
530000000000,0.002120465,0.0000101,29,12,67,51,59,0.03307921,16,56,0.067363126
530000000000,0.003507343,0.0000135,34,14,75,62,62,0.02484383,15,57,0.060324208
530000000000,0.00290045,0.0000112,38,17,84,62,50,0.014922781,15,57,0.060900328
530000000000,0.002740937,0.00000982,24,14,62,63,57,0.023617724,17,57,0.040084193
530000000000,0.002330114,0.00000669,15,15,75,60,62,0.035421059,17,53,0.075489181
530000000000,0.003764558,0.0000155,27,21,66,36,60,0.071573318,17,55,0.123813945
530000000000,0.003487904,0.0000174,59,10,77,63,33,0.013666463,23,60,0.048459076
530000000000,0.000651328,0.00000378,50,13,71,51,38,0.007925918,21,63,0.031177312
530000000000,0.000878532,0.0000051,57,15,71,70,33,0.014521032,23,65,0.05189147
530000000000,0.001749841,0.0000102,35,19,40,56,43,0.030315277,19,64,0.058302128
530000000000,0.00484176,0.0000166,32,16,69,46,56,0.01214256,18,53,0.106672248
530000000000,0.003404541,0.000014,20,8,74,66,61,0.025212536,18,51,0.074624806
530000000000,0.007838887,0.0000355,26,14,74,65,58,0.021659925,19,46,0.140167068
530000000000,0.003376789,0.0000114,29,15,61,63,59,0.018959787,19,56,0.065067496
530000000000,0.000770079,0.00000294,12,9,90,67,75,0.004704635,17,53,0.061726659
530000000000,0.003613062,0.00002,11,9,84,64,73,0.025000242,17,52,0.101057384
530000000000,0.005858668,0.000022,33,15,68,52,71,0.023888238,16,56,0.068718768
530000000000,0.000521749,0.000002,33,15,79,60,60,0.006881311,14,57,0.011110349
530000000000,0.008666838,0.0000331,33,13,82,63,72,0.019552406,16,47,0.059729573
530000000000,0.001054498,0.00000413,29,12,89,60,81,0.003742628,15,49,0.028818269
530000000000,0.003633435,0.0000181,33,15,82,53,76,0.015765124,17,49,0.07098482
530000000000,0.002794891,0.00000953,41,14,74,54,68,0.007829523,16,50,0.033756019
530000000000,0.000804877,0.000004,46,19,92,65,64,0.007865067,17,56,0.049146711
530000000000,0.003095819,0.0000174,49,22,92,62,61,0.018353885,18,58,0.070059358
530000000000,0.001131189,0.00000908,56,20,86,55,60,0.007965957,19,56,0.03663178
530000000000,0.002809502,0.0000211,49,22,71,37,59,0.008944568,20,59,0.061180702
530000000000,0.00110915,0.00000787,45,24,73,39,60,0.008517243,19,57,0.058800815
530000000000,0.001905036,0.0000135,58,17,81,39,60,0.008069476,19,55,0.049488766
530000000000,0.00089536,0.00000365,37,18,88,44,74,0.004527822,17,49,0.026310515
530000000000,0.008832379,0.0000324,38,16,90,49,66,0.018313982,17,51,0.094634105
530000000000,0.00294761,0.00000722,31,18,95,48,79,0.007728212,17,49,0.052066038
530000000000,0.003750301,0.0000181,42,19,90,45,60,0.014542072,18,50,0.084638375
530000000000,0.002252999,0.0000137,34,16,96,62,72,0.013642785,17,48,0.027459978
530000000000,0.00259197,0.000015,39,19,92,40,65,0.003222721,18,51,0.067873248
530000000000,0.006254321,0.0000264,34,1,84,60,65,0.006033937,17,50,0.059938944
530000000000,0.014539002,0.0000251,23,8,95,78,83,0.032084017,17,49,0.099388456
530000000000,0.005004754,0.0000169,15,10,93,84,94,0.015986804,15,42,0.055048218
530000000000,0.010249128,0.0000157,11,7,98,87,100,0.011152547,15,40,0.034595327
530000000000,0.008981133,0.0000181,14,8,98,86,100,0.010723726,16,40,0.051164325
530000000000,0.000515621,0.00000504,19,8,96,67,88,0.011234001,15,50,0.047986545
530000000000,0.007110198,0.0000289,11,5,97,75,100,0.013699968,14,42,0.079697844
530000000000,0.006987151,0.0000198,15,9,97,79,94,0.011850119,16,47,0.06585443
530000000000,0.000570262,0.0000075,10,8,94,65,84,0.002368702,16,51,0.053293287
530000000000,0.002266346,0.00000564,6,6,95,73,82,0.023615191,16,46,0.051824156
530000000000,0.000514801,0.00000677,11,9,94,60,87,0.01274594,15,51,0.030228036
530000000000,0.000671467,0.00000884,8,8,96,64,86,0.004910876,15,47,0.068345192
530000000000,0.010665451,0.0000342,4,4,97,72,85,0,15,43,0.074875614
530000000000,0.00725671,0.000023,6,6,96,78,96,0.007119464,15,44,0.091714656
530000000000,0.002606859,0.0000127,9,4,98,66,100,0.001650433,14,44,0.024217357
530000000000,0.006429562,0.0000203,8,7,94,69,76,0.017788428,17,48,0.089059637
530000000000,0.004958923,0.0000297,8,9,97,81,81,0.019868194,17,48,0.089224782
530000000000,0.00262081,0.00000991,4,4,97,73,81,0.023723514,17,45,0.085649349
530000000000,0.006721261,0.0000313,9,9,99,90,87,0.016440965,17,47,0.072559867
530000000000,0.017733629,0.0000481,2,2,97,83,86,0.025116804,16,42,0.100527102
530000000000,0.003407606,0.0000153,18,11,88,70,67,0.023240304,18,49,0.099789714
530000000000,0.021191961,0.000097,15,8,87,68,67,0.024091652,18,48,0.141299949
530000000000,0.002185039,0.00000974,10,6,92,71,71,0.017596287,18,50,0.048110514
530000000000,0.00164599,0.0000087,31,12,78,70,57,0.011279116,20,55,0.076661306
530000000000,0.003979132,0.0000117,27,11,83,51,58,0.009013009,19,55,0.093392906
530000000000,0.003274397,0.0000158,27,14,82,73,61,0.015223688,19,51,0.108759464
530000000000,0.006948152,0.0000254,23,10,83,55,61,0.003977789,19,53,0.082813107
530000000000,0.001747298,0.0000139,50,24,76,53,47,0.01576254,21,61,0.049971921
530000000000,0.000682225,0.00000564,46,18,76,55,50,0.00935478,20,61,0.055029849
530000000000,0.003505414,0.0000195,39,17,86,73,54,0.008811191,20,56,0.062919174
530000000000,0.002429719,0.000013,41,21,57,55,51,0.00971073,21,59,0.077931456
530000000000,0.014716976,0.0000712,24,16,86,77,67,0.053711704,19,50,0.279008336
530000000000,0.002859863,0.0000119,19,16,86,76,71,0.022407979,18,51,0.066637031
530000000000,0.009145884,0.00005,18,14,94,85,75,0.018300857,18,52,0.152039668
530000000000,0.007750201,0.0000289,14,10,97,81,77,0.02241328,17,47,0.068445304
530000000000,0.006263338,0.0000278,12,12,94,73,72,0.026665368,18,50,0.090264536
530000000000,0.002019422,0.00000334,17,9,98,76,98,0.00156389,16,42,0.007609017
530000000000,0.015761324,0.0000142,11,7,98,82,100,0.029287174,17,41,0.053923575
530000000000,0.000412603,0.00000222,23,13,89,70,82,0.031136154,16,50,0.037660974
530000000000,0,0,18,14,98,69,100,0.031492386,16,44,0.116026331
530000000000,0,0,20,13,95,68,94,0.035428653,16,47,0.073492176
530000000000,0.001571204,0.0000159,7,7,99,70,100,0.022856702,16,39,0.056964088
530000000000,0.00027674,0.00000298,14,11,99,68,100,0.015048924,17,43,0.047758106
530000000000,0.002153705,0.00000857,6,6,99,69,100,0.008722377,15,39,0.02803596
530000000000,0.042885575,0.0000547,1,1,99,64,100,0.017626111,14,34,0.050437719
530000000000,0.000533814,0.00000452,7,7,98,60,100,0.003018095,18,38,0.017570014
530000000000,0.007289291,0.00002,5,5,98,71,100,0.013639406,15,37,0.03444811
530000000000,0.005215769,0.0000373,8,6,97,68,100,0.02203734,14,40,0.061908371
530000000000,0.001208649,0.00000448,8,7,97,63,100,0.012877687,14,43,0.018937519
530000000000,0.006987549,0.0000462,10,9,98,75,100,0.01754888,15,43,0.059789378
530000000000,0.004892056,0.0000181,9,5,97,63,100,0.004608896,15,42,0.026459963
530000000000,0.013322909,0.0000321,10,6,99,82,99,0.023908752,15,46,0.084953027
530000000000,0.007517463,0.0000338,14,10,98,84,100,0.014601302,15,46,0.0743494
530000000000,0.003290794,0.00000617,11,5,99,69,100,0.008685026,15,44,0.034381927
530000000000,0.002556606,0.0000158,8,8,98,63,100,0.008004838,14,42,0.03489114
530000000000,0.002622028,0.0000194,12,7,95,78,100,0.012076847,15,47,0.048573008
530000000000,0.017250323,0.0000798,13,8,92,61,100,0.025234915,13,45,0.100742101
530000000000,0.003858776,0.000016,19,13,96,86,85,0.018136833,17,53,0.087742844
530000000000,0.003356608,0.0000127,16,11,95,85,95,0.015557822,16,51,0.044136525
530000000000,0.001680254,0.0000105,16,12,92,79,99,0.010713897,17,48,0.052260304
530000000000,0.004473356,0.0000157,27,14,86,78,70,0.027689634,18,53,0.112158873
530000000000,0.002703803,0.0000112,27,14,87,83,71,0.00484027,19,52,0.073093154
530000000000,0.001982959,0.0000125,22,14,87,81,76,0.023083377,19,51,0.104473072
530000000000,0.004262204,0.0000223,35,13,86,82,60,0.019855593,19,54,0.097341621
530000000000,0.00377051,0.0000223,37,14,82,86,60,0.02902728,20,54,0.083458366
530000000000,0.003063029,0.0000149,32,14,85,90,63,0.020192845,19,51,0.075770545
530000000000,0.001562663,0.0000176,35,20,63,58,50,0.015120067,21,58,0.044607614
530000000000,0.001063849,0.00000691,28,15,63,79,61,0.006476528,20,56,0.033630495
530000000000,0.006364498,0.0000283,29,15,83,87,63,0.026450848,19,51,0.069859019
530000000000,0.004303823,0.0000235,27,15,76,86,67,0.015127126,19,55,0.084579084
530000000000,0.002903835,0.000011,22,16,80,83,73,0.011321244,20,50,0.039659523
530000000000,0.006980623,0.0000292,15,10,87,75,89,0.020646,18,46,0.078518815
530000000000,0.010052703,0.0000209,6,6,95,67,100,0.028741467,13,42,0.059946028
530000000000,0.005777936,0.00000937,2,2,97,74,100,0.028979668,17,39,0.060053838
530000000000,0.006448434,0.0000152,5,5,98,57,100,0.005142772,16,38,0.021482971
530000000000,0.005105183,0.0000109,6,6,98,70,100,0.012178423,16,39,0.025380121
530000000000,0.000706772,0.00000238,9,9,73,63,96,0.009207564,15,45,0.021510934
530000000000,0.005398573,0.0000103,16,15,57,64,87,0.021824218,16,46,0.033192093
530000000000,0.002851098,0.0000141,18,7,52,45,63,0.019252704,15,43,0.036512674
530000000000,0.030499621,0.0000702,13,5,59,64,82,0.04164803,18,49,0.14103575
530000000000,0.004198218,0.0000101,24,7,66,76,75,0.015437395,17,45,0.038428525
530000000000,0.002005176,0.00000326,11,8,83,72,75,0.015451815,18,49,0.061569541
530000000000,0.011140942,0.0000257,8,3,78,79,77,0.043170607,17,46,0.138291191
530000000000,0.00706608,0.0000163,17,10,63,60,85,0.037539456,19,50,0.072759366
530000000000,0.001217003,0.00000871,22,21,48,52,62,0.013738219,21,60,0.038850656
530000000000,0.00451396,0.0000132,15,11,69,78,66,0.017411023,18,51,0.058143738
530000000000,0.000492192,0.00000289,14,8,65,57,61,0.011512105,20,53,0.040721105
530000000000,0.006205768,0.0000222,6,6,81,73,70,0.014750309,19,47,0.064171964
530000000000,0.000647506,0.0000118,32,57,41,40,43,0.010042025,20,73,0.06969021
530000000000,0.004163959,0.0000309,37,39,89,61,42,0.019459797,19,63,0.085088604
530000000000,0.000677309,0.00000535,43,48,63,58,40,0.001132443,21,70,0.068769283
530000000000,0.005502814,0.0000303,38,44,54,62,39,0.000850014,21,67,0.126959117
530000000000,0.003127309,0.0000574,35,42,52,60,39,0.057109028,21,68,0.09348508
530000000000,0.001675379,0.0000141,63,62,69,45,34,0.010307798,21,72,0.059199704
530000000000,0.0060148,0.0000507,68,68,67,65,34,0.018556766,22,72,0.111316621
530000000000,0.0000928,0.0000232,71,111,58,58,34,0.015692063,23,75,0.041029537
530000000000,0.0000645,0.0000149,94,38,36,16,30,0.008593647,22,69,0.033912649
530000000000,0.001988036,0.0000286,52,42,74,50,39,0.032969175,21,66,0.133190617
530000000000,0.0000396,0.0000099,62,30,74,48,47,0.015635713,20,63,0.079129934
530000000000,0.000136199,0.0000303,85,28,74,38,48,0.015275795,20,61,0.096010133
530000000000,0.000120795,0.0000264,66,37,48,33,40,0.008767724,21,68,0.120551832
530000000000,0.000852137,0.0000136,55,51,54,34,38,0.005501272,21,74,0.056298735
530000000000,0.002836664,0.0000225,39,40,87,59,41,0.017238984,18,63,0.084599203
530000000000,0,0,45,26,69,57,49,0.003813126,19,61,0.035240846
530000000000,0,0,68,21,75,49,52,0.00562716,18,56,0.040169654
530000000000,0.003245642,0.0000158,74,25,91,51,52,0.013430323,18,56,0.082166672
530000000000,0.004073771,0.0000198,49,33,85,56,45,0.03635562,19,58,0.115628333
530000000000,0.001767647,0.00000916,66,20,65,45,55,0.018020247,17,56,0.06657446
530000000000,0.003356579,0.0000165,52,16,44,54,51,0.024892234,17,50,0.070288475
530000000000,0.01557812,0.0000591,69,23,18,25,55,0.04349152,17,57,0.114824284
530000000000,0.001915889,0.0000135,44,33,7,47,36,0.022929463,17,69,0.039080366
530000000000,0.005160335,0.0000134,22,15,53,49,69,0.029014395,16,60,0.045269016
530000000000,0.006760005,0.0000323,21,10,69,73,56,0.052121743,15,51,0.076870585
530000000000,0.004005736,0.0000287,10,10,68,47,63,0.053565561,18,51,0.103171697
530000000000,0.00518214,0.0000207,6,6,76,80,69,0.016248416,15,46,0.062407786
530000000000,0.004918401,0.0000138,1,1,83,89,72,0.013894684,16,43,0.050780118
530000000000,0,0,7,7,81,80,74,0.006752052,17,47,0.0396423
530000000000,0.000837891,0.00000271,9,4,80,89,69,0.018155669,16,49,0.077985623
530000000000,0.001103935,0.000013,25,18,50,50,40,0.022736182,21,58,0.071517521
530000000000,0.002784671,0.0000235,17,15,73,57,52,0.024633529,21,58,0.101568225
530000000000,0.003020999,0.0000205,8,8,82,63,63,0.025168476,19,51,0.074341543
530000000000,0.002287583,0.00000674,14,14,86,50,63,0.006612292,20,55,0.02085503
530000000000,0.001539898,0.00000746,20,10,82,58,57,0.010482981,20,55,0.065025913
530000000000,0.000907148,0.0000108,31,12,63,47,38,0.012627048,24,61,0.059239555
530000000000,0.001620522,0.0000194,39,16,20,56,30,0.023371604,24,64,0.084829822
530000000000,0.001705034,0.00000512,24,15,78,52,49,0.022265046,21,62,0.105914007
530000000000,0.000290411,0.00000346,23,17,79,61,45,0.014074991,22,60,0.069967007
530000000000,0.00110677,0.00000349,15,14,87,50,54,0.009114163,21,59,0.096215548
530000000000,0.003818256,0.0000118,18,11,84,57,52,0.013501533,21,59,0.071957784
530000000000,0.001187177,0.00000728,16,16,85,51,54,0.021324726,20,57,0.058189843
530000000000,0.00580762,0.000028,6,6,93,59,63,0.017077291,19,50,0.109006527
530000000000,0.002004627,0.00000622,11,9,94,50,58,0.00813399,20,54,0.059546619
530000000000,0.002694261,0.0000153,8,8,66,40,64,0.014785773,19,53,0.048342967
530000000000,0.002852663,0.0000121,15,14,52,55,62,0.020316597,18,56,0.081184426
530000000000,0.003227072,0.0000118,20,13,59,56,55,0.01863024,19,62,0.051400484
530000000000,0.002652388,0.0000142,34,13,69,45,51,0.012566894,17,56,0.052442879
530000000000,0.006975285,0.000029,27,13,55,64,57,0.028058835,17,57,0.160263018
530000000000,0.003557449,0.0000115,25,10,44,48,54,0.027665026,18,57,0.047817881
530000000000,0.00252779,0.0000103,28,11,63,63,52,0.020208032,16,55,0.094425418
530000000000,0.004843509,0.0000231,70,18,86,52,54,0.017259442,18,52,0.058021207
530000000000,0.005900053,0.0000281,79,25,70,50,53,0.041518646,19,57,0.175520863
530000000000,0.000568367,0.0000196,88,29,68,47,50,0.010459622,22,63,0.110362207
530000000000,0.001739754,0.0000141,75,22,93,55,54,0.022129674,19,53,0.101126779
530000000000,0.009307169,0.0000698,82,24,89,50,52,0.045426323,21,56,0.185573787
530000000000,0.004299191,0.0000259,91,21,78,50,50,0.037798792,19,57,0.13126134
530000000000,0.00167629,0.0000266,88,26,83,62,51,0.051803865,20,58,0.200532175
530000000000,0.005638186,0.0000529,97,25,82,47,51,0.038900053,21,59,0.156758898
530000000000,0.001103683,0.0000149,103,30,51,40,49,0.016493101,22,64,0.080570645
530000000000,0.000211407,0.0000529,113,49,14,22,43,0.024566332,24,82,0.065769002
530000000000,0.007422918,0.0000251,94,27,78,59,50,0.020289686,21,60,0.284166686
530000000000,0.00329235,0.0000208,79,17,45,35,46,0.041754721,20,56,0.0327427
530000000000,0.000653459,0.00000485,99,30,30,38,46,0.011027283,21,62,0.042330452
530000000000,0.001762454,0.00000877,82,20,42,33,51,0.019466428,19,60,0.055153337
530000000000,0.000907011,0.00000451,85,23,60,58,50,0.01953459,19,57,0.100857437
530000000000,0.007374623,0.0000456,92,20,69,47,50,0.041248582,19,56,0.099848856
530000000000,0.001296656,0.0000111,84,28,36,44,43,0.021208698,21,60,0.038009532
530000000000,0.014309921,0.0000933,82,17,39,54,45,0.115455392,20,56,0.125899318
530000000000,0.003076836,0.0000282,67,24,33,47,42,0.037841143,18,63,0.055818384
530000000000,0.001844439,0.00000962,63,22,19,46,45,0.009117854,18,56,0.027007643
530000000000,0.001782575,0.00000945,46,11,60,60,47,0.015824815,16,47,0.034307256
530000000000,0.002548412,0.00000825,9,9,74,64,60,0.028800321,20,59,0.113219388
530000000000,0.013891116,0.0000362,9,9,83,67,63,0.028564153,20,57,0.047965055
530000000000,0.002180141,0.000012,19,14,79,69,64,0.03033693,20,66,0.054755276
530000000000,0.004319544,0.0000295,18,13,66,36,52,0.031161615,15,61,0.039516978
530000000000,0.001357679,0.00000439,17,14,64,69,55,0.011930971,19,62,0.044959593
530000000000,0.004492676,0.0000208,23,11,60,44,49,0.021426187,18,60,0.083642683
530000000000,0.003038943,0.0000122,11,11,67,55,61,0.001399778,22,60,0.057668418
530000000000,0.002854252,0.0000208,5,5,76,70,65,0.025480088,21,55,0.083156247
530000000000,0.000600847,0.00000707,11,11,74,74,63,0.025660837,20,59,0.089644754
530000000000,0.001162419,0.00000471,9,9,77,60,63,0.015187807,21,58,0.083792566
530000000000,0.001534173,0.0000181,20,20,54,44,42,0.018491048,23,48,0.057651774
530000000000,0.002261199,0.00000679,18,15,65,40,57,0.011697077,22,65,0.122387182
530000000000,0.011044578,0.0000444,14,14,77,61,60,0.014319714,22,62,0.114216371
530000000000,0.010150854,0.0000533,13,13,66,53,57,0.005758816,22,54,0.120015486
530000000000,0.000573626,0.00000459,89,24,63,63,37,0.02233995,20,60,0.073050248
530000000000,0.001605471,0.0000142,78,16,23,63,42,0.017036589,19,55,0.02870601
530000000000,0.00361739,0.0000237,79,22,66,59,40,0.016261371,19,58,0.058035375
530000000000,0.002805528,0.0000259,96,30,17,22,41,0.018808008,22,69,0.050718962
530000000000,0.005567099,0.0000315,105,31,74,51,48,0.027196337,21,59,0.12613069
530000000000,0.001799782,0.0000139,100,26,72,52,47,0.020734581,21,57,0.082491813
530000000000,0.005547163,0.0000317,93,27,53,44,47,0.036731626,21,57,0.113890701
530000000000,0.000922966,0.00000879,87,22,48,45,46,0.011385227,20,57,0.084212754
530000000000,0.000534238,0.00000497,101,21,44,46,52,0.009038422,22,60,0.041354773
530000000000,0.000956334,0.0000149,109,25,73,55,55,0.016792719,22,60,0.043965798
530000000000,0.003480317,0.0000204,96,25,51,44,51,0.013097944,20,58,0.068365892
530000000000,0.005299104,0.000024,112,25,80,52,57,0.009116806,22,58,0.052685206
530000000000,0.003626135,0.0000209,112,26,86,57,56,0.019961304,22,59,0.096319882
530000000000,0.009622745,0.0000213,121,26,80,56,56,0.010770647,23,58,0.087379856
530000000000,0.000203487,0.00000581,106,24,54,51,48,0.004464615,20,58,0.057122788
530000000000,0.004641622,0.000028,118,21,74,57,53,0.031200374,21,59,0.099103301
530000000000,0.006564707,0.0000312,106,22,52,53,45,0.02337477,20,58,0.123244241
530000000000,0.000611908,0.0000175,108,30,64,43,49,0.009322014,21,62,0.086482878
530000000000,0.001212317,0.0000346,115,28,48,49,46,0.012998136,21,63,0.096770151
530000000000,0.000208344,0.00000595,133,38,43,29,46,0.003179585,25,69,0.103966329
530000000000,0.001199,0.0000151,135,32,51,27,48,0.01956568,25,64,0.07916122
530000000000,0.004659486,0.0000159,131,30,51,38,45,0.01159963,24,63,0.057980533
530000000000,0.003025919,0.0000102,116,29,54,36,45,0.012962841,22,63,0.062013295
530000000000,0.004236154,0.0000195,4,4,72,79,62,0.030383234,19,56,0.057833092
530000000000,0.001131736,0.00000943,18,10,18,11,57,0.012704538,22,67,0.01984381
530000000000,0.001715905,0.000014,11,11,56,46,60,0.018744368,20,60,0.025414958
530000000000,0.002922373,0.000019,19,19,33,41,57,0.024220927,20,62,0.027253786
530000000000,0,0,20,20,51,46,47,0.021603706,24,67,0.053215517
530000000000,0.002234165,0.000023,26,11,65,30,46,0.010811981,21,66,0.073335358
530000000000,0.002396113,0.0000199,20,11,70,51,48,0.021589995,20,63,0.175835843
530000000000,0.010417386,0.0000345,11,7,76,66,60,0.031394589,21,58,0.081915007
530000000000,0.001489622,0.0000045,13,13,81,74,61,0.014644427,22,61,0.07753901
530000000000,0.009788824,0.0000257,16,10,75,63,58,0.018914971,26,64,0.086097981
530000000000,0.002111267,0.0000151,34,15,48,18,45,0.013050832,22,73,0.097441197
530000000000,0.001495512,0.0000113,42,18,33,8,46,0.005881506,23,75,0.043106236
530000000000,0.001744931,0.0000111,35,13,38,24,47,0.004124241,20,71,0.036584625
530000000000,0.001440696,0.0000119,39,10,11,17,35,0.001422103,20,64,0.008169285
530000000000,0.003885014,0.0000268,28,16,25,28,45,0.026112701,20,70,0.056589428
530000000000,0.000650287,0.0000147,133,29,61,41,51,0.015307331,22,63,0.084010865
530000000000,0.000364041,0.0000105,143,37,35,29,36,0.021956492,24,75,0.02796964
530000000000,0.000827828,0.0000138,141,36,45,29,46,0.012193497,24,68,0.002731715
530000000000,0.000825993,0.0000138,150,45,28,10,42,0.018323589,27,78,0.00786709
530000000000,0.001478908,0.0000256,149,44,26,16,37,0.008560981,24,80,0.032169915
530000000000,0,0,51,24,22,61.91213389,43,0.018303165,24,78,0.050203198
530000000000,0.011527885,0.00010576,94,47,38,61.91213389,34,0,20,73,0
530000000000,0.049344978,0.000436681,85,26,42,61.91213389,32,0,19,65,0
530000000000,0.020133144,0.000129266,102,33,12,7,40,0.04635528,20,66,0.079782099
530000000000,0,0,242,92,3,61.91213389,22,0,68,254,0.06876822
