neighborhood,NAME,NBH_names,NCID,socio_status,fam_friendliness,infrastructure,connectivity,elem,upper,health,health_inverse,dev,population_total,population_female_perc,population_male_perc,perc_under18,perc_19to34,perc_35to64,perc_over65,num_units,num_permits,total_value_permits,math_perc_elem,reading_perc_elem,isa_perc_elem,fam_sat_elem,stu_sat_elem,math_upper,reading_upper,isa_upper,fam_upper,stu_upper,public_health,farmers_market,parks,food_banks,occupied_housing_units,perc_owner,perc_family,avg_occupancy,num_trips_area_norm,num_stops_area_norm,walk_time_LR,tran_time_LR,walkscore,bikescore,transitscore,total_bikelanes,avg_driving_time,avg_transit_time,sidewalk_availability,pop_perc_poc,pop_perc_no_HI,median_household_income,per_capita_income,pop_perc_unemployed,education_level,median_house_value
1.1,33,100,1,0.181651411,1.230893495,-0.476235466,-1.904033067,-0.654331629,-1.952901953,1.648271217,-1.648271217,-0.286375648,6327,0.497464535,0.502535465,0.213400619,0.178271566,0.468293675,0.140034141,0,275,58781051,0.410233333,0.62836,0.95334,0.768,0.586,0.464248334,0.647579167,0.89264,0.653,0.441,2.838769746,5.668394117,0.585494547,2.461277308,2633,0.825199071,0.626180056,2.331113558,0.000862824,1.61E-05,143.4386333,38.4697294,38.6741418,24.4629353,42.48221078,0.014865266,24.23530874,72.94987927,0.030403631,0.236239815,0.045738594,90266.42001,51521.56329,0.019126974,2.516947624,411470.8647
1.2,33,100,2,0.401389497,0.518753244,0.146497616,-1.290879226,-0.598388369,-0.770827895,1.137119862,-1.137119862,-0.277748006,14649,0.541578394,0.458421606,0.182527507,0.142871784,0.52858365,0.146017059,80,820,143107309,0.605291641,0.645609117,0.953173021,0.804380425,0.58418446,0.486250118,0.677145293,0.910424284,0.636410183,0.460539118,4.249652865,2.734133201,0.452969616,2.470109691,6559,0.704920806,0.589618251,2.199747484,0.002177979,2.58E-05,113.0842005,32.14284781,51.92633104,38.27603062,46.91381512,0.019661343,22.36169339,65.5052714,0.095981076,0.187746477,0.064053504,98796.09621,56308.9038,0.024110513,2.577039699,515713.3069
1.3,33,100,3,0.498748066,0.309375887,-0.323961703,-0.498609946,-0.133277104,-0.498173073,0.305524941,-0.305524941,-0.050742393,19159,0.535312916,0.464687084,0.210158115,0.175675723,0.470356645,0.143809517,1887,1081,484191539,0.783439398,0.80847793,0.954783884,0.807731542,0.592034518,0.494088334,0.687678334,0.91676,0.6305,0.4675,5.813608677,1.1105008,0.435843799,1.103459615,8744,0.691630255,0.605402249,2.258146579,0.001673296,1.51E-05,62.85604551,29.04660836,75.35050006,49.57224797,48.00221812,0.014504619,19.23467579,60.2090609,0.07831775,0.170976049,0.044668615,88096.27033,45567.4734,0.014489831,2.668689291,444225.7812
1.4,33,100,4,0.705610384,-0.278745335,-0.382488303,-1.159496465,0.137397011,-0.08110635,1.159867928,-1.159867928,-0.27233593,11093,0.515054627,0.484945373,0.162850544,0.169461726,0.499251341,0.168436389,0,622,122985039,0.750506571,0.764758109,0.956407892,0.7876593,0.574280593,0.494088334,0.687678334,0.91676,0.6305,0.4675,6.027394452,2.308062047,0.218884347,2.513459608,5653,0.577437297,0.493916657,1.975759374,0.001544077,2.28E-05,62.88081274,58.13531439,54.63880648,44.90116612,35.39245011,0.014843853,21.45795811,70.37177633,0.062537957,0.169999858,0.05389381,102085.1361,64787.43099,0.024032523,2.733852122,608060.8518
2.1,33,100,5,0.170742385,0.031729093,0.245475269,-0.726198318,-0.417109634,-0.273834965,0.566809723,-0.566809723,-0.025635945,5054,0.471853481,0.528146519,0.142560682,0.300116171,0.483112329,0.074210818,221,443,219063844,0.744301273,0.694769634,0.958032001,0.742442699,0.515494298,0.494088334,0.687678334,0.91676,0.6305,0.4675,4.820281692,2.315729586,0.965078578,1.545677174,2610,0.600863725,0.431747803,1.914870624,0.002935401,1.60E-05,49.88731768,26.93014753,23.36575213,47.23329152,42.82129748,0.023831039,17,62.36458148,0.053637603,0.310019706,0.054024636,66778.67217,45884.71767,0.041213974,2.668553507,333179.0576
2.2,33,200,6,-1.138822176,0.991109952,0.342990155,-0.735716145,-0.71219719,-2.049629385,0.478012032,-0.478012032,-0.223850167,8093,0.4916357,0.5083643,0.260518715,0.31085755,0.368335282,0.060288453,104,385,149719349,0.470407709,0.488905168,0.949745592,0.807980475,0.559707586,0.476523992,0.664075268,0.902562549,0.643743891,0.45190164,3.70211613,2.441065468,0.497520953,2.027191752,2896,0.448169779,0.623550436,2.558623304,0.002252571,1.39E-05,88.65861694,23.13275151,43.59340777,39.9860932,47.58184805,0.024885769,19.99606829,58.80829723,0.054717451,0.59523107,0.114343738,53464.31747,27879.14486,0.080900697,2.022685074,301369.5302
2.3,33,200,7,-0.724204927,1.276141252,0.57040419,-0.662175979,-0.872834281,-0.744422112,0.258275828,-0.258275828,-0.259975881,4670,0.492231307,0.507768693,0.233804953,0.171862565,0.488851906,0.105480575,0,229,66761011,0.389429517,0.480992112,0.95259094,0.805011328,0.490173335,0.494088334,0.687678334,0.91676,0.6305,0.4675,3.813391081,3.015690553,0.543587689,1.615916191,1719,0.624834698,0.644295244,2.401343558,0.00276382,2.16E-05,80.28426828,26.23914793,35.62659576,45.46798669,42.95973057,0.03261478,20.28980116,60.28920559,0.049125848,0.544214278,0.123315799,70810.1092,33836.63077,0.059053938,2.164562779,313143.0322
2.4,33,200,8,-1.038699493,1.257153039,0.006517844,-0.727923409,-1.261579214,-2.623576022,0.3270687,-0.3270687,-0.230984793,12698,0.520737439,0.479262561,0.178860078,0.276360239,0.45459465,0.090185034,138,432,81598785,0.402252078,0.424689462,0.950145556,0.771152589,0.527729504,0.466783118,0.650985424,0.894688894,0.651088719,0.443251065,2.343139865,4.019002494,0.419227927,1.269394414,5498,0.572296689,0.571363839,2.279941608,0.00349793,1.78E-05,108.397976,23.8267492,64.10241308,51.80903808,52.0481801,0.014054864,21.12564473,58.54495027,0.071581113,0.481064363,0.132003132,62560.39593,33001.93248,0.047652816,2.051146783,302449.7651
2.5,33,200,9,-1.283505934,1.27482957,0.580863755,-0.539133139,-0.603255069,-2.678509216,0.116471452,-0.116471452,-0.252688822,7930,0.5183243,0.4816757,0.214531505,0.202326547,0.450669192,0.132472756,0,184,28804376,0.322343762,0.350855633,0.953053686,0.822188243,0.565794961,0.464248334,0.647579167,0.89264,0.653,0.441,1.453573769,4.863799421,0.46366593,0.833987495,3229,0.511820696,0.554927956,2.461035481,0.00335806,2.35E-05,95.47719723,27.07619485,48.01248978,40.18995309,45.19596119,0.022161065,21.00950185,60.55771947,0.085489683,0.549468935,0.101794329,59264.83234,28105.02151,0.016549841,1.857157456,312755.6743
3.1,33,200,10,-1.933551984,1.470538859,0.142575042,-0.450092235,-0.509003691,-3.011401064,-0.008206808,0.008206808,-0.261765738,6334,0.501620878,0.498379122,0.239603164,0.133649701,0.549688382,0.077058753,0,144,38483249,0.32012,0.3415,0.95581,0.797,0.555,0.464248334,0.647579167,0.89264,0.653,0.441,2.322294155,4.428544756,0.602345142,0.657831495,2486,0.453229434,0.515573023,2.352748095,0.002179182,1.74E-05,80.94032887,19.58511962,41.5593822,62.11271947,40.28615994,0.017726011,19.23801283,57.07587348,0.044415556,0.603417503,0.171930731,39450.21179,22954.72728,0.037457601,1.531246488,239651.8506
3.2,33,200,6,-0.49781084,-0.443669226,-0.52693356,-0.444768655,0.21057312,-0.440011579,0.507413749,-0.507413749,-0.167890652,1055,0.482744707,0.517255293,0.056511574,0.277669015,0.59714293,0.068676481,40,475,271170932,0.641409842,0.599595003,0.961759618,0.864408291,0.594168208,0.531274365,0.655191093,0.919885398,0.789841187,0.496502833,3.572180827,3.264781431,0.706051073,0.441915679,597,0.402334504,0.245117734,1.579240756,0.00180573,9.51E-06,52.36295849,15.11720843,44.6540413,54.75991654,46.25141665,0.013314455,16.74858335,50.36862508,0.031575072,0.274359139,0.158278304,44344.41398,32637.98539,0.028187016,2.233408291,311368.0288
3.3,33,300,1,-0.834635412,0.868875388,-0.358571555,0.30633443,0.545623455,0.101533586,0.017052206,-0.017052206,-0.128384188,2832,0.35201701,0.64798299,0.100732904,0.320500335,0.457130461,0.1216363,0,927,745946314,0.648409855,0.636932833,0.966663265,0.878383461,0.588067684,0.59534,0.672391667,0.931655,0.805,0.498,3.168539647,3.294673006,1.081501465,1.478030393,1069,0.57540846,0.414136339,2.155357947,0.003086486,1.12E-05,16.02023341,9.20662365,56.69739695,52.4669037,74.15622252,0.018166273,15.2338247,44.03750015,0.033215752,0.602792407,0.211225679,88626.79549,39304.69934,0.045417123,2.119353598,373703.8481
3.4,33,300,2,-2.229067705,2.61146107,0.30449685,-0.026033208,0.074599442,-2.691193717,-0.469729893,0.469729893,-0.247612827,15110,0.489283374,0.510716626,0.260876091,0.210343612,0.401951794,0.126828502,170,622,61118598,0.620708982,0.546847898,0.955954347,0.840965738,0.573987153,0.390185898,0.594512305,0.896025213,0.765421759,0.484551968,3.560307965,3.12398369,0.465866024,0.928788329,4620,0.597975822,0.754788019,3.145084846,0.003054926,1.57E-05,15.24516059,11.94398786,57.68847328,51.05644717,57.81145474,0.022370936,19.28380979,61.71492479,0.042970652,0.918615397,0.198624607,50323.58875,20220.44519,0.049085758,1.404518547,298473.5972
3.5,33,401,1,-1.441970002,2.242981534,0.397641014,0.058812979,0.470685877,0.123582721,-0.473922324,0.473922324,-0.261748245,9929,0.463018081,0.536981919,0.160678415,0.273578336,0.434894409,0.130848841,0,348,67565332,0.591439751,0.595627144,0.961200503,0.863021008,0.592066039,0.59534,0.672391667,0.931655,0.805,0.498,1.827065595,1.525637999,0.384335077,0.896614129,2983,0.687867658,0.712532273,3.048496979,0.003201617,1.40E-05,22.79686964,11.72897144,59.37380298,51.75449153,56.15564355,0.019193335,17.69109816,56.38642036,0.07018325,0.861038384,0.147568169,68801.98997,28149.36372,0.055979748,1.719238418,336357.3965
3.6,33,401,2,-0.988847466,1.100994349,0.25231923,0.537995242,0.32803162,-0.170671701,-0.623471079,0.623471079,-0.146882806,14794,0.513631384,0.486368616,0.175311817,0.256166016,0.438305738,0.130216429,735,755,306228631,0.661088624,0.678581392,0.96257239,0.838419749,0.588086398,0.551493276,0.682044179,0.929999847,0.784344271,0.486953675,2.499636401,2.622073988,0.276930513,0.806122472,5815,0.530990284,0.606749666,2.442507433,0.00428352,1.32E-05,13.6513212,7.530312087,72.32126525,73.33926522,71.50732936,0.022877233,16.66379265,48.61246985,0.058971138,0.703962181,0.136280897,71319.73813,32424.36984,0.020141897,2.055987122,380960.4929
4.1,33,401,3,-1.367079175,1.817567527,0.006610317,-1.178164769,-1.367924492,-2.386414408,0.868955005,-0.868955005,-0.273628251,16837,0.49597706,0.50402294,0.224828909,0.235730448,0.419055135,0.120385509,0,466,55790269,0.478982577,0.473233518,0.944763335,0.713274124,0.554060285,0.350426667,0.557168334,0.89113,0.7665,0.4735,5.976200267,5.762944906,0.630277661,1.466998859,5886,0.609004619,0.651814027,2.776677927,0.002721587,1.49E-05,31.42874005,13.44431678,40.66897741,29.85351656,45.80072797,0.011104823,21.59065337,67.98965916,0.052613983,0.799140343,0.106406135,63556.95416,27162.9066,0.038668942,1.774883007,308369.532
4.2,33,402,1,-0.820821114,0.867826403,-0.109592782,0.272989117,-0.54716835,-0.670210215,-0.630780231,0.630780231,-0.014320283,18223,0.511791079,0.488208921,0.167993886,0.22259185,0.471368598,0.138045666,1636,976,430993831,0.412610127,0.436445407,0.955159448,0.794806383,0.520499707,0.571769969,0.642493046,0.926417491,0.779059487,0.471147829,1.227872454,1.1673052,0.356891754,0.806548933,7084,0.545853295,0.527797601,2.366350047,0.002218371,1.15E-05,14.57557386,11.55653882,78.9810361,56.04476702,56.90195912,0.015007569,20.43179782,56.14298399,0.069209913,0.651121037,0.102376752,63149.49703,35459.0269,0.053316226,2.07015089,380794.4015
4.3,33,402,2,0.065514206,0.921246922,-0.124841394,-0.494861781,-0.093205091,-0.963391774,0.217192412,-0.217192412,-0.261851147,9250,0.524630548,0.475369452,0.19510241,0.178669431,0.454200673,0.172027487,220,441,84611350,0.533597478,0.442119735,0.954097027,0.863579851,0.551058959,0.471378978,0.614072253,0.911143579,0.785513518,0.485599511,2.139963162,1.851302157,0.502634357,1.781913301,3383,0.768095162,0.625408172,2.37150839,0.001783233,1.40E-05,26.60762868,15.34867233,59.45688715,51.41632088,41.85491888,0.015905397,22.99434762,59.25352313,0.075844941,0.374506365,0.058160455,84582.43924,49857.52154,0.031199574,2.59310718,465384.73
4.4,33,402,3,0.436057341,0.486925837,-0.430915926,-0.116275963,-0.443386665,-0.27218068,0.036855002,-0.036855002,-0.067678403,6301,0.526131255,0.473868745,0.194861485,0.168389541,0.503621571,0.133127403,563,429,78366482,0.553989329,0.556446719,0.962028819,0.781272914,0.527641953,0.61139,0.653541667,0.92697,0.723,0.434,2.110306351,2.638782164,0.232230785,1.368588503,2577,0.762460846,0.571511325,2.331725503,0.002448215,9.82E-06,15.58778884,12.47502318,62.85924658,62.45650764,63.73630324,0.014005633,19.72058373,53.88690776,0.047431419,0.324112932,0.062411779,93043.64902,65435.78033,0.037997258,2.75626403,539686.6986
5.1,33,402,4,0.610729199,0.369733349,-0.563322558,-0.156728165,-0.748799921,0.038456653,0.049006639,-0.049006639,-0.062398984,10327,0.505505888,0.494494112,0.202541397,0.180620085,0.45717188,0.159666637,1200,872,246123032,0.54508652,0.534439022,0.947040682,0.787142625,0.515511027,0.351225,0.726131667,0.92244,0.69,0.4365,3.933337464,2.749486742,0.240247036,1.091819784,4231,0.671206799,0.619292675,2.351301523,0.002225036,1.39E-05,38.27982341,18.50901746,71.62226078,65.90431859,54.16493694,0.012318757,20.25491455,57.77923871,0.055371898,0.433092692,0.051691832,130046.5008,75498.77223,0.019526326,2.928953218,677506.4966
5.2,33,500,1,-1.082605925,-0.15772051,-0.039056123,1.440077509,0.448472858,-1.227739696,-1.24056606,1.24056606,0.373173596,3478,0.495445149,0.504554851,0.136690392,0.296246989,0.364893447,0.202169171,523,162,109626492,0.653678752,0.567893607,0.956700189,0.870070326,0.596905064,0.351225,0.726131667,0.92244,0.69,0.4365,3.131737735,2.239448783,0.390699163,0.399803357,1742,0.291610757,0.341392564,1.80848187,0.005125713,2.09E-05,18.18495044,12.72995752,83.81504956,78.63994336,81.72011327,0.016403302,18.90998584,47.81997168,0.060838112,0.623432953,0.122928679,45018.24686,32552.0114,0.024169394,2.105824894,318405.7717
5.3,33,500,2,-0.179841347,-0.108980843,0.169159331,0.695055338,-0.307344049,-0.601868761,-0.753102733,0.753102733,-0.083224867,19646,0.486666061,0.513333939,0.155744021,0.397435282,0.372304134,0.074516562,1272,1074,349730761,0.604535907,0.568822506,0.950808324,0.795885317,0.537061903,0.351225,0.726131667,0.92244,0.69,0.4365,3.165453152,1.686543232,0.207472818,0.638299682,8665,0.468359639,0.454834276,2.276113247,0.003967945,1.81E-05,27.57091029,13.14075662,84.64291637,76.13093213,64.47571005,0.018618919,18.98730373,52.61908555,0.091657365,0.3969799,0.114752236,80532.39274,44245.80543,0.046137027,2.601263672,438363.9845
6.1,33,500,3,-0.349212395,-1.376069312,-0.524125154,1.796489991,-1.34902454,-1.582638168,-1.650176698,1.650176698,1.016790599,15861,0.4421766,0.5578234,0.033681137,0.510253062,0.25528782,0.200777981,5113,1272,2313680354,0.372718978,0.440895832,0.941649661,0.7728317,0.540757337,0.353848709,0.725781926,0.921480991,0.685097093,0.443854361,1.464424147,1.077492141,0.209291964,0.46371818,8277,0.16244066,0.220943575,1.478438535,0.004399295,1.94E-05,10.69288142,8.015077618,96.2835322,72.71300209,98.16066269,0.012589782,15.20774651,44.10234156,0.04483825,0.401477947,0.096571243,51634.85977,44658.88041,0.047418909,2.546752418,499148.013
6.2,33,600,1,0.057952047,-1.81330054,-0.201191643,1.610860411,-1.454452845,-1.376564416,-1.48886888,1.48886888,0.175021533,22139,0.435802791,0.564197209,0.045818829,0.553488986,0.338774828,0.061917357,2302,888,1131834621,0.356087812,0.474852858,0.940767059,0.730211199,0.528334795,0.351225,0.726131667,0.92244,0.69,0.4365,1.629855791,0.532661634,0.221157965,0.488069209,14842,0.182979157,0.186370979,1.459571474,0.005778658,2.09E-05,8.383736582,6.442575488,97.16854539,75.01687356,89.91641401,0.013514588,15.6628357,45.89459252,0.064725034,0.329141942,0.097667138,56715.53859,50469.06767,0.030404455,2.761418222,408914.8665
6.3,33,600,2,1.188913671,-1.009329453,-0.257368694,0.414843696,-1.510810506,-0.399443055,-0.446618035,0.446618035,-0.194089682,4449,0.429464397,0.570535603,0.145393175,0.270937613,0.459315422,0.12435379,95,270,80986641,0.34039,0.469936667,0.93836,0.738,0.523,0.351225,0.726131667,0.92244,0.69,0.4365,2.495537101,1.540434062,0.283664167,0.96916325,2434,0.541107282,0.455145433,1.917876685,0.002676113,1.11E-05,19.40628753,11.70472866,75.38448284,64.42551657,67.27316958,0.016348898,17.90157622,54.095254,0.073345004,0.125556217,0.078592444,141541.7441,102420.701,0.045572502,3.152197487,848577.6609
6.4,33,600,3,0.88409349,-0.554325042,0.211322652,0.700483424,-0.041343026,-0.159093324,-0.720880141,0.720880141,-0.213113853,7212,0.493740425,0.506259575,0.171581959,0.280253489,0.447076278,0.101088274,163,468,117262772,0.549260728,0.560753774,0.960914337,0.696710729,0.578285121,0.351225,0.726131667,0.92244,0.69,0.4365,2.946360828,1.477668146,0.362102919,0.48231776,3287,0.56568588,0.475897913,2.159155828,0.005682039,2.45E-05,19.94099856,10.32162921,80.61001472,64.03130904,63.44376666,0.019868323,18.15948366,49.80279677,0.093442692,0.184646022,0.03098215,117220.5964,68379.11924,0.025654435,3.097824605,694927.0062
6.5,33,600,4,1.680252684,-0.667225865,-0.829301097,-0.962857391,0.569885996,0.788749542,1.26338219,-1.26338219,-0.273741706,4988,0.488804523,0.511195477,0.150131175,0.083474293,0.420119532,0.346274999,0,447,84896537,0.81463,0.753043333,0.96089,0.833,0.601,0.351225,0.726131667,0.92244,0.69,0.4365,4.962118861,3.439562733,0.340251417,2.171286949,2478,0.684275328,0.569434202,1.974375853,0.00123431,6.80E-06,50.49789654,13.94455074,67.17669795,57.52321612,36.98160946,0.013463153,21.40735622,63.20187116,0.042055177,0.117460218,0.007559705,140240.1174,122750.7364,0.029158522,3.185173494,1073364.181
7.1,33,600,5,1.063877049,-0.434894722,0.084311794,-0.038970278,0.415122451,0.114212529,0.282157045,-0.282157045,-0.200008653,9282,0.504551314,0.495448686,0.161802574,0.330890559,0.36956236,0.137744508,228,579,141253695,0.806687927,0.799063451,0.955420022,0.828612785,0.620142667,0.351225,0.726131667,0.92244,0.69,0.4365,3.925113507,2.629600215,0.223492706,1.769663495,4519,0.620354608,0.542010399,2.193308234,0.002813857,1.06E-05,26.46246715,14.37196365,68.87116518,57.12920048,60.50693582,0.028780966,16.38366978,56.1409286,0.060695931,0.200671514,0.04204993,104736.8204,68819.57818,0.014846475,3.150318163,728505.9553
7.2,33,600,6,-0.260710872,-1.331907721,0.10309693,0.92475165,0.242205741,1.497076528,-0.649388978,0.649388978,0.032746355,19162,0.526633614,0.473366386,0.048326655,0.785723267,0.135776397,0.03017368,1367,668,933155842,0.745332573,0.69326254,0.956652986,0.781440252,0.571515077,0.620018496,0.841221255,0.93704773,0.755376125,0.523393191,4.870646728,0.894530844,0.448234128,0.813705363,5186,0.152815019,0.179406717,1.466246551,0.007622072,1.93E-05,21.55473195,13.42660172,84.65511902,85.7524084,74.98714656,0.020756411,17.73190128,52.69244768,0.046796799,0.416653039,0.060072608,57931.32889,20126.92952,0.076515904,2.703502558,500777.0234
7.3,33,700,1,0.769148018,-0.118102168,-0.217787214,-0.044001056,0.930725069,2.179046549,0.233650633,-0.233650633,-0.11667386,25562,0.510511271,0.489488729,0.191749726,0.29510125,0.390980698,0.122168325,1428,1430,396817687,0.785486466,0.816959191,0.961890961,0.824400857,0.596493042,0.621576667,0.835910834,0.936555,0.7535,0.515,4.408336804,1.804144645,0.402640257,1.872300465,10117,0.652801827,0.557402228,2.401689621,0.002399764,1.40E-05,40.59175553,19.05234838,76.00771094,74.96111356,56.88739937,0.016598804,18.33437017,57.74809842,0.077419018,0.225101367,0.047392218,92618.70282,49167.08467,0.025141765,3.032617891,554011.879
7.4,33,700,2,0.90180523,0.637897895,-0.503236388,-0.926214247,1.533550276,2.055284388,1.130079434,-1.130079434,-0.261712064,15844,0.523633926,0.476366074,0.225288882,0.147151893,0.47473801,0.152821216,215,763,142596934,0.836425701,0.869218865,0.962623771,0.841265123,0.66385079,0.489334197,0.803832718,0.931090252,0.772802426,0.510928616,4.176058932,3.007394023,0.378865637,3.130532644,6302,0.823190434,0.687240233,2.435015051,0.00196043,1.20E-05,70.7371742,34.13656489,52.89939031,61.1369469,44.89090593,0.013434916,19.9757612,66.83500411,0.048958013,0.237504711,0.040122546,126160.5365,60894.08285,0.02294537,3.011015821,561616.949
7.5,33,700,3,1.24448698,0.062378272,-0.492776886,-1.20163007,0.042989364,2.969324553,1.454913091,-1.454913091,-0.265260983,10993,0.502985364,0.497014636,0.256269191,0.175515432,0.423268741,0.144946635,0,768,296401595,0.728134303,0.684793903,0.955301833,0.785124478,0.527091337,0.621576667,0.835910834,0.936555,0.7535,0.515,6.459352197,3.194998995,0.512176042,3.122565834,4222,0.684826722,0.754832773,2.668348062,0.001835422,1.20E-05,47.4881997,30.12655031,48.30052932,60.05330841,47.57680998,0.009439698,21.19532238,68.89448125,0.069167379,0.183008914,0.03529477,132418.4912,66802.29898,0.026794586,3.154539005,894072.5897
8.1,33,700,4,-0.022637802,-0.035775612,0.053133653,-0.072427775,0.737190597,0.525197491,0.267150222,-0.267150222,-0.210045213,14879,0.516901595,0.483098405,0.147988793,0.313960383,0.410124849,0.127925975,583,675,272186762,0.615142759,0.645371512,0.959730771,0.84563879,0.648092981,0.364064829,0.752782198,0.925586485,0.773971963,0.50145769,1.484653537,2.719132755,0.480243434,2.555473548,7349,0.541517095,0.456806501,2.0758248,0.004954261,2.04E-05,78.52445109,25.74830435,70.47775339,60.56460291,57.58177427,0.021301433,17.81345923,61.61223631,0.054539264,0.299589566,0.113505996,69839.47148,44975.60493,0.036231799,2.557660662,386295.54
8.2,33,800,1,-0.177372298,0.855320046,-0.535367017,-0.490698389,0.062385558,0.343464782,0.162555375,-0.162555375,-0.217727889,15535,0.51566052,0.48433948,0.182795596,0.258125226,0.4241586,0.134920578,295,428,136447103,0.653520703,0.687859344,0.951591012,0.837950622,0.599916761,0.341354136,0.738072299,0.925352789,0.779806656,0.503193344,2.927642376,1.041317265,0.401161338,1.083889377,6832,0.664781456,0.583881947,2.27421198,0.003439876,1.50E-05,102.5510055,32.91254854,68.67926981,58.93853702,54.48997947,0.01266208,21.58139459,66.82523818,0.026130324,0.417799941,0.093896083,67953.89118,35008.57094,0.042288759,2.515024213,346027.8214
8.3,33,800,2,0.356382694,0.326734076,-0.415418672,-0.961673852,0.165579173,0.763555219,0.779912706,-0.779912706,-0.235115036,13470,0.530324663,0.469675337,0.174010822,0.210427873,0.444022986,0.171538319,400,512,176172797,0.67100517,0.700581746,0.952491352,0.841819771,0.611425038,0.3413,0.738875,0.92555,0.78,0.503,3.981160435,1.525972916,0.470864715,1.498044517,6056,0.647408446,0.572798445,2.160181331,0.002842397,1.23E-05,102.6387257,29.55471172,44.8743615,51.39757628,47.17764452,0.01724704,21.49346852,66.53865273,0.017542571,0.279009351,0.062793618,87001.62114,50444.78233,0.038560723,2.712966221,502294.3182
9.1,33,900,1,0.013466607,0.149857077,-0.578503594,-1.560378645,-0.652152569,0.063854885,1.648116721,-1.648116721,-0.243448578,13857,0.443568923,0.446559505,0.116363876,0.21857621,0.377864019,0.177324323,108,438,133342774,0.42173676,0.511305145,0.950580602,0.744856661,0.600242055,0.384779151,0.731922545,0.916010322,0.692165651,0.465033468,3.298605871,5.215023465,1.153682732,3.297624298,7466.534304,0.54813292,0.451697198,1.772996776,0.00145082,1.28E-05,141.3791857,46.96183146,45.63145716,52.3764389,44.81708119,0.012460299,28.25802739,89.56807552,0.030652798,0.326827747,0.086601168,70280.16526,42858.00717,0.029244662,2.492514359,417189.7388
9.2,33,900,2,-0.320554731,-0.029925471,-0.264102169,0.293537217,0.145240917,-0.664515133,-0.330086606,0.330086606,-0.050043939,9606,0.496107032,0.503892968,0.108853294,0.423094531,0.380075704,0.08797647,536,340,158281249,0.549598515,0.619973414,0.951614187,0.881467972,0.593733461,0.37497,0.742333334,0.918895,0.697,0.468,1.046590401,2.546079912,0.480588484,1.102939877,4405,0.448033766,0.444909892,2.040362344,0.002835664,1.13E-05,87.66002128,29.89539628,81.92661572,66.89112819,58.20251683,0.011973293,18.4560321,57.10783512,0.072140997,0.382390489,0.107459737,66149.83346,40561.41889,0.042157033,2.500187373,338294.0784
9.3,33,1000,1,0.406875144,-0.04070558,-0.409867547,0.116026603,0.963327616,0.930624316,-0.154641862,0.154641862,-0.203667678,25040,0.514754878,0.485245122,0.173868716,0.279585327,0.450315829,0.096230128,701,1481,257212071,0.731789352,0.797770108,0.959413704,0.877122966,0.635730804,0.473289575,0.800834167,0.930776799,0.708797982,0.494385401,3.091013776,1.196937419,0.43432547,0.78010951,11310,0.591876854,0.520349108,2.17664267,0.002005141,9.90E-06,84.58415573,30.10516321,79.47532709,74.9331702,52.15286108,0.014682831,18.74930643,55.53342534,0.062642236,0.197015752,0.069261578,85936.28636,48289.31582,0.030930642,2.822931727,478689.3873
9.4,33,1000,2,0.569637088,-0.383971706,-0.172466288,0.116377758,0.719484242,1.728687333,0.042633871,-0.042633871,0.076513787,15613,0.499420746,0.500579254,0.140184611,0.380011236,0.376858761,0.102945393,1123,838,488059007,0.651153192,0.667935686,0.957178583,0.866083685,0.677509142,0.608849744,0.830554271,0.935258712,0.73051075,0.509394738,3.023286551,1.680926285,0.428097805,1.479728375,6949,0.55401403,0.434298825,2.192085015,0.002796475,1.46E-05,56.17872266,25.9032357,74.93420479,81.82728562,54.06443467,0.017595272,16.84187406,57.81477244,0.069768996,0.246684455,0.06974402,96766.13526,54234.14153,0.021145349,2.983447873,574545.9325
9.5,33,1100,1,-0.643887024,0.945315886,-0.179499499,-0.699334899,-0.347952384,-0.199936508,0.574961936,-0.574961936,-0.248889798,10311,0.486593801,0.513406199,0.188278431,0.264501529,0.41388882,0.13333122,51,384,127851580,0.422574847,0.411089792,0.952430692,0.770760319,0.615013669,0.371465841,0.741973413,0.91958761,0.70563811,0.471642577,1.999271131,2.726814913,0.657609407,2.570792786,4432,0.575138825,0.586136045,2.311668597,0.002762753,2.06E-05,117.6348365,39.10406983,49.70590717,47.57791611,51.20826526,0.019030441,20.93768315,68.87586523,0.030556584,0.41836401,0.142691357,69702.50793,35296.81409,0.024670523,2.157568307,359790.0369
10.1,33,1100,2,0.382586224,0.693499329,-0.563714214,-0.915758962,0.582886391,0.157702105,0.764115128,-0.764115128,-0.248915777,12014,0.504787127,0.495212873,0.17004115,0.191498119,0.486827496,0.151633234,108,590,96595932,0.667045034,0.762685967,0.957740134,0.860976541,0.591720019,0.37497,0.742333334,0.918895,0.697,0.468,3.20891663,3.288322706,0.50505676,1.533960734,5083,0.725929997,0.616155119,2.306460495,0.002564927,2.03E-05,122.2117651,43.1721157,51.58828704,41.75113428,48.3322641,0.012092973,23.64186333,69.07734116,0.033751102,0.176548738,0.076299074,94517.30146,48138.83403,0.036353399,2.674380548,534646.9842
10.2,33,1200,1,0.488914859,-0.251656887,-0.363197934,-0.138815369,0.682518311,0.701765203,0.17410883,-0.17410883,-0.14284037,12291,0.503343163,0.496656837,0.176331378,0.305726066,0.433656192,0.084286365,475,919,226883925,0.738028407,0.802923328,0.961613463,0.82397905,0.610875278,0.408015586,0.783219385,0.931701729,0.660769005,0.449163357,4.253827535,1.800293613,0.3302366,0.973011403,5600,0.549388569,0.51807526,2.131421722,0.00154405,7.17E-06,98.97242303,30.65249286,84.00544897,74.12897179,51.42401706,0.013397834,21.42950874,58.83557898,0.085609033,0.176118751,0.074042098,87516.5358,46256.07334,0.026646666,2.782909017,467832.4071
10.3,33,1200,2,0.688988718,0.317531395,-0.246352146,-1.004087699,0.633058412,1.088433191,0.927602812,-0.927602812,-0.261150693,14456,0.494991657,0.505008343,0.191251102,0.218075366,0.462646777,0.128026755,25,865,240187600,0.69824741,0.788220646,0.959708205,0.863342972,0.614380856,0.405745,0.778870834,0.9311,0.654,0.443,5.496215129,3.194438904,0.342016842,0.970739413,6581,0.712014744,0.57450368,2.269718132,0.001488466,1.21E-05,116.8100945,40.78364992,61.13175535,70.31752293,38.88113999,0.016298447,24.25449326,69.23275358,0.072371046,0.151421961,0.048156578,93832.21533,48860.96619,0.0319959,2.839196705,563035.7233
10.4,33,1200,3,0.332493808,-1.748800653,-0.516066795,0.084559187,0.201417269,1.548208033,0.366063302,-0.366063302,0.035376853,8395,0.489661771,0.510338229,0.056312952,0.625014792,0.265504005,0.053168251,835,548,498765489,0.611598095,0.700091624,0.957994562,0.88438133,0.510332299,0.428964411,0.823339892,0.937253387,0.723221048,0.506027586,5.3489008,2.008026551,0.321909813,1.870412839,4922,0.214906447,0.254189013,1.718502706,0.002537817,9.91E-06,82.94598875,27.02247189,90.49526292,84.31620596,55.89875314,0.013066287,19.54271478,52.33091716,0.062060344,0.208802123,0.082410045,65595.23246,48501.01619,0.022065603,2.648946611,484435.3244
11.1,33,1200,4,0.580942097,-1.327414766,-0.705267983,0.438620938,-0.018189058,2.187882361,-0.113086385,0.113086385,-0.101444191,16717,0.528120404,0.471879596,0.091621233,0.542671089,0.31051438,0.055193298,724,1051,594843903,0.551194841,0.639754758,0.956783478,0.887662839,0.443041571,0.491483437,0.8469073,0.93939355,0.753283429,0.538066858,4.535119915,2.329410299,0.32054043,1.34823104,8508,0.361863464,0.339062324,1.913011896,0.001932931,7.83E-06,53.56786614,22.33663011,85.42166076,78.04635496,61.14331691,0.010585531,16.80242846,47.77160101,0.046973273,0.193552536,0.084742146,82040.17326,51424.18666,0.042404834,2.937335021,497558.9474
11.2,33,1200,5,0.455122141,-0.865158783,-0.609524403,0.783988007,0.433325426,2.315439698,-0.566697603,0.566697603,-0.187861072,17117,0.463416841,0.536583159,0.121810682,0.437069065,0.370603184,0.070517069,585,814,279276528,0.600318749,0.628576574,0.957193313,0.879681385,0.619820278,0.613686667,0.862800834,0.93905,0.763,0.5575,4.765425772,1.449950138,0.359795427,0.603700241,7410,0.427524987,0.426822833,2.192401306,0.002083657,9.58E-06,34.9218033,18.82055809,86.84538882,80.79673123,67.54630697,0.012160688,16.28190362,52.32431765,0.049144507,0.244922701,0.062783311,77306.37259,44760.55587,0.036594123,2.970046333,529968.1449
11.3,33,1300,1,0.224081352,-1.896328294,-0.337480634,1.410124373,-1.24643788,-1.212447722,-1.24923937,1.24923937,5.927853113,15977,0.426529553,0.573470447,0.05024648,0.509143749,0.362719931,0.07788984,18289,2065,7889002421,0.466468902,0.560137141,0.942612871,0.764628454,0.548860325,0.359520729,0.725025846,0.919407775,0.674497829,0.459753257,1.426198514,1.70842895,0.227470648,0.936410833,10764,0.168025841,0.245839221,1.492266732,0.004347645,1.35E-05,21.67569514,11.01400976,87.79337975,71.40577733,82.81676485,0.013073567,14.94035283,48.69334915,0.045673231,0.347958767,0.094663448,80820.98141,65178.55321,0.036535044,2.877260587,459583.935
12.1,33,1300,2,1.240123031,0.410031603,-0.510186217,-1.421408601,0.737223931,1.538609505,1.495092279,-1.495092279,-0.284240865,13057,0.545017549,0.454982451,0.225288236,0.162226216,0.444314558,0.16817099,24,918,149832844,0.816952244,0.842206342,0.95830301,0.846295122,0.638116989,0.414888334,0.751675834,0.929175,0.672,0.483,6.017521979,1.324984413,0.2472569,3.622385963,5306,0.792326,0.693082594,2.522774932,0.00150305,1.31E-05,97.7803083,30.31309872,51.46106927,41.08707229,36.80500084,0.012417839,22.73961545,68.61952008,0.058121542,0.159000351,0.028940673,134838.9475,63990.694,0.02118909,2.983913396,752549.6352
12.2,33,1300,3,0.287274326,-1.075713571,-0.532840443,-0.052727842,0.866959075,0.58861159,0.431976492,-0.431976492,0.2245773,10428,0.539643884,0.460356116,0.106382573,0.42672432,0.354068173,0.112824933,731,584,632212508,0.80513152,0.846270075,0.960078409,0.871831874,0.645652202,0.414888334,0.751675834,0.929175,0.672,0.483,4.331289406,1.668121748,0.350674019,2.972884978,5314,0.361075926,0.326155989,1.819127963,0.002232531,1.16E-05,70.38766958,13.05537801,65.83946814,67.38586334,52.40454367,0.011700581,19.73827833,56.7940122,0.042352349,0.299365785,0.0913963,62125.2762,45578.3249,0.045822544,2.710271477,457591.9161
12.3,33,1400,1,0.809083271,-1.01310635,-0.596473034,0.595850884,0.809184839,0.640869614,-0.23904455,0.23904455,0.093825109,40085,0.500841839,0.499158161,0.118379748,0.395213688,0.378345717,0.108060847,3560,2202,1497853304,0.760133637,0.850717318,0.961432577,0.873903236,0.618138764,0.414888334,0.751675834,0.929175,0.672,0.483,2.739909727,2.729359632,0.258852815,2.011768883,20590,0.454598756,0.424113025,1.96871593,0.003002221,1.27E-05,48.06160821,18.08780046,81.24417285,55.45145363,66.66787552,0.010995721,17.49601879,53.59013529,0.051954688,0.222951283,0.060342788,95930.58537,63702.40992,0.023048214,2.968749799,587269.9167
13.1,33,1400,2,0.113150161,-1.190520392,-0.802003916,1.92996587,-1.765737777,-1.371166248,-1.933913385,1.933913385,0.406105439,9436,0.444981566,0.555018434,0.019801569,0.412737966,0.45948089,0.107979575,1608,431,694782524,0.34039,0.469936667,0.93836,0.738,0.523,0.364603334,0.724348334,0.91755,0.665,0.474,0.64435591,2.213276198,0.230770167,0.220640042,6244,0.355473443,0.225185124,1.424084265,0.002153966,4.44E-06,16.67064476,9.823751976,96.66044106,73.65882438,95.82399455,0.012126227,16.17639742,43.29492914,0.026546018,0.372725459,0.037925129,78324.39275,67336.65842,0.033532991,2.806693661,390577.859
13.2,33,1400,3,-0.439309313,-1.129737038,-0.218423914,2.2804981,-1.526964,-1.735294302,-2.196849051,2.196849051,1.676813781,4435,0.432943303,0.567056697,0.032887026,0.362174708,0.449515579,0.155422688,2092,1743,2027229246,0.34039,0.469936667,0.93836,0.738,0.523,0.364603334,0.724348334,0.91755,0.665,0.474,0.953628922,1.669288535,0.327414135,0.392441923,2478,0.196586805,0.256952903,1.394087388,0.015149231,2.27E-05,4.599585229,4.599585229,98.75680256,65.16761081,100,0.010261967,15.40086988,37.11319035,0.03285463,0.413296524,0.059210424,79264.93689,58102.13881,0.050429895,2.400342807,540593.8511
13.3,33,1400,4,-1.551027826,-0.74391316,-0.105476694,2.081671468,-1.097276712,-1.921906588,-1.895408412,1.895408412,0.34626252,5330,0.40983095,0.59016905,0.094631484,0.30252972,0.43179806,0.171040736,1165,260,433844343,0.368645089,0.44455537,0.941235119,0.768442435,0.538519672,0.351225,0.726131667,0.92244,0.69,0.4365,1.995262939,1.954543347,0.106895108,0.324733425,3155,0.047890739,0.245417306,1.604856626,0.006577311,1.40E-05,5.249273355,5.249273355,97.29230932,65.84733422,100,0.015171012,15.51386972,39.28930463,0.03490008,0.636941116,0.156016589,26687.65142,26806.27103,0.0341122,1.737373322,380451.6875
,33,1500,1,,,,,,,,,,,,,,,,,,,,,,,,,,,,,,,,,,,,,,,,,,,,,,,,,,,,,,,
,33,1500,2,,,,,,,,,,,,,,,,,,,,,,,,,,,,,,,,,,,,,,,,,,,,,,,,,,,,,,,
,33,1600,1,,,,,,,,,,,,,,,,,,,,,,,,,,,,,,,,,,,,,,,,,,,,,,,,,,,,,,,
,33,1600,2,,,,,,,,,,,,,,,,,,,,,,,,,,,,,,,,,,,,,,,,,,,,,,,,,,,,,,,
,33,1600,3,,,,,,,,,,,,,,,,,,,,,,,,,,,,,,,,,,,,,,,,,,,,,,,,,,,,,,,
,33,1701,1,,,,,,,,,,,,,,,,,,,,,,,,,,,,,,,,,,,,,,,,,,,,,,,,,,,,,,,
,33,1701,2,,,,,,,,,,,,,,,,,,,,,,,,,,,,,,,,,,,,,,,,,,,,,,,,,,,,,,,
,33,1701,3,,,,,,,,,,,,,,,,,,,,,,,,,,,,,,,,,,,,,,,,,,,,,,,,,,,,,,,
,33,1702,1,,,,,,,,,,,,,,,,,,,,,,,,,,,,,,,,,,,,,,,,,,,,,,,,,,,,,,,
,33,1702,2,,,,,,,,,,,,,,,,,,,,,,,,,,,,,,,,,,,,,,,,,,,,,,,,,,,,,,,
,33,1702,3,,,,,,,,,,,,,,,,,,,,,,,,,,,,,,,,,,,,,,,,,,,,,,,,,,,,,,,
,33,1702,4,,,,,,,,,,,,,,,,,,,,,,,,,,,,,,,,,,,,,,,,,,,,,,,,,,,,,,,
,33,1800,1,,,,,,,,,,,,,,,,,,,,,,,,,,,,,,,,,,,,,,,,,,,,,,,,,,,,,,,
,33,1800,2,,,,,,,,,,,,,,,,,,,,,,,,,,,,,,,,,,,,,,,,,,,,,,,,,,,,,,,
,33,1800,3,,,,,,,,,,,,,,,,,,,,,,,,,,,,,,,,,,,,,,,,,,,,,,,,,,,,,,,
,33,1900,1,,,,,,,,,,,,,,,,,,,,,,,,,,,,,,,,,,,,,,,,,,,,,,,,,,,,,,,
,33,1900,2,,,,,,,,,,,,,,,,,,,,,,,,,,,,,,,,,,,,,,,,,,,,,,,,,,,,,,,
,33,1900,3,,,,,,,,,,,,,,,,,,,,,,,,,,,,,,,,,,,,,,,,,,,,,,,,,,,,,,,
,33,2000,1,,,,,,,,,,,,,,,,,,,,,,,,,,,,,,,,,,,,,,,,,,,,,,,,,,,,,,,
,33,2000,2,,,,,,,,,,,,,,,,,,,,,,,,,,,,,,,,,,,,,,,,,,,,,,,,,,,,,,,
,33,2000,3,,,,,,,,,,,,,,,,,,,,,,,,,,,,,,,,,,,,,,,,,,,,,,,,,,,,,,,
,33,2100,1,,,,,,,,,,,,,,,,,,,,,,,,,,,,,,,,,,,,,,,,,,,,,,,,,,,,,,,
,33,2100,2,,,,,,,,,,,,,,,,,,,,,,,,,,,,,,,,,,,,,,,,,,,,,,,,,,,,,,,
,33,2100,3,,,,,,,,,,,,,,,,,,,,,,,,,,,,,,,,,,,,,,,,,,,,,,,,,,,,,,,
,33,2200,1,,,,,,,,,,,,,,,,,,,,,,,,,,,,,,,,,,,,,,,,,,,,,,,,,,,,,,,
,33,2200,2,,,,,,,,,,,,,,,,,,,,,,,,,,,,,,,,,,,,,,,,,,,,,,,,,,,,,,,
,33,2200,3,,,,,,,,,,,,,,,,,,,,,,,,,,,,,,,,,,,,,,,,,,,,,,,,,,,,,,,
,33,2200,4,,,,,,,,,,,,,,,,,,,,,,,,,,,,,,,,,,,,,,,,,,,,,,,,,,,,,,,
,33,2400,1,,,,,,,,,,,,,,,,,,,,,,,,,,,,,,,,,,,,,,,,,,,,,,,,,,,,,,,
,33,2400,2,,,,,,,,,,,,,,,,,,,,,,,,,,,,,,,,,,,,,,,,,,,,,,,,,,,,,,,
,33,2400,3,,,,,,,,,,,,,,,,,,,,,,,,,,,,,,,,,,,,,,,,,,,,,,,,,,,,,,,
,33,2500,1,,,,,,,,,,,,,,,,,,,,,,,,,,,,,,,,,,,,,,,,,,,,,,,,,,,,,,,
,33,2500,2,,,,,,,,,,,,,,,,,,,,,,,,,,,,,,,,,,,,,,,,,,,,,,,,,,,,,,,
,33,2600,1,,,,,,,,,,,,,,,,,,,,,,,,,,,,,,,,,,,,,,,,,,,,,,,,,,,,,,,
,33,2600,2,,,,,,,,,,,,,,,,,,,,,,,,,,,,,,,,,,,,,,,,,,,,,,,,,,,,,,,
,33,2600,3,,,,,,,,,,,,,,,,,,,,,,,,,,,,,,,,,,,,,,,,,,,,,,,,,,,,,,,
,33,2600,4,,,,,,,,,,,,,,,,,,,,,,,,,,,,,,,,,,,,,,,,,,,,,,,,,,,,,,,
,33,2700,1,,,,,,,,,,,,,,,,,,,,,,,,,,,,,,,,,,,,,,,,,,,,,,,,,,,,,,,
,33,2700,2,,,,,,,,,,,,,,,,,,,,,,,,,,,,,,,,,,,,,,,,,,,,,,,,,,,,,,,
,33,2700,3,,,,,,,,,,,,,,,,,,,,,,,,,,,,,,,,,,,,,,,,,,,,,,,,,,,,,,,
,33,2700,4,,,,,,,,,,,,,,,,,,,,,,,,,,,,,,,,,,,,,,,,,,,,,,,,,,,,,,,
,33,2800,1,,,,,,,,,,,,,,,,,,,,,,,,,,,,,,,,,,,,,,,,,,,,,,,,,,,,,,,
,33,2800,2,,,,,,,,,,,,,,,,,,,,,,,,,,,,,,,,,,,,,,,,,,,,,,,,,,,,,,,
,33,2800,3,,,,,,,,,,,,,,,,,,,,,,,,,,,,,,,,,,,,,,,,,,,,,,,,,,,,,,,
,33,2800,4,,,,,,,,,,,,,,,,,,,,,,,,,,,,,,,,,,,,,,,,,,,,,,,,,,,,,,,
,33,2900,1,,,,,,,,,,,,,,,,,,,,,,,,,,,,,,,,,,,,,,,,,,,,,,,,,,,,,,,
,33,2900,2,,,,,,,,,,,,,,,,,,,,,,,,,,,,,,,,,,,,,,,,,,,,,,,,,,,,,,,
,33,2900,3,,,,,,,,,,,,,,,,,,,,,,,,,,,,,,,,,,,,,,,,,,,,,,,,,,,,,,,
,33,3000,1,,,,,,,,,,,,,,,,,,,,,,,,,,,,,,,,,,,,,,,,,,,,,,,,,,,,,,,
,33,3000,2,,,,,,,,,,,,,,,,,,,,,,,,,,,,,,,,,,,,,,,,,,,,,,,,,,,,,,,
,33,3000,3,,,,,,,,,,,,,,,,,,,,,,,,,,,,,,,,,,,,,,,,,,,,,,,,,,,,,,,
,33,3000,4,,,,,,,,,,,,,,,,,,,,,,,,,,,,,,,,,,,,,,,,,,,,,,,,,,,,,,,
,33,3100,1,,,,,,,,,,,,,,,,,,,,,,,,,,,,,,,,,,,,,,,,,,,,,,,,,,,,,,,
,33,3100,2,,,,,,,,,,,,,,,,,,,,,,,,,,,,,,,,,,,,,,,,,,,,,,,,,,,,,,,
,33,3100,3,,,,,,,,,,,,,,,,,,,,,,,,,,,,,,,,,,,,,,,,,,,,,,,,,,,,,,,
,33,3100,4,,,,,,,,,,,,,,,,,,,,,,,,,,,,,,,,,,,,,,,,,,,,,,,,,,,,,,,
,33,3100,5,,,,,,,,,,,,,,,,,,,,,,,,,,,,,,,,,,,,,,,,,,,,,,,,,,,,,,,
,33,3200,1,,,,,,,,,,,,,,,,,,,,,,,,,,,,,,,,,,,,,,,,,,,,,,,,,,,,,,,
,33,3200,2,,,,,,,,,,,,,,,,,,,,,,,,,,,,,,,,,,,,,,,,,,,,,,,,,,,,,,,
,33,3200,3,,,,,,,,,,,,,,,,,,,,,,,,,,,,,,,,,,,,,,,,,,,,,,,,,,,,,,,
,33,3200,4,,,,,,,,,,,,,,,,,,,,,,,,,,,,,,,,,,,,,,,,,,,,,,,,,,,,,,,
,33,3200,5,,,,,,,,,,,,,,,,,,,,,,,,,,,,,,,,,,,,,,,,,,,,,,,,,,,,,,,
,33,3200,6,,,,,,,,,,,,,,,,,,,,,,,,,,,,,,,,,,,,,,,,,,,,,,,,,,,,,,,
,33,3200,7,,,,,,,,,,,,,,,,,,,,,,,,,,,,,,,,,,,,,,,,,,,,,,,,,,,,,,,
,33,3300,1,,,,,,,,,,,,,,,,,,,,,,,,,,,,,,,,,,,,,,,,,,,,,,,,,,,,,,,
,33,3300,2,,,,,,,,,,,,,,,,,,,,,,,,,,,,,,,,,,,,,,,,,,,,,,,,,,,,,,,
,33,3300,3,,,,,,,,,,,,,,,,,,,,,,,,,,,,,,,,,,,,,,,,,,,,,,,,,,,,,,,
,33,3300,4,,,,,,,,,,,,,,,,,,,,,,,,,,,,,,,,,,,,,,,,,,,,,,,,,,,,,,,
,33,3300,5,,,,,,,,,,,,,,,,,,,,,,,,,,,,,,,,,,,,,,,,,,,,,,,,,,,,,,,
,33,3400,1,,,,,,,,,,,,,,,,,,,,,,,,,,,,,,,,,,,,,,,,,,,,,,,,,,,,,,,
,33,3400,2,,,,,,,,,,,,,,,,,,,,,,,,,,,,,,,,,,,,,,,,,,,,,,,,,,,,,,,
,33,3400,3,,,,,,,,,,,,,,,,,,,,,,,,,,,,,,,,,,,,,,,,,,,,,,,,,,,,,,,
,33,3500,1,,,,,,,,,,,,,,,,,,,,,,,,,,,,,,,,,,,,,,,,,,,,,,,,,,,,,,,
,33,3500,2,,,,,,,,,,,,,,,,,,,,,,,,,,,,,,,,,,,,,,,,,,,,,,,,,,,,,,,
,33,3500,3,,,,,,,,,,,,,,,,,,,,,,,,,,,,,,,,,,,,,,,,,,,,,,,,,,,,,,,
,33,3600,1,,,,,,,,,,,,,,,,,,,,,,,,,,,,,,,,,,,,,,,,,,,,,,,,,,,,,,,
,33,3600,2,,,,,,,,,,,,,,,,,,,,,,,,,,,,,,,,,,,,,,,,,,,,,,,,,,,,,,,
,33,3600,3,,,,,,,,,,,,,,,,,,,,,,,,,,,,,,,,,,,,,,,,,,,,,,,,,,,,,,,
,33,3600,4,,,,,,,,,,,,,,,,,,,,,,,,,,,,,,,,,,,,,,,,,,,,,,,,,,,,,,,
,33,3800,1,,,,,,,,,,,,,,,,,,,,,,,,,,,,,,,,,,,,,,,,,,,,,,,,,,,,,,,
,33,3800,2,,,,,,,,,,,,,,,,,,,,,,,,,,,,,,,,,,,,,,,,,,,,,,,,,,,,,,,
,33,3900,1,,,,,,,,,,,,,,,,,,,,,,,,,,,,,,,,,,,,,,,,,,,,,,,,,,,,,,,
,33,3900,2,,,,,,,,,,,,,,,,,,,,,,,,,,,,,,,,,,,,,,,,,,,,,,,,,,,,,,,
,33,4000,1,,,,,,,,,,,,,,,,,,,,,,,,,,,,,,,,,,,,,,,,,,,,,,,,,,,,,,,
,33,4000,2,,,,,,,,,,,,,,,,,,,,,,,,,,,,,,,,,,,,,,,,,,,,,,,,,,,,,,,
,33,4100,1,,,,,,,,,,,,,,,,,,,,,,,,,,,,,,,,,,,,,,,,,,,,,,,,,,,,,,,
,33,4100,2,,,,,,,,,,,,,,,,,,,,,,,,,,,,,,,,,,,,,,,,,,,,,,,,,,,,,,,
,33,4100,3,,,,,,,,,,,,,,,,,,,,,,,,,,,,,,,,,,,,,,,,,,,,,,,,,,,,,,,
,33,4100,4,,,,,,,,,,,,,,,,,,,,,,,,,,,,,,,,,,,,,,,,,,,,,,,,,,,,,,,
,33,4100,5,,,,,,,,,,,,,,,,,,,,,,,,,,,,,,,,,,,,,,,,,,,,,,,,,,,,,,,
,33,4100,6,,,,,,,,,,,,,,,,,,,,,,,,,,,,,,,,,,,,,,,,,,,,,,,,,,,,,,,
,33,4200,1,,,,,,,,,,,,,,,,,,,,,,,,,,,,,,,,,,,,,,,,,,,,,,,,,,,,,,,
,33,4200,2,,,,,,,,,,,,,,,,,,,,,,,,,,,,,,,,,,,,,,,,,,,,,,,,,,,,,,,
,33,4200,3,,,,,,,,,,,,,,,,,,,,,,,,,,,,,,,,,,,,,,,,,,,,,,,,,,,,,,,
,33,4200,4,,,,,,,,,,,,,,,,,,,,,,,,,,,,,,,,,,,,,,,,,,,,,,,,,,,,,,,
,33,4200,5,,,,,,,,,,,,,,,,,,,,,,,,,,,,,,,,,,,,,,,,,,,,,,,,,,,,,,,
,33,4301,1,,,,,,,,,,,,,,,,,,,,,,,,,,,,,,,,,,,,,,,,,,,,,,,,,,,,,,,
,33,4301,2,,,,,,,,,,,,,,,,,,,,,,,,,,,,,,,,,,,,,,,,,,,,,,,,,,,,,,,
,33,4301,3,,,,,,,,,,,,,,,,,,,,,,,,,,,,,,,,,,,,,,,,,,,,,,,,,,,,,,,
,33,4302,1,,,,,,,,,,,,,,,,,,,,,,,,,,,,,,,,,,,,,,,,,,,,,,,,,,,,,,,
,33,4302,2,,,,,,,,,,,,,,,,,,,,,,,,,,,,,,,,,,,,,,,,,,,,,,,,,,,,,,,
,33,4400,1,,,,,,,,,,,,,,,,,,,,,,,,,,,,,,,,,,,,,,,,,,,,,,,,,,,,,,,
,33,4400,2,,,,,,,,,,,,,,,,,,,,,,,,,,,,,,,,,,,,,,,,,,,,,,,,,,,,,,,
,33,4400,3,,,,,,,,,,,,,,,,,,,,,,,,,,,,,,,,,,,,,,,,,,,,,,,,,,,,,,,
,33,4400,4,,,,,,,,,,,,,,,,,,,,,,,,,,,,,,,,,,,,,,,,,,,,,,,,,,,,,,,
,33,4500,1,,,,,,,,,,,,,,,,,,,,,,,,,,,,,,,,,,,,,,,,,,,,,,,,,,,,,,,
,33,4500,2,,,,,,,,,,,,,,,,,,,,,,,,,,,,,,,,,,,,,,,,,,,,,,,,,,,,,,,
,33,4600,1,,,,,,,,,,,,,,,,,,,,,,,,,,,,,,,,,,,,,,,,,,,,,,,,,,,,,,,
,33,4600,2,,,,,,,,,,,,,,,,,,,,,,,,,,,,,,,,,,,,,,,,,,,,,,,,,,,,,,,
,33,4600,3,,,,,,,,,,,,,,,,,,,,,,,,,,,,,,,,,,,,,,,,,,,,,,,,,,,,,,,
,33,4700,1,,,,,,,,,,,,,,,,,,,,,,,,,,,,,,,,,,,,,,,,,,,,,,,,,,,,,,,
,33,4700,2,,,,,,,,,,,,,,,,,,,,,,,,,,,,,,,,,,,,,,,,,,,,,,,,,,,,,,,
,33,4700,3,,,,,,,,,,,,,,,,,,,,,,,,,,,,,,,,,,,,,,,,,,,,,,,,,,,,,,,
,33,4700,4,,,,,,,,,,,,,,,,,,,,,,,,,,,,,,,,,,,,,,,,,,,,,,,,,,,,,,,
,33,4800,1,,,,,,,,,,,,,,,,,,,,,,,,,,,,,,,,,,,,,,,,,,,,,,,,,,,,,,,
,33,4800,2,,,,,,,,,,,,,,,,,,,,,,,,,,,,,,,,,,,,,,,,,,,,,,,,,,,,,,,
,33,4800,3,,,,,,,,,,,,,,,,,,,,,,,,,,,,,,,,,,,,,,,,,,,,,,,,,,,,,,,
,33,4800,4,,,,,,,,,,,,,,,,,,,,,,,,,,,,,,,,,,,,,,,,,,,,,,,,,,,,,,,
,33,4900,1,,,,,,,,,,,,,,,,,,,,,,,,,,,,,,,,,,,,,,,,,,,,,,,,,,,,,,,
,33,4900,2,,,,,,,,,,,,,,,,,,,,,,,,,,,,,,,,,,,,,,,,,,,,,,,,,,,,,,,
,33,4900,3,,,,,,,,,,,,,,,,,,,,,,,,,,,,,,,,,,,,,,,,,,,,,,,,,,,,,,,
,33,4900,4,,,,,,,,,,,,,,,,,,,,,,,,,,,,,,,,,,,,,,,,,,,,,,,,,,,,,,,
,33,4900,5,,,,,,,,,,,,,,,,,,,,,,,,,,,,,,,,,,,,,,,,,,,,,,,,,,,,,,,
,33,5000,1,,,,,,,,,,,,,,,,,,,,,,,,,,,,,,,,,,,,,,,,,,,,,,,,,,,,,,,
,33,5000,2,,,,,,,,,,,,,,,,,,,,,,,,,,,,,,,,,,,,,,,,,,,,,,,,,,,,,,,
,33,5000,3,,,,,,,,,,,,,,,,,,,,,,,,,,,,,,,,,,,,,,,,,,,,,,,,,,,,,,,
,33,5100,1,,,,,,,,,,,,,,,,,,,,,,,,,,,,,,,,,,,,,,,,,,,,,,,,,,,,,,,
,33,5100,2,,,,,,,,,,,,,,,,,,,,,,,,,,,,,,,,,,,,,,,,,,,,,,,,,,,,,,,
,33,5100,3,,,,,,,,,,,,,,,,,,,,,,,,,,,,,,,,,,,,,,,,,,,,,,,,,,,,,,,
,33,5200,1,,,,,,,,,,,,,,,,,,,,,,,,,,,,,,,,,,,,,,,,,,,,,,,,,,,,,,,
,33,5200,2,,,,,,,,,,,,,,,,,,,,,,,,,,,,,,,,,,,,,,,,,,,,,,,,,,,,,,,
,33,5200,3,,,,,,,,,,,,,,,,,,,,,,,,,,,,,,,,,,,,,,,,,,,,,,,,,,,,,,,
,33,5200,4,,,,,,,,,,,,,,,,,,,,,,,,,,,,,,,,,,,,,,,,,,,,,,,,,,,,,,,
,33,5200,5,,,,,,,,,,,,,,,,,,,,,,,,,,,,,,,,,,,,,,,,,,,,,,,,,,,,,,,
,33,5301,1,,,,,,,,,,,,,,,,,,,,,,,,,,,,,,,,,,,,,,,,,,,,,,,,,,,,,,,
,33,5301,2,,,,,,,,,,,,,,,,,,,,,,,,,,,,,,,,,,,,,,,,,,,,,,,,,,,,,,,
,33,5301,3,,,,,,,,,,,,,,,,,,,,,,,,,,,,,,,,,,,,,,,,,,,,,,,,,,,,,,,
,33,5301,4,,,,,,,,,,,,,,,,,,,,,,,,,,,,,,,,,,,,,,,,,,,,,,,,,,,,,,,
,33,5302,1,,,,,,,,,,,,,,,,,,,,,,,,,,,,,,,,,,,,,,,,,,,,,,,,,,,,,,,
,33,5302,2,,,,,,,,,,,,,,,,,,,,,,,,,,,,,,,,,,,,,,,,,,,,,,,,,,,,,,,
,33,5302,3,,,,,,,,,,,,,,,,,,,,,,,,,,,,,,,,,,,,,,,,,,,,,,,,,,,,,,,
,33,5400,1,,,,,,,,,,,,,,,,,,,,,,,,,,,,,,,,,,,,,,,,,,,,,,,,,,,,,,,
,33,5400,2,,,,,,,,,,,,,,,,,,,,,,,,,,,,,,,,,,,,,,,,,,,,,,,,,,,,,,,
,33,5400,3,,,,,,,,,,,,,,,,,,,,,,,,,,,,,,,,,,,,,,,,,,,,,,,,,,,,,,,
,33,5400,4,,,,,,,,,,,,,,,,,,,,,,,,,,,,,,,,,,,,,,,,,,,,,,,,,,,,,,,
,33,5600,1,,,,,,,,,,,,,,,,,,,,,,,,,,,,,,,,,,,,,,,,,,,,,,,,,,,,,,,
,33,5600,2,,,,,,,,,,,,,,,,,,,,,,,,,,,,,,,,,,,,,,,,,,,,,,,,,,,,,,,
,33,5600,3,,,,,,,,,,,,,,,,,,,,,,,,,,,,,,,,,,,,,,,,,,,,,,,,,,,,,,,
,33,5600,4,,,,,,,,,,,,,,,,,,,,,,,,,,,,,,,,,,,,,,,,,,,,,,,,,,,,,,,
,33,5600,5,,,,,,,,,,,,,,,,,,,,,,,,,,,,,,,,,,,,,,,,,,,,,,,,,,,,,,,
,33,5700,1,,,,,,,,,,,,,,,,,,,,,,,,,,,,,,,,,,,,,,,,,,,,,,,,,,,,,,,
,33,5700,2,,,,,,,,,,,,,,,,,,,,,,,,,,,,,,,,,,,,,,,,,,,,,,,,,,,,,,,
,33,5700,3,,,,,,,,,,,,,,,,,,,,,,,,,,,,,,,,,,,,,,,,,,,,,,,,,,,,,,,
,33,5700,4,,,,,,,,,,,,,,,,,,,,,,,,,,,,,,,,,,,,,,,,,,,,,,,,,,,,,,,
,33,5700,5,,,,,,,,,,,,,,,,,,,,,,,,,,,,,,,,,,,,,,,,,,,,,,,,,,,,,,,
,33,5700,6,,,,,,,,,,,,,,,,,,,,,,,,,,,,,,,,,,,,,,,,,,,,,,,,,,,,,,,
,33,5801,1,,,,,,,,,,,,,,,,,,,,,,,,,,,,,,,,,,,,,,,,,,,,,,,,,,,,,,,
,33,5801,2,,,,,,,,,,,,,,,,,,,,,,,,,,,,,,,,,,,,,,,,,,,,,,,,,,,,,,,
,33,5801,3,,,,,,,,,,,,,,,,,,,,,,,,,,,,,,,,,,,,,,,,,,,,,,,,,,,,,,,
,33,5801,4,,,,,,,,,,,,,,,,,,,,,,,,,,,,,,,,,,,,,,,,,,,,,,,,,,,,,,,
,33,5802,1,,,,,,,,,,,,,,,,,,,,,,,,,,,,,,,,,,,,,,,,,,,,,,,,,,,,,,,
,33,5802,2,,,,,,,,,,,,,,,,,,,,,,,,,,,,,,,,,,,,,,,,,,,,,,,,,,,,,,,
,33,5802,3,,,,,,,,,,,,,,,,,,,,,,,,,,,,,,,,,,,,,,,,,,,,,,,,,,,,,,,
,33,5900,1,,,,,,,,,,,,,,,,,,,,,,,,,,,,,,,,,,,,,,,,,,,,,,,,,,,,,,,
,33,5900,2,,,,,,,,,,,,,,,,,,,,,,,,,,,,,,,,,,,,,,,,,,,,,,,,,,,,,,,
,33,5900,3,,,,,,,,,,,,,,,,,,,,,,,,,,,,,,,,,,,,,,,,,,,,,,,,,,,,,,,
,33,5900,4,,,,,,,,,,,,,,,,,,,,,,,,,,,,,,,,,,,,,,,,,,,,,,,,,,,,,,,
,33,5900,5,,,,,,,,,,,,,,,,,,,,,,,,,,,,,,,,,,,,,,,,,,,,,,,,,,,,,,,
,33,6000,1,,,,,,,,,,,,,,,,,,,,,,,,,,,,,,,,,,,,,,,,,,,,,,,,,,,,,,,
,33,6000,2,,,,,,,,,,,,,,,,,,,,,,,,,,,,,,,,,,,,,,,,,,,,,,,,,,,,,,,
,33,6000,3,,,,,,,,,,,,,,,,,,,,,,,,,,,,,,,,,,,,,,,,,,,,,,,,,,,,,,,
,33,6000,4,,,,,,,,,,,,,,,,,,,,,,,,,,,,,,,,,,,,,,,,,,,,,,,,,,,,,,,
,33,6100,1,,,,,,,,,,,,,,,,,,,,,,,,,,,,,,,,,,,,,,,,,,,,,,,,,,,,,,,
,33,6100,2,,,,,,,,,,,,,,,,,,,,,,,,,,,,,,,,,,,,,,,,,,,,,,,,,,,,,,,
,33,6100,3,,,,,,,,,,,,,,,,,,,,,,,,,,,,,,,,,,,,,,,,,,,,,,,,,,,,,,,
,33,6100,4,,,,,,,,,,,,,,,,,,,,,,,,,,,,,,,,,,,,,,,,,,,,,,,,,,,,,,,
,33,6200,1,,,,,,,,,,,,,,,,,,,,,,,,,,,,,,,,,,,,,,,,,,,,,,,,,,,,,,,
,33,6200,2,,,,,,,,,,,,,,,,,,,,,,,,,,,,,,,,,,,,,,,,,,,,,,,,,,,,,,,
,33,6200,3,,,,,,,,,,,,,,,,,,,,,,,,,,,,,,,,,,,,,,,,,,,,,,,,,,,,,,,
,33,6300,1,,,,,,,,,,,,,,,,,,,,,,,,,,,,,,,,,,,,,,,,,,,,,,,,,,,,,,,
,33,6300,2,,,,,,,,,,,,,,,,,,,,,,,,,,,,,,,,,,,,,,,,,,,,,,,,,,,,,,,
,33,6300,3,,,,,,,,,,,,,,,,,,,,,,,,,,,,,,,,,,,,,,,,,,,,,,,,,,,,,,,
,33,6300,4,,,,,,,,,,,,,,,,,,,,,,,,,,,,,,,,,,,,,,,,,,,,,,,,,,,,,,,
,33,6400,1,,,,,,,,,,,,,,,,,,,,,,,,,,,,,,,,,,,,,,,,,,,,,,,,,,,,,,,
,33,6400,2,,,,,,,,,,,,,,,,,,,,,,,,,,,,,,,,,,,,,,,,,,,,,,,,,,,,,,,
,33,6400,3,,,,,,,,,,,,,,,,,,,,,,,,,,,,,,,,,,,,,,,,,,,,,,,,,,,,,,,
,33,6500,1,,,,,,,,,,,,,,,,,,,,,,,,,,,,,,,,,,,,,,,,,,,,,,,,,,,,,,,
,33,6500,2,,,,,,,,,,,,,,,,,,,,,,,,,,,,,,,,,,,,,,,,,,,,,,,,,,,,,,,
,33,6500,3,,,,,,,,,,,,,,,,,,,,,,,,,,,,,,,,,,,,,,,,,,,,,,,,,,,,,,,
,33,6600,1,,,,,,,,,,,,,,,,,,,,,,,,,,,,,,,,,,,,,,,,,,,,,,,,,,,,,,,
,33,6600,2,,,,,,,,,,,,,,,,,,,,,,,,,,,,,,,,,,,,,,,,,,,,,,,,,,,,,,,
,33,6700,1,,,,,,,,,,,,,,,,,,,,,,,,,,,,,,,,,,,,,,,,,,,,,,,,,,,,,,,
,33,6700,2,,,,,,,,,,,,,,,,,,,,,,,,,,,,,,,,,,,,,,,,,,,,,,,,,,,,,,,
,33,6700,3,,,,,,,,,,,,,,,,,,,,,,,,,,,,,,,,,,,,,,,,,,,,,,,,,,,,,,,
,33,6700,4,,,,,,,,,,,,,,,,,,,,,,,,,,,,,,,,,,,,,,,,,,,,,,,,,,,,,,,
,33,6800,1,,,,,,,,,,,,,,,,,,,,,,,,,,,,,,,,,,,,,,,,,,,,,,,,,,,,,,,
,33,6800,2,,,,,,,,,,,,,,,,,,,,,,,,,,,,,,,,,,,,,,,,,,,,,,,,,,,,,,,
,33,6900,1,,,,,,,,,,,,,,,,,,,,,,,,,,,,,,,,,,,,,,,,,,,,,,,,,,,,,,,
,33,6900,2,,,,,,,,,,,,,,,,,,,,,,,,,,,,,,,,,,,,,,,,,,,,,,,,,,,,,,,
,33,6900,3,,,,,,,,,,,,,,,,,,,,,,,,,,,,,,,,,,,,,,,,,,,,,,,,,,,,,,,
,33,6900,4,,,,,,,,,,,,,,,,,,,,,,,,,,,,,,,,,,,,,,,,,,,,,,,,,,,,,,,
,33,7000,1,,,,,,,,,,,,,,,,,,,,,,,,,,,,,,,,,,,,,,,,,,,,,,,,,,,,,,,
,33,7000,2,,,,,,,,,,,,,,,,,,,,,,,,,,,,,,,,,,,,,,,,,,,,,,,,,,,,,,,
,33,7000,3,,,,,,,,,,,,,,,,,,,,,,,,,,,,,,,,,,,,,,,,,,,,,,,,,,,,,,,
,33,7000,4,,,,,,,,,,,,,,,,,,,,,,,,,,,,,,,,,,,,,,,,,,,,,,,,,,,,,,,
,33,7000,5,,,,,,,,,,,,,,,,,,,,,,,,,,,,,,,,,,,,,,,,,,,,,,,,,,,,,,,
,33,7000,6,,,,,,,,,,,,,,,,,,,,,,,,,,,,,,,,,,,,,,,,,,,,,,,,,,,,,,,
,33,7100,1,,,,,,,,,,,,,,,,,,,,,,,,,,,,,,,,,,,,,,,,,,,,,,,,,,,,,,,
,33,7100,2,,,,,,,,,,,,,,,,,,,,,,,,,,,,,,,,,,,,,,,,,,,,,,,,,,,,,,,
,33,7200,1,,,,,,,,,,,,,,,,,,,,,,,,,,,,,,,,,,,,,,,,,,,,,,,,,,,,,,,
,33,7200,2,,,,,,,,,,,,,,,,,,,,,,,,,,,,,,,,,,,,,,,,,,,,,,,,,,,,,,,
,33,7200,3,,,,,,,,,,,,,,,,,,,,,,,,,,,,,,,,,,,,,,,,,,,,,,,,,,,,,,,
,33,7300,1,,,,,,,,,,,,,,,,,,,,,,,,,,,,,,,,,,,,,,,,,,,,,,,,,,,,,,,
,33,7300,2,,,,,,,,,,,,,,,,,,,,,,,,,,,,,,,,,,,,,,,,,,,,,,,,,,,,,,,
,33,7300,3,,,,,,,,,,,,,,,,,,,,,,,,,,,,,,,,,,,,,,,,,,,,,,,,,,,,,,,
,33,7401,1,,,,,,,,,,,,,,,,,,,,,,,,,,,,,,,,,,,,,,,,,,,,,,,,,,,,,,,
,33,7401,2,,,,,,,,,,,,,,,,,,,,,,,,,,,,,,,,,,,,,,,,,,,,,,,,,,,,,,,
,33,7401,3,,,,,,,,,,,,,,,,,,,,,,,,,,,,,,,,,,,,,,,,,,,,,,,,,,,,,,,
,33,7401,4,,,,,,,,,,,,,,,,,,,,,,,,,,,,,,,,,,,,,,,,,,,,,,,,,,,,,,,
,33,7402,1,,,,,,,,,,,,,,,,,,,,,,,,,,,,,,,,,,,,,,,,,,,,,,,,,,,,,,,
,33,7402,2,,,,,,,,,,,,,,,,,,,,,,,,,,,,,,,,,,,,,,,,,,,,,,,,,,,,,,,
,33,7402,3,,,,,,,,,,,,,,,,,,,,,,,,,,,,,,,,,,,,,,,,,,,,,,,,,,,,,,,
,33,7500,1,,,,,,,,,,,,,,,,,,,,,,,,,,,,,,,,,,,,,,,,,,,,,,,,,,,,,,,
,33,7500,2,,,,,,,,,,,,,,,,,,,,,,,,,,,,,,,,,,,,,,,,,,,,,,,,,,,,,,,
,33,7500,3,,,,,,,,,,,,,,,,,,,,,,,,,,,,,,,,,,,,,,,,,,,,,,,,,,,,,,,
,33,7500,4,,,,,,,,,,,,,,,,,,,,,,,,,,,,,,,,,,,,,,,,,,,,,,,,,,,,,,,
,33,7500,5,,,,,,,,,,,,,,,,,,,,,,,,,,,,,,,,,,,,,,,,,,,,,,,,,,,,,,,
,33,7600,1,,,,,,,,,,,,,,,,,,,,,,,,,,,,,,,,,,,,,,,,,,,,,,,,,,,,,,,
,33,7600,2,,,,,,,,,,,,,,,,,,,,,,,,,,,,,,,,,,,,,,,,,,,,,,,,,,,,,,,
,33,7600,3,,,,,,,,,,,,,,,,,,,,,,,,,,,,,,,,,,,,,,,,,,,,,,,,,,,,,,,
,33,7700,1,,,,,,,,,,,,,,,,,,,,,,,,,,,,,,,,,,,,,,,,,,,,,,,,,,,,,,,
,33,7700,2,,,,,,,,,,,,,,,,,,,,,,,,,,,,,,,,,,,,,,,,,,,,,,,,,,,,,,,
,33,7700,3,,,,,,,,,,,,,,,,,,,,,,,,,,,,,,,,,,,,,,,,,,,,,,,,,,,,,,,
,33,7700,4,,,,,,,,,,,,,,,,,,,,,,,,,,,,,,,,,,,,,,,,,,,,,,,,,,,,,,,
,33,7800,1,,,,,,,,,,,,,,,,,,,,,,,,,,,,,,,,,,,,,,,,,,,,,,,,,,,,,,,
,33,7800,2,,,,,,,,,,,,,,,,,,,,,,,,,,,,,,,,,,,,,,,,,,,,,,,,,,,,,,,
,33,7800,3,,,,,,,,,,,,,,,,,,,,,,,,,,,,,,,,,,,,,,,,,,,,,,,,,,,,,,,
,33,7800,4,,,,,,,,,,,,,,,,,,,,,,,,,,,,,,,,,,,,,,,,,,,,,,,,,,,,,,,
,33,7900,1,,,,,,,,,,,,,,,,,,,,,,,,,,,,,,,,,,,,,,,,,,,,,,,,,,,,,,,
,33,7900,2,,,,,,,,,,,,,,,,,,,,,,,,,,,,,,,,,,,,,,,,,,,,,,,,,,,,,,,
,33,7900,3,,,,,,,,,,,,,,,,,,,,,,,,,,,,,,,,,,,,,,,,,,,,,,,,,,,,,,,
,33,7900,4,,,,,,,,,,,,,,,,,,,,,,,,,,,,,,,,,,,,,,,,,,,,,,,,,,,,,,,
,33,7900,5,,,,,,,,,,,,,,,,,,,,,,,,,,,,,,,,,,,,,,,,,,,,,,,,,,,,,,,
,33,8001,1,,,,,,,,,,,,,,,,,,,,,,,,,,,,,,,,,,,,,,,,,,,,,,,,,,,,,,,
,33,8001,2,,,,,,,,,,,,,,,,,,,,,,,,,,,,,,,,,,,,,,,,,,,,,,,,,,,,,,,
,33,8001,3,,,,,,,,,,,,,,,,,,,,,,,,,,,,,,,,,,,,,,,,,,,,,,,,,,,,,,,
,33,8001,4,,,,,,,,,,,,,,,,,,,,,,,,,,,,,,,,,,,,,,,,,,,,,,,,,,,,,,,
,33,8001,5,,,,,,,,,,,,,,,,,,,,,,,,,,,,,,,,,,,,,,,,,,,,,,,,,,,,,,,
,33,8002,1,,,,,,,,,,,,,,,,,,,,,,,,,,,,,,,,,,,,,,,,,,,,,,,,,,,,,,,
,33,8002,2,,,,,,,,,,,,,,,,,,,,,,,,,,,,,,,,,,,,,,,,,,,,,,,,,,,,,,,
,33,8100,1,,,,,,,,,,,,,,,,,,,,,,,,,,,,,,,,,,,,,,,,,,,,,,,,,,,,,,,
,33,8100,2,,,,,,,,,,,,,,,,,,,,,,,,,,,,,,,,,,,,,,,,,,,,,,,,,,,,,,,
,33,8100,3,,,,,,,,,,,,,,,,,,,,,,,,,,,,,,,,,,,,,,,,,,,,,,,,,,,,,,,
,33,8200,1,,,,,,,,,,,,,,,,,,,,,,,,,,,,,,,,,,,,,,,,,,,,,,,,,,,,,,,
,33,8200,2,,,,,,,,,,,,,,,,,,,,,,,,,,,,,,,,,,,,,,,,,,,,,,,,,,,,,,,
,33,8200,3,,,,,,,,,,,,,,,,,,,,,,,,,,,,,,,,,,,,,,,,,,,,,,,,,,,,,,,
,33,8300,1,,,,,,,,,,,,,,,,,,,,,,,,,,,,,,,,,,,,,,,,,,,,,,,,,,,,,,,
,33,8300,2,,,,,,,,,,,,,,,,,,,,,,,,,,,,,,,,,,,,,,,,,,,,,,,,,,,,,,,
,33,8400,1,,,,,,,,,,,,,,,,,,,,,,,,,,,,,,,,,,,,,,,,,,,,,,,,,,,,,,,
,33,8400,2,,,,,,,,,,,,,,,,,,,,,,,,,,,,,,,,,,,,,,,,,,,,,,,,,,,,,,,
,33,8400,3,,,,,,,,,,,,,,,,,,,,,,,,,,,,,,,,,,,,,,,,,,,,,,,,,,,,,,,
,33,8500,1,,,,,,,,,,,,,,,,,,,,,,,,,,,,,,,,,,,,,,,,,,,,,,,,,,,,,,,
,33,8500,2,,,,,,,,,,,,,,,,,,,,,,,,,,,,,,,,,,,,,,,,,,,,,,,,,,,,,,,
,33,8500,3,,,,,,,,,,,,,,,,,,,,,,,,,,,,,,,,,,,,,,,,,,,,,,,,,,,,,,,
,33,8600,1,,,,,,,,,,,,,,,,,,,,,,,,,,,,,,,,,,,,,,,,,,,,,,,,,,,,,,,
,33,8600,2,,,,,,,,,,,,,,,,,,,,,,,,,,,,,,,,,,,,,,,,,,,,,,,,,,,,,,,
,33,8600,3,,,,,,,,,,,,,,,,,,,,,,,,,,,,,,,,,,,,,,,,,,,,,,,,,,,,,,,
,33,8700,1,,,,,,,,,,,,,,,,,,,,,,,,,,,,,,,,,,,,,,,,,,,,,,,,,,,,,,,
,33,8700,2,,,,,,,,,,,,,,,,,,,,,,,,,,,,,,,,,,,,,,,,,,,,,,,,,,,,,,,
,33,8700,3,,,,,,,,,,,,,,,,,,,,,,,,,,,,,,,,,,,,,,,,,,,,,,,,,,,,,,,
,33,8800,1,,,,,,,,,,,,,,,,,,,,,,,,,,,,,,,,,,,,,,,,,,,,,,,,,,,,,,,
,33,8800,2,,,,,,,,,,,,,,,,,,,,,,,,,,,,,,,,,,,,,,,,,,,,,,,,,,,,,,,
,33,8800,3,,,,,,,,,,,,,,,,,,,,,,,,,,,,,,,,,,,,,,,,,,,,,,,,,,,,,,,
,33,8900,1,,,,,,,,,,,,,,,,,,,,,,,,,,,,,,,,,,,,,,,,,,,,,,,,,,,,,,,
,33,8900,2,,,,,,,,,,,,,,,,,,,,,,,,,,,,,,,,,,,,,,,,,,,,,,,,,,,,,,,
,33,8900,3,,,,,,,,,,,,,,,,,,,,,,,,,,,,,,,,,,,,,,,,,,,,,,,,,,,,,,,
,33,8900,4,,,,,,,,,,,,,,,,,,,,,,,,,,,,,,,,,,,,,,,,,,,,,,,,,,,,,,,
,33,9000,1,,,,,,,,,,,,,,,,,,,,,,,,,,,,,,,,,,,,,,,,,,,,,,,,,,,,,,,
,33,9000,2,,,,,,,,,,,,,,,,,,,,,,,,,,,,,,,,,,,,,,,,,,,,,,,,,,,,,,,
,33,9100,1,,,,,,,,,,,,,,,,,,,,,,,,,,,,,,,,,,,,,,,,,,,,,,,,,,,,,,,
,33,9100,2,,,,,,,,,,,,,,,,,,,,,,,,,,,,,,,,,,,,,,,,,,,,,,,,,,,,,,,
,33,9200,1,,,,,,,,,,,,,,,,,,,,,,,,,,,,,,,,,,,,,,,,,,,,,,,,,,,,,,,
,33,9200,2,,,,,,,,,,,,,,,,,,,,,,,,,,,,,,,,,,,,,,,,,,,,,,,,,,,,,,,
,33,9300,1,,,,,,,,,,,,,,,,,,,,,,,,,,,,,,,,,,,,,,,,,,,,,,,,,,,,,,,
,33,9300,2,,,,,,,,,,,,,,,,,,,,,,,,,,,,,,,,,,,,,,,,,,,,,,,,,,,,,,,
,33,9300,3,,,,,,,,,,,,,,,,,,,,,,,,,,,,,,,,,,,,,,,,,,,,,,,,,,,,,,,
,33,9400,1,,,,,,,,,,,,,,,,,,,,,,,,,,,,,,,,,,,,,,,,,,,,,,,,,,,,,,,
,33,9400,2,,,,,,,,,,,,,,,,,,,,,,,,,,,,,,,,,,,,,,,,,,,,,,,,,,,,,,,
,33,9400,3,,,,,,,,,,,,,,,,,,,,,,,,,,,,,,,,,,,,,,,,,,,,,,,,,,,,,,,
,33,9400,4,,,,,,,,,,,,,,,,,,,,,,,,,,,,,,,,,,,,,,,,,,,,,,,,,,,,,,,
,33,9400,5,,,,,,,,,,,,,,,,,,,,,,,,,,,,,,,,,,,,,,,,,,,,,,,,,,,,,,,
,33,9500,1,,,,,,,,,,,,,,,,,,,,,,,,,,,,,,,,,,,,,,,,,,,,,,,,,,,,,,,
,33,9500,2,,,,,,,,,,,,,,,,,,,,,,,,,,,,,,,,,,,,,,,,,,,,,,,,,,,,,,,
,33,9500,3,,,,,,,,,,,,,,,,,,,,,,,,,,,,,,,,,,,,,,,,,,,,,,,,,,,,,,,
,33,9500,4,,,,,,,,,,,,,,,,,,,,,,,,,,,,,,,,,,,,,,,,,,,,,,,,,,,,,,,
,33,9600,1,,,,,,,,,,,,,,,,,,,,,,,,,,,,,,,,,,,,,,,,,,,,,,,,,,,,,,,
,33,9600,2,,,,,,,,,,,,,,,,,,,,,,,,,,,,,,,,,,,,,,,,,,,,,,,,,,,,,,,
,33,9600,3,,,,,,,,,,,,,,,,,,,,,,,,,,,,,,,,,,,,,,,,,,,,,,,,,,,,,,,
,33,9600,4,,,,,,,,,,,,,,,,,,,,,,,,,,,,,,,,,,,,,,,,,,,,,,,,,,,,,,,
,33,9600,5,,,,,,,,,,,,,,,,,,,,,,,,,,,,,,,,,,,,,,,,,,,,,,,,,,,,,,,
,33,9701,1,,,,,,,,,,,,,,,,,,,,,,,,,,,,,,,,,,,,,,,,,,,,,,,,,,,,,,,
,33,9701,2,,,,,,,,,,,,,,,,,,,,,,,,,,,,,,,,,,,,,,,,,,,,,,,,,,,,,,,
,33,9701,3,,,,,,,,,,,,,,,,,,,,,,,,,,,,,,,,,,,,,,,,,,,,,,,,,,,,,,,
,33,9701,4,,,,,,,,,,,,,,,,,,,,,,,,,,,,,,,,,,,,,,,,,,,,,,,,,,,,,,,
,33,9702,1,,,,,,,,,,,,,,,,,,,,,,,,,,,,,,,,,,,,,,,,,,,,,,,,,,,,,,,
,33,9702,2,,,,,,,,,,,,,,,,,,,,,,,,,,,,,,,,,,,,,,,,,,,,,,,,,,,,,,,
,33,9702,3,,,,,,,,,,,,,,,,,,,,,,,,,,,,,,,,,,,,,,,,,,,,,,,,,,,,,,,
,33,9702,4,,,,,,,,,,,,,,,,,,,,,,,,,,,,,,,,,,,,,,,,,,,,,,,,,,,,,,,
,33,9702,5,,,,,,,,,,,,,,,,,,,,,,,,,,,,,,,,,,,,,,,,,,,,,,,,,,,,,,,
,33,9800,1,,,,,,,,,,,,,,,,,,,,,,,,,,,,,,,,,,,,,,,,,,,,,,,,,,,,,,,
,33,9800,2,,,,,,,,,,,,,,,,,,,,,,,,,,,,,,,,,,,,,,,,,,,,,,,,,,,,,,,
,33,9800,3,,,,,,,,,,,,,,,,,,,,,,,,,,,,,,,,,,,,,,,,,,,,,,,,,,,,,,,
,33,9800,4,,,,,,,,,,,,,,,,,,,,,,,,,,,,,,,,,,,,,,,,,,,,,,,,,,,,,,,
,33,9800,5,,,,,,,,,,,,,,,,,,,,,,,,,,,,,,,,,,,,,,,,,,,,,,,,,,,,,,,
,33,9900,1,,,,,,,,,,,,,,,,,,,,,,,,,,,,,,,,,,,,,,,,,,,,,,,,,,,,,,,
,33,9900,2,,,,,,,,,,,,,,,,,,,,,,,,,,,,,,,,,,,,,,,,,,,,,,,,,,,,,,,
,33,9900,3,,,,,,,,,,,,,,,,,,,,,,,,,,,,,,,,,,,,,,,,,,,,,,,,,,,,,,,
,33,9900,4,,,,,,,,,,,,,,,,,,,,,,,,,,,,,,,,,,,,,,,,,,,,,,,,,,,,,,,
,33,10001,1,,,,,,,,,,,,,,,,,,,,,,,,,,,,,,,,,,,,,,,,,,,,,,,,,,,,,,,
,33,10001,2,,,,,,,,,,,,,,,,,,,,,,,,,,,,,,,,,,,,,,,,,,,,,,,,,,,,,,,
,33,10001,3,,,,,,,,,,,,,,,,,,,,,,,,,,,,,,,,,,,,,,,,,,,,,,,,,,,,,,,
,33,10002,1,,,,,,,,,,,,,,,,,,,,,,,,,,,,,,,,,,,,,,,,,,,,,,,,,,,,,,,
,33,10002,2,,,,,,,,,,,,,,,,,,,,,,,,,,,,,,,,,,,,,,,,,,,,,,,,,,,,,,,
,33,10002,3,,,,,,,,,,,,,,,,,,,,,,,,,,,,,,,,,,,,,,,,,,,,,,,,,,,,,,,
,33,10002,4,,,,,,,,,,,,,,,,,,,,,,,,,,,,,,,,,,,,,,,,,,,,,,,,,,,,,,,
,33,10100,1,,,,,,,,,,,,,,,,,,,,,,,,,,,,,,,,,,,,,,,,,,,,,,,,,,,,,,,
,33,10100,2,,,,,,,,,,,,,,,,,,,,,,,,,,,,,,,,,,,,,,,,,,,,,,,,,,,,,,,
,33,10100,3,,,,,,,,,,,,,,,,,,,,,,,,,,,,,,,,,,,,,,,,,,,,,,,,,,,,,,,
,33,10100,4,,,,,,,,,,,,,,,,,,,,,,,,,,,,,,,,,,,,,,,,,,,,,,,,,,,,,,,
,33,10100,5,,,,,,,,,,,,,,,,,,,,,,,,,,,,,,,,,,,,,,,,,,,,,,,,,,,,,,,
,33,10200,1,,,,,,,,,,,,,,,,,,,,,,,,,,,,,,,,,,,,,,,,,,,,,,,,,,,,,,,
,33,10200,2,,,,,,,,,,,,,,,,,,,,,,,,,,,,,,,,,,,,,,,,,,,,,,,,,,,,,,,
,33,10200,3,,,,,,,,,,,,,,,,,,,,,,,,,,,,,,,,,,,,,,,,,,,,,,,,,,,,,,,
,33,10200,4,,,,,,,,,,,,,,,,,,,,,,,,,,,,,,,,,,,,,,,,,,,,,,,,,,,,,,,
,33,10300,1,,,,,,,,,,,,,,,,,,,,,,,,,,,,,,,,,,,,,,,,,,,,,,,,,,,,,,,
,33,10300,2,,,,,,,,,,,,,,,,,,,,,,,,,,,,,,,,,,,,,,,,,,,,,,,,,,,,,,,
,33,10300,3,,,,,,,,,,,,,,,,,,,,,,,,,,,,,,,,,,,,,,,,,,,,,,,,,,,,,,,
,33,10300,4,,,,,,,,,,,,,,,,,,,,,,,,,,,,,,,,,,,,,,,,,,,,,,,,,,,,,,,
,33,10300,5,,,,,,,,,,,,,,,,,,,,,,,,,,,,,,,,,,,,,,,,,,,,,,,,,,,,,,,
,33,10401,1,,,,,,,,,,,,,,,,,,,,,,,,,,,,,,,,,,,,,,,,,,,,,,,,,,,,,,,
,33,10401,2,,,,,,,,,,,,,,,,,,,,,,,,,,,,,,,,,,,,,,,,,,,,,,,,,,,,,,,
,33,10401,3,,,,,,,,,,,,,,,,,,,,,,,,,,,,,,,,,,,,,,,,,,,,,,,,,,,,,,,
,33,10402,1,,,,,,,,,,,,,,,,,,,,,,,,,,,,,,,,,,,,,,,,,,,,,,,,,,,,,,,
,33,10402,2,,,,,,,,,,,,,,,,,,,,,,,,,,,,,,,,,,,,,,,,,,,,,,,,,,,,,,,
,33,10402,3,,,,,,,,,,,,,,,,,,,,,,,,,,,,,,,,,,,,,,,,,,,,,,,,,,,,,,,
,33,10402,4,,,,,,,,,,,,,,,,,,,,,,,,,,,,,,,,,,,,,,,,,,,,,,,,,,,,,,,
,33,10500,1,,,,,,,,,,,,,,,,,,,,,,,,,,,,,,,,,,,,,,,,,,,,,,,,,,,,,,,
,33,10500,2,,,,,,,,,,,,,,,,,,,,,,,,,,,,,,,,,,,,,,,,,,,,,,,,,,,,,,,
,33,10500,3,,,,,,,,,,,,,,,,,,,,,,,,,,,,,,,,,,,,,,,,,,,,,,,,,,,,,,,
,33,10500,4,,,,,,,,,,,,,,,,,,,,,,,,,,,,,,,,,,,,,,,,,,,,,,,,,,,,,,,
,33,10500,5,,,,,,,,,,,,,,,,,,,,,,,,,,,,,,,,,,,,,,,,,,,,,,,,,,,,,,,
,33,10600,1,,,,,,,,,,,,,,,,,,,,,,,,,,,,,,,,,,,,,,,,,,,,,,,,,,,,,,,
,33,10600,2,,,,,,,,,,,,,,,,,,,,,,,,,,,,,,,,,,,,,,,,,,,,,,,,,,,,,,,
,33,10600,3,,,,,,,,,,,,,,,,,,,,,,,,,,,,,,,,,,,,,,,,,,,,,,,,,,,,,,,
,33,10600,4,,,,,,,,,,,,,,,,,,,,,,,,,,,,,,,,,,,,,,,,,,,,,,,,,,,,,,,
,33,10600,5,,,,,,,,,,,,,,,,,,,,,,,,,,,,,,,,,,,,,,,,,,,,,,,,,,,,,,,
,33,10600,6,,,,,,,,,,,,,,,,,,,,,,,,,,,,,,,,,,,,,,,,,,,,,,,,,,,,,,,
,33,10701,1,,,,,,,,,,,,,,,,,,,,,,,,,,,,,,,,,,,,,,,,,,,,,,,,,,,,,,,
,33,10701,2,,,,,,,,,,,,,,,,,,,,,,,,,,,,,,,,,,,,,,,,,,,,,,,,,,,,,,,
,33,10702,1,,,,,,,,,,,,,,,,,,,,,,,,,,,,,,,,,,,,,,,,,,,,,,,,,,,,,,,
,33,10702,2,,,,,,,,,,,,,,,,,,,,,,,,,,,,,,,,,,,,,,,,,,,,,,,,,,,,,,,
,33,10702,3,,,,,,,,,,,,,,,,,,,,,,,,,,,,,,,,,,,,,,,,,,,,,,,,,,,,,,,
,33,10800,1,,,,,,,,,,,,,,,,,,,,,,,,,,,,,,,,,,,,,,,,,,,,,,,,,,,,,,,
,33,10800,2,,,,,,,,,,,,,,,,,,,,,,,,,,,,,,,,,,,,,,,,,,,,,,,,,,,,,,,
,33,10800,3,,,,,,,,,,,,,,,,,,,,,,,,,,,,,,,,,,,,,,,,,,,,,,,,,,,,,,,
,33,10900,1,,,,,,,,,,,,,,,,,,,,,,,,,,,,,,,,,,,,,,,,,,,,,,,,,,,,,,,
,33,10900,2,,,,,,,,,,,,,,,,,,,,,,,,,,,,,,,,,,,,,,,,,,,,,,,,,,,,,,,
,33,11001,1,,,,,,,,,,,,,,,,,,,,,,,,,,,,,,,,,,,,,,,,,,,,,,,,,,,,,,,
,33,11001,2,,,,,,,,,,,,,,,,,,,,,,,,,,,,,,,,,,,,,,,,,,,,,,,,,,,,,,,
,33,11001,3,,,,,,,,,,,,,,,,,,,,,,,,,,,,,,,,,,,,,,,,,,,,,,,,,,,,,,,
,33,11002,1,,,,,,,,,,,,,,,,,,,,,,,,,,,,,,,,,,,,,,,,,,,,,,,,,,,,,,,
,33,11002,2,,,,,,,,,,,,,,,,,,,,,,,,,,,,,,,,,,,,,,,,,,,,,,,,,,,,,,,
,33,11002,3,,,,,,,,,,,,,,,,,,,,,,,,,,,,,,,,,,,,,,,,,,,,,,,,,,,,,,,
,33,11101,1,,,,,,,,,,,,,,,,,,,,,,,,,,,,,,,,,,,,,,,,,,,,,,,,,,,,,,,
,33,11101,2,,,,,,,,,,,,,,,,,,,,,,,,,,,,,,,,,,,,,,,,,,,,,,,,,,,,,,,
,33,11101,3,,,,,,,,,,,,,,,,,,,,,,,,,,,,,,,,,,,,,,,,,,,,,,,,,,,,,,,
,33,11101,4,,,,,,,,,,,,,,,,,,,,,,,,,,,,,,,,,,,,,,,,,,,,,,,,,,,,,,,
,33,11102,1,,,,,,,,,,,,,,,,,,,,,,,,,,,,,,,,,,,,,,,,,,,,,,,,,,,,,,,
,33,11102,2,,,,,,,,,,,,,,,,,,,,,,,,,,,,,,,,,,,,,,,,,,,,,,,,,,,,,,,
,33,11102,3,,,,,,,,,,,,,,,,,,,,,,,,,,,,,,,,,,,,,,,,,,,,,,,,,,,,,,,
,33,11102,4,,,,,,,,,,,,,,,,,,,,,,,,,,,,,,,,,,,,,,,,,,,,,,,,,,,,,,,
,33,11200,1,,,,,,,,,,,,,,,,,,,,,,,,,,,,,,,,,,,,,,,,,,,,,,,,,,,,,,,
,33,11200,2,,,,,,,,,,,,,,,,,,,,,,,,,,,,,,,,,,,,,,,,,,,,,,,,,,,,,,,
,33,11200,3,,,,,,,,,,,,,,,,,,,,,,,,,,,,,,,,,,,,,,,,,,,,,,,,,,,,,,,
,33,11300,1,,,,,,,,,,,,,,,,,,,,,,,,,,,,,,,,,,,,,,,,,,,,,,,,,,,,,,,
,33,11300,2,,,,,,,,,,,,,,,,,,,,,,,,,,,,,,,,,,,,,,,,,,,,,,,,,,,,,,,
,33,11300,3,,,,,,,,,,,,,,,,,,,,,,,,,,,,,,,,,,,,,,,,,,,,,,,,,,,,,,,
,33,11300,4,,,,,,,,,,,,,,,,,,,,,,,,,,,,,,,,,,,,,,,,,,,,,,,,,,,,,,,
,33,11300,5,,,,,,,,,,,,,,,,,,,,,,,,,,,,,,,,,,,,,,,,,,,,,,,,,,,,,,,
,33,11401,1,,,,,,,,,,,,,,,,,,,,,,,,,,,,,,,,,,,,,,,,,,,,,,,,,,,,,,,
,33,11401,2,,,,,,,,,,,,,,,,,,,,,,,,,,,,,,,,,,,,,,,,,,,,,,,,,,,,,,,
,33,11401,3,,,,,,,,,,,,,,,,,,,,,,,,,,,,,,,,,,,,,,,,,,,,,,,,,,,,,,,
,33,11402,1,,,,,,,,,,,,,,,,,,,,,,,,,,,,,,,,,,,,,,,,,,,,,,,,,,,,,,,
,33,11402,2,,,,,,,,,,,,,,,,,,,,,,,,,,,,,,,,,,,,,,,,,,,,,,,,,,,,,,,
,33,11402,3,,,,,,,,,,,,,,,,,,,,,,,,,,,,,,,,,,,,,,,,,,,,,,,,,,,,,,,
,33,11500,1,,,,,,,,,,,,,,,,,,,,,,,,,,,,,,,,,,,,,,,,,,,,,,,,,,,,,,,
,33,11500,2,,,,,,,,,,,,,,,,,,,,,,,,,,,,,,,,,,,,,,,,,,,,,,,,,,,,,,,
,33,11500,3,,,,,,,,,,,,,,,,,,,,,,,,,,,,,,,,,,,,,,,,,,,,,,,,,,,,,,,
,33,11600,1,,,,,,,,,,,,,,,,,,,,,,,,,,,,,,,,,,,,,,,,,,,,,,,,,,,,,,,
,33,11600,2,,,,,,,,,,,,,,,,,,,,,,,,,,,,,,,,,,,,,,,,,,,,,,,,,,,,,,,
,33,11600,3,,,,,,,,,,,,,,,,,,,,,,,,,,,,,,,,,,,,,,,,,,,,,,,,,,,,,,,
,33,11600,4,,,,,,,,,,,,,,,,,,,,,,,,,,,,,,,,,,,,,,,,,,,,,,,,,,,,,,,
,33,11600,5,,,,,,,,,,,,,,,,,,,,,,,,,,,,,,,,,,,,,,,,,,,,,,,,,,,,,,,
,33,11600,6,,,,,,,,,,,,,,,,,,,,,,,,,,,,,,,,,,,,,,,,,,,,,,,,,,,,,,,
,33,11700,1,,,,,,,,,,,,,,,,,,,,,,,,,,,,,,,,,,,,,,,,,,,,,,,,,,,,,,,
,33,11700,2,,,,,,,,,,,,,,,,,,,,,,,,,,,,,,,,,,,,,,,,,,,,,,,,,,,,,,,
,33,11700,3,,,,,,,,,,,,,,,,,,,,,,,,,,,,,,,,,,,,,,,,,,,,,,,,,,,,,,,
,33,11700,4,,,,,,,,,,,,,,,,,,,,,,,,,,,,,,,,,,,,,,,,,,,,,,,,,,,,,,,
,33,11800,1,,,,,,,,,,,,,,,,,,,,,,,,,,,,,,,,,,,,,,,,,,,,,,,,,,,,,,,
,33,11800,2,,,,,,,,,,,,,,,,,,,,,,,,,,,,,,,,,,,,,,,,,,,,,,,,,,,,,,,
,33,11800,3,,,,,,,,,,,,,,,,,,,,,,,,,,,,,,,,,,,,,,,,,,,,,,,,,,,,,,,
,33,11800,4,,,,,,,,,,,,,,,,,,,,,,,,,,,,,,,,,,,,,,,,,,,,,,,,,,,,,,,
,33,11800,5,,,,,,,,,,,,,,,,,,,,,,,,,,,,,,,,,,,,,,,,,,,,,,,,,,,,,,,
,33,11800,6,,,,,,,,,,,,,,,,,,,,,,,,,,,,,,,,,,,,,,,,,,,,,,,,,,,,,,,
,33,11900,1,,,,,,,,,,,,,,,,,,,,,,,,,,,,,,,,,,,,,,,,,,,,,,,,,,,,,,,
,33,11900,2,,,,,,,,,,,,,,,,,,,,,,,,,,,,,,,,,,,,,,,,,,,,,,,,,,,,,,,
,33,11900,3,,,,,,,,,,,,,,,,,,,,,,,,,,,,,,,,,,,,,,,,,,,,,,,,,,,,,,,
,33,11900,4,,,,,,,,,,,,,,,,,,,,,,,,,,,,,,,,,,,,,,,,,,,,,,,,,,,,,,,
,33,11900,5,,,,,,,,,,,,,,,,,,,,,,,,,,,,,,,,,,,,,,,,,,,,,,,,,,,,,,,
,33,12000,1,,,,,,,,,,,,,,,,,,,,,,,,,,,,,,,,,,,,,,,,,,,,,,,,,,,,,,,
,33,12000,2,,,,,,,,,,,,,,,,,,,,,,,,,,,,,,,,,,,,,,,,,,,,,,,,,,,,,,,
,33,12000,3,,,,,,,,,,,,,,,,,,,,,,,,,,,,,,,,,,,,,,,,,,,,,,,,,,,,,,,
,33,12100,1,,,,,,,,,,,,,,,,,,,,,,,,,,,,,,,,,,,,,,,,,,,,,,,,,,,,,,,
,33,12100,2,,,,,,,,,,,,,,,,,,,,,,,,,,,,,,,,,,,,,,,,,,,,,,,,,,,,,,,
,33,26001,1,,,,,,,,,,,,,,,,,,,,,,,,,,,,,,,,,,,,,,,,,,,,,,,,,,,,,,,
,33,26400,4,,,,,,,,,,,,,,,,,,,,,,,,,,,,,,,,,,,,,,,,,,,,,,,,,,,,,,,
,33,26400,5,,,,,,,,,,,,,,,,,,,,,,,,,,,,,,,,,,,,,,,,,,,,,,,,,,,,,,,
,33,26500,1,,,,,,,,,,,,,,,,,,,,,,,,,,,,,,,,,,,,,,,,,,,,,,,,,,,,,,,
,33,990100,0,,,,,,,,,,,,,,,,,,,,,,,,,,,,,,,,,,,,,,,,,,,,,,,,,,,,,,,
